                                      1 ;--------------------------------------------------------
                                      2 ; File Created by SDCC : free open source ISO C Compiler
                                      3 ; Version 4.5.1 #15267 (Linux)
                                      4 ;--------------------------------------------------------
                                      5 	.module dandy_core
                                      6 	
                                      7 ;--------------------------------------------------------
                                      8 ; Public variables in this module
                                      9 ;--------------------------------------------------------
                                     10 	.globl _memset
                                     11 	.globl _hal_play_sound
                                     12 	.globl _hal_set_sprite
                                     13 	.globl _hal_clear_sprites
                                     14 	.globl _hal_update_hud
                                     15 	.globl _hal_draw_tile
                                     16 	.globl _is_dirty
                                     17 	.globl _arrow_dir
                                     18 	.globl _arrow_y
                                     19 	.globl _arrow_x
                                     20 	.globl _player_move_timer
                                     21 	.globl _player_dir
                                     22 	.globl _player_keys
                                     23 	.globl _player_bombs
                                     24 	.globl _player_score
                                     25 	.globl _player_health
                                     26 	.globl _player_y
                                     27 	.globl _player_x
                                     28 	.globl _local_player_idx
                                     29 	.globl _player_joined
                                     30 	.globl _monster_rotor
                                     31 	.globl _current_level
                                     32 	.globl _dandy_map
                                     33 	.globl _dandy_num_levels
                                     34 	.globl _delta_to_dir
                                     35 	.globl _buttons_to_dir
                                     36 	.globl _search_order
                                     37 	.globl _dir_delta_y
                                     38 	.globl _dir_delta_x
                                     39 	.globl _row_offsets
                                     40 	.globl _dandy_init
                                     41 	.globl _dandy_load_level
                                     42 	.globl _dandy_step
                                     43 	.globl _dandy_draw_viewport
                                     44 	.globl _dandy_join_player
                                     45 	.globl _dandy_is_player_joined
                                     46 ;--------------------------------------------------------
                                     47 ; special function registers
                                     48 ;--------------------------------------------------------
                                     49 	.area _HRAM
                                     50 ;--------------------------------------------------------
                                     51 ; ram data
                                     52 ;--------------------------------------------------------
                                     53 	.area _DATA
    00000000                         54 _dandy_map::
    00000000                         55 	.ds 1800
    00000708                         56 _current_level::
    00000708                         57 	.ds 1
    00000709                         58 _monster_rotor::
    00000709                         59 	.ds 1
    0000070A                         60 _player_joined::
    0000070A                         61 	.ds 4
    0000070E                         62 _local_player_idx::
    0000070E                         63 	.ds 1
    0000070F                         64 _player_x::
    0000070F                         65 	.ds 4
    00000713                         66 _player_y::
    00000713                         67 	.ds 4
    00000717                         68 _player_health::
    00000717                         69 	.ds 8
    0000071F                         70 _player_score::
    0000071F                         71 	.ds 8
    00000727                         72 _player_bombs::
    00000727                         73 	.ds 4
    0000072B                         74 _player_keys::
    0000072B                         75 	.ds 4
    0000072F                         76 _player_dir::
    0000072F                         77 	.ds 4
    00000733                         78 _player_move_timer::
    00000733                         79 	.ds 4
    00000737                         80 _arrow_x::
    00000737                         81 	.ds 4
    0000073B                         82 _arrow_y::
    0000073B                         83 	.ds 4
    0000073F                         84 _arrow_dir::
    0000073F                         85 	.ds 4
    00000743                         86 _is_dirty::
    00000743                         87 	.ds 1
    00000744                         88 _flood_stack_x:
    00000744                         89 	.ds 64
    00000784                         90 _flood_stack_y:
    00000784                         91 	.ds 64
    000007C4                         92 _do_player_buttons_old_buttons_10000_160:
    000007C4                         93 	.ds 4
    000007C8                         94 _move_monsters_rand_seed_80002_267:
    000007C8                         95 	.ds 2
                                     96 ;--------------------------------------------------------
                                     97 ; ram data
                                     98 ;--------------------------------------------------------
                                     99 	.area _INITIALIZED
    00000000                        100 _flood_stack_ptr:
    00000000                        101 	.ds 1
                                    102 ;--------------------------------------------------------
                                    103 ; absolute external ram data
                                    104 ;--------------------------------------------------------
                                    105 	.area _DABS (ABS)
                                    106 ;--------------------------------------------------------
                                    107 ; global & static initialisations
                                    108 ;--------------------------------------------------------
                                    109 	.area _HOME
                                    110 	.area _GSINIT
                                    111 	.area _GSFINAL
                                    112 	.area _GSINIT
                                    113 ;src/dandy_core.c:403: static uint8_t old_buttons[MAX_PLAYERS] = {0, 0, 0, 0};
    00000000 21rC4r07         [12]  114 	ld	hl, #_do_player_buttons_old_buttons_10000_160
    00000003 36 00            [12]  115 	ld	(hl), #0x00
    00000005 23               [ 8]  116 	inc	hl
    00000006 36 00            [12]  117 	ld	(hl), #0x00
    00000008 21rC6r07         [12]  118 	ld	hl, #_do_player_buttons_old_buttons_10000_160 + 2
    0000000B 36 00            [12]  119 	ld	(hl), #0x00
    0000000D 21rC7r07         [12]  120 	ld	hl, #_do_player_buttons_old_buttons_10000_160 + 3
    00000010 36 00            [12]  121 	ld	(hl), #0x00
                                    122 ;src/dandy_core.c:689: static uint16_t rand_seed = 0xACE1;
    00000012 21rC8r07         [12]  123 	ld	hl, #_move_monsters_rand_seed_80002_267
    00000015 36 E1            [12]  124 	ld	(hl), #0xe1
    00000017 23               [ 8]  125 	inc	hl
    00000018 36 AC            [12]  126 	ld	(hl), #0xac
                                    127 ;--------------------------------------------------------
                                    128 ; Home
                                    129 ;--------------------------------------------------------
                                    130 	.area _HOME
                                    131 	.area _HOME
                                    132 ;--------------------------------------------------------
                                    133 ; code
                                    134 ;--------------------------------------------------------
                                    135 	.area _CODE
                                    136 ;src/dandy_core.c:103: static void flood_push(uint8_t x, uint8_t y) {
                                    137 ;	---------------------------------
                                    138 ; Function flood_push
                                    139 ; ---------------------------------
    00000000                        140 _flood_push:
    00000000 4F               [ 4]  141 	ld	c, a
    00000001 43               [ 4]  142 	ld	b, e
                                    143 ;src/dandy_core.c:104: if (flood_stack_ptr < FLOOD_STACK_SIZE) {
    00000002 21r00r00         [12]  144 	ld	hl, #_flood_stack_ptr
    00000005 7E               [ 8]  145 	ld	a, (hl)
    00000006 EE 80            [ 8]  146 	xor	a, #0x80
    00000008 D6 C0            [ 8]  147 	sub	a, #0xc0
    0000000A D0               [20]  148 	ret	NC
                                    149 ;src/dandy_core.c:105: flood_stack_x[flood_stack_ptr] = x;
    0000000B 11r44r07         [12]  150 	ld	de, #_flood_stack_x+0
    0000000E E5               [16]  151 	push	hl
    0000000F 7E               [ 8]  152 	ld	a, (hl)
    00000010 E1               [12]  153 	pop	hl
    00000011 6F               [ 4]  154 	ld	l, a
    00000012 07               [ 4]  155 	rlca
    00000013 9F               [ 4]  156 	sbc	a, a
    00000014 67               [ 4]  157 	ld	h, a
    00000015 19               [ 8]  158 	add	hl, de
    00000016 71               [ 8]  159 	ld	(hl), c
                                    160 ;src/dandy_core.c:106: flood_stack_y[flood_stack_ptr] = y;
    00000017 11r84r07         [12]  161 	ld	de, #_flood_stack_y+0
    0000001A FAr00r00         [16]  162 	ld	a, (_flood_stack_ptr)
    0000001D 6F               [ 4]  163 	ld	l, a
    0000001E 07               [ 4]  164 	rlca
    0000001F 9F               [ 4]  165 	sbc	a, a
    00000020 67               [ 4]  166 	ld	h, a
    00000021 19               [ 8]  167 	add	hl, de
    00000022 70               [ 8]  168 	ld	(hl), b
                                    169 ;src/dandy_core.c:107: flood_stack_ptr++;
    00000023 21r00r00         [12]  170 	ld	hl, #_flood_stack_ptr
    00000026 34               [12]  171 	inc	(hl)
                                    172 ;src/dandy_core.c:109: }
    00000027 C9               [16]  173 	ret
    00000028                        174 _row_offsets:
    00000028 00 00                  175 	.dw #0x0000
    0000002A 3C 00                  176 	.dw #0x003c
    0000002C 78 00                  177 	.dw #0x0078
    0000002E B4 00                  178 	.dw #0x00b4
    00000030 F0 00                  179 	.dw #0x00f0
    00000032 2C 01                  180 	.dw #0x012c
    00000034 68 01                  181 	.dw #0x0168
    00000036 A4 01                  182 	.dw #0x01a4
    00000038 E0 01                  183 	.dw #0x01e0
    0000003A 1C 02                  184 	.dw #0x021c
    0000003C 58 02                  185 	.dw #0x0258
    0000003E 94 02                  186 	.dw #0x0294
    00000040 D0 02                  187 	.dw #0x02d0
    00000042 0C 03                  188 	.dw #0x030c
    00000044 48 03                  189 	.dw #0x0348
    00000046 84 03                  190 	.dw #0x0384
    00000048 C0 03                  191 	.dw #0x03c0
    0000004A FC 03                  192 	.dw #0x03fc
    0000004C 38 04                  193 	.dw #0x0438
    0000004E 74 04                  194 	.dw #0x0474
    00000050 B0 04                  195 	.dw #0x04b0
    00000052 EC 04                  196 	.dw #0x04ec
    00000054 28 05                  197 	.dw #0x0528
    00000056 64 05                  198 	.dw #0x0564
    00000058 A0 05                  199 	.dw #0x05a0
    0000005A DC 05                  200 	.dw #0x05dc
    0000005C 18 06                  201 	.dw #0x0618
    0000005E 54 06                  202 	.dw #0x0654
    00000060 90 06                  203 	.dw #0x0690
    00000062 CC 06                  204 	.dw #0x06cc
    00000064                        205 _dir_delta_x:
    00000064 00                     206 	.db #0x00	;  0
    00000065 01                     207 	.db #0x01	;  1
    00000066 01                     208 	.db #0x01	;  1
    00000067 01                     209 	.db #0x01	;  1
    00000068 00                     210 	.db #0x00	;  0
    00000069 FF                     211 	.db #0xff	; -1
    0000006A FF                     212 	.db #0xff	; -1
    0000006B FF                     213 	.db #0xff	; -1
    0000006C                        214 _dir_delta_y:
    0000006C FF                     215 	.db #0xff	; -1
    0000006D FF                     216 	.db #0xff	; -1
    0000006E 00                     217 	.db #0x00	;  0
    0000006F 01                     218 	.db #0x01	;  1
    00000070 01                     219 	.db #0x01	;  1
    00000071 01                     220 	.db #0x01	;  1
    00000072 00                     221 	.db #0x00	;  0
    00000073 FF                     222 	.db #0xff	; -1
    00000074                        223 _search_order:
    00000074 00                     224 	.db #0x00	;  0
    00000075 FF                     225 	.db #0xff	; -1
    00000076 01                     226 	.db #0x01	;  1
    00000077                        227 _buttons_to_dir:
    00000077 FF                     228 	.db #0xff	; -1
    00000078 06                     229 	.db #0x06	;  6
    00000079 02                     230 	.db #0x02	;  2
    0000007A FF                     231 	.db #0xff	; -1
    0000007B 00                     232 	.db #0x00	;  0
    0000007C 07                     233 	.db #0x07	;  7
    0000007D 01                     234 	.db #0x01	;  1
    0000007E 00                     235 	.db #0x00	;  0
    0000007F 04                     236 	.db #0x04	;  4
    00000080 05                     237 	.db #0x05	;  5
    00000081 03                     238 	.db #0x03	;  3
    00000082 04                     239 	.db #0x04	;  4
    00000083 FF                     240 	.db #0xff	; -1
    00000084 06                     241 	.db #0x06	;  6
    00000085 02                     242 	.db #0x02	;  2
    00000086 FF                     243 	.db #0xff	; -1
    00000087                        244 _delta_to_dir:
    00000087 07                     245 	.db #0x07	;  7
    00000088 00                     246 	.db #0x00	;  0
    00000089 01                     247 	.db #0x01	;  1
    0000008A 06                     248 	.db #0x06	;  6
    0000008B 00                     249 	.db #0x00	;  0
    0000008C 02                     250 	.db #0x02	;  2
    0000008D 05                     251 	.db #0x05	;  5
    0000008E 04                     252 	.db #0x04	;  4
    0000008F 03                     253 	.db #0x03	;  3
    00000090                        254 _dandy_num_levels:
    00000090 1A                     255 	.db #0x1a	; 26
                                    256 ;src/dandy_core.c:113: void dandy_init(void) {
                                    257 ;	---------------------------------
                                    258 ; Function dandy_init
                                    259 ; ---------------------------------
    00000091                        260 _dandy_init::
                                    261 ;src/dandy_core.c:114: current_level = 0;
    00000091 AF               [ 4]  262 	xor	a, a
    00000092 EAr08r07         [16]  263 	ld	(#_current_level),a
                                    264 ;src/dandy_core.c:115: player_joined[0] = true; // Player 1 is joined by default
    00000095 01r0Ar07         [12]  265 	ld	bc, #_player_joined+0
    00000098 3E 01            [ 8]  266 	ld	a, #0x01
    0000009A 02               [ 8]  267 	ld	(bc), a
                                    268 ;src/dandy_core.c:116: for (uint8_t p = 1; p < MAX_PLAYERS; ++p) {
    0000009B 1E 01            [ 8]  269 	ld	e, #0x01
    0000009D                        270 00104$:
    0000009D 7B               [ 4]  271 	ld	a, e
    0000009E D6 04            [ 8]  272 	sub	a, #0x04
    000000A0 30 09            [12]  273 	jr	NC, 00101$
                                    274 ;src/dandy_core.c:117: player_joined[p] = false;
    000000A2 6B               [ 4]  275 	ld	l, e
    000000A3 26 00            [ 8]  276 	ld	h, #0x00
    000000A5 09               [ 8]  277 	add	hl, bc
    000000A6 36 00            [12]  278 	ld	(hl), #0x00
                                    279 ;src/dandy_core.c:116: for (uint8_t p = 1; p < MAX_PLAYERS; ++p) {
    000000A8 1C               [ 4]  280 	inc	e
    000000A9 18 F2            [12]  281 	jr	00104$
    000000AB                        282 00101$:
                                    283 ;src/dandy_core.c:119: local_player_idx = 0;
                                    284 ;src/dandy_core.c:120: monster_rotor = 0;
    000000AB AF               [ 4]  285 	xor	a, a
    000000AC EAr0Er07         [16]  286 	ld	(#_local_player_idx), a
    000000AF EAr09r07         [16]  287 	ld	(#_monster_rotor),a
                                    288 ;src/dandy_core.c:122: for (uint8_t p = 0; p < MAX_PLAYERS; ++p) {
    000000B2 0E 00            [ 8]  289 	ld	c, #0x00
    000000B4                        290 00107$:
    000000B4 79               [ 4]  291 	ld	a, c
    000000B5 D6 04            [ 8]  292 	sub	a, #0x04
    000000B7 30 41            [12]  293 	jr	NC, 00102$
                                    294 ;src/dandy_core.c:123: player_score[p] = 0;
    000000B9 69               [ 4]  295 	ld	l, c
    000000BA 26 00            [ 8]  296 	ld	h, #0x00
    000000BC 29               [ 8]  297 	add	hl, hl
    000000BD 5D               [ 4]  298 	ld	e, l
    000000BE 54               [ 4]  299 	ld	d, h
    000000BF 21r1Fr07         [12]  300 	ld	hl, #_player_score
    000000C2 19               [ 8]  301 	add	hl, de
    000000C3 AF               [ 4]  302 	xor	a, a
    000000C4 22               [ 8]  303 	ld	(hl+), a
    000000C5 77               [ 8]  304 	ld	(hl), a
                                    305 ;src/dandy_core.c:124: player_health[p] = 100;
    000000C6 21r17r07         [12]  306 	ld	hl, #_player_health
    000000C9 19               [ 8]  307 	add	hl, de
    000000CA 3E 64            [ 8]  308 	ld	a, #0x64
    000000CC 22               [ 8]  309 	ld	(hl+), a
    000000CD 36 00            [12]  310 	ld	(hl), #0x00
                                    311 ;src/dandy_core.c:125: player_bombs[p] = 0;
    000000CF 21r27r07         [12]  312 	ld	hl, #_player_bombs
    000000D2 06 00            [ 8]  313 	ld	b, #0x00
    000000D4 09               [ 8]  314 	add	hl, bc
    000000D5 36 00            [12]  315 	ld	(hl), #0x00
                                    316 ;src/dandy_core.c:126: player_keys[p] = 0;
    000000D7 21r2Br07         [12]  317 	ld	hl, #_player_keys
    000000DA 06 00            [ 8]  318 	ld	b, #0x00
    000000DC 09               [ 8]  319 	add	hl, bc
    000000DD 36 00            [12]  320 	ld	(hl), #0x00
                                    321 ;src/dandy_core.c:127: player_dir[p] = 0;
    000000DF 21r2Fr07         [12]  322 	ld	hl, #_player_dir
    000000E2 06 00            [ 8]  323 	ld	b, #0x00
    000000E4 09               [ 8]  324 	add	hl, bc
    000000E5 36 00            [12]  325 	ld	(hl), #0x00
                                    326 ;src/dandy_core.c:128: player_move_timer[p] = 0;
    000000E7 21r33r07         [12]  327 	ld	hl, #_player_move_timer
    000000EA 06 00            [ 8]  328 	ld	b, #0x00
    000000EC 09               [ 8]  329 	add	hl, bc
    000000ED 36 00            [12]  330 	ld	(hl), #0x00
                                    331 ;src/dandy_core.c:129: arrow_dir[p] = -1;
    000000EF 21r3Fr07         [12]  332 	ld	hl, #_arrow_dir
    000000F2 06 00            [ 8]  333 	ld	b, #0x00
    000000F4 09               [ 8]  334 	add	hl, bc
    000000F5 36 FF            [12]  335 	ld	(hl), #0xff
                                    336 ;src/dandy_core.c:122: for (uint8_t p = 0; p < MAX_PLAYERS; ++p) {
    000000F7 0C               [ 4]  337 	inc	c
    000000F8 18 BA            [12]  338 	jr	00107$
    000000FA                        339 00102$:
                                    340 ;src/dandy_core.c:132: dandy_load_level(current_level);
    000000FA FAr08r07         [16]  341 	ld	a, (_current_level)
                                    342 ;src/dandy_core.c:133: }
    000000FD C3r00r01         [16]  343 	jp	_dandy_load_level
                                    344 ;src/dandy_core.c:135: void dandy_load_level(uint8_t level_idx) {
                                    345 ;	---------------------------------
                                    346 ; Function dandy_load_level
                                    347 ; ---------------------------------
    00000100                        348 _dandy_load_level::
    00000100 E8 F3            [16]  349 	add	sp, #-13
                                    350 ;src/dandy_core.c:136: if (level_idx >= DANDY_NUM_LEVELS) {
    00000102 4F               [ 4]  351 	ld	c, a
    00000103 D6 1A            [ 8]  352 	sub	a, #0x1a
    00000105 38 02            [12]  353 	jr	C, 00102$
                                    354 ;src/dandy_core.c:137: level_idx = DANDY_NUM_LEVELS - 1;
    00000107 0E 19            [ 8]  355 	ld	c, #0x19
    00000109                        356 00102$:
                                    357 ;src/dandy_core.c:142: memset(dandy_map, TILE_WALL, MAP_SIZE);
    00000109 11 08 07         [12]  358 	ld	de, #0x0708
    0000010C D5               [16]  359 	push	de
    0000010D 11 01 00         [12]  360 	ld	de, #0x0001
    00000110 D5               [16]  361 	push	de
    00000111 11r00r00         [12]  362 	ld	de, #_dandy_map
    00000114 D5               [16]  363 	push	de
    00000115 CDr00r00         [24]  364 	call	_memset
    00000118 E8 06            [16]  365 	add	sp, #6
                                    366 ;src/dandy_core.c:145: const uint8_t* src = dandy_levels[level_idx];
    0000011A AF               [ 4]  367 	xor	a, a
    0000011B 47               [ 4]  368 	ld	b, a
    0000011C CB 21            [ 8]  369 	sla	c
    0000011E CB 10            [ 8]  370 	rl	b
    00000120 21r00r00         [12]  371 	ld	hl, #_dandy_levels
    00000123 09               [ 8]  372 	add	hl, bc
    00000124 5D               [ 4]  373 	ld	e, l
    00000125 54               [ 4]  374 	ld	d, h
    00000126 1A               [ 8]  375 	ld	a, (de)
    00000127 F8 07            [12]  376 	ldhl	sp,	#7
    00000129 22               [ 8]  377 	ld	(hl+), a
    0000012A 13               [ 8]  378 	inc	de
    0000012B 1A               [ 8]  379 	ld	a, (de)
    0000012C 77               [ 8]  380 	ld	(hl), a
                                    381 ;src/dandy_core.c:146: const uint8_t* src_end = src + dandy_level_sizes[level_idx];
    0000012D 21r00r00         [12]  382 	ld	hl, #_dandy_level_sizes
    00000130 09               [ 8]  383 	add	hl, bc
    00000131 2A               [ 8]  384 	ld	a, (hl+)
    00000132 4F               [ 4]  385 	ld	c, a
    00000133 46               [ 8]  386 	ld	b, (hl)
    00000134 F8 07            [12]  387 	ldhl	sp,	#7
    00000136 2A               [ 8]  388 	ld	a,	(hl+)
    00000137 66               [ 8]  389 	ld	h, (hl)
    00000138 6F               [ 4]  390 	ld	l, a
    00000139 09               [ 8]  391 	add	hl, bc
    0000013A E5               [16]  392 	push	hl
    0000013B 7D               [ 4]  393 	ld	a, l
    0000013C F8 04            [12]  394 	ldhl	sp,	#4
    0000013E 77               [ 8]  395 	ld	(hl), a
    0000013F E1               [12]  396 	pop	hl
    00000140 7C               [ 4]  397 	ld	a, h
    00000141 F8 03            [12]  398 	ldhl	sp,	#3
                                    399 ;src/dandy_core.c:147: uint8_t bit_cache = 0;
    00000143 22               [ 8]  400 	ld	(hl+), a
    00000144 23               [ 8]  401 	inc	hl
                                    402 ;src/dandy_core.c:148: uint8_t bit_count = 0;
    00000145 AF               [ 4]  403 	xor	a, a
    00000146 22               [ 8]  404 	ld	(hl+), a
    00000147 77               [ 8]  405 	ld	(hl), a
                                    406 ;src/dandy_core.c:152: for (uint8_t y = 1; y <= 28; ++y) {
    00000148 F8 09            [12]  407 	ldhl	sp,	#9
    0000014A 36 01            [12]  408 	ld	(hl), #0x01
    0000014C                        409 00136$:
    0000014C 3E 1C            [ 8]  410 	ld	a, #0x1c
    0000014E F8 09            [12]  411 	ldhl	sp,	#9
    00000150 96               [ 8]  412 	sub	a, (hl)
    00000151 DArF3r02         [16]  413 	jp	C, 00130$
                                    414 ;src/dandy_core.c:155: uint8_t* dst = &dandy_map[row_offsets[y] + 1];
    00000154 2A               [ 8]  415 	ld	a, (hl+)
    00000155 23               [ 8]  416 	inc	hl
    00000156 22               [ 8]  417 	ld	(hl+), a
    00000157 AF               [ 4]  418 	xor	a, a
    00000158 32               [ 8]  419 	ld	(hl-), a
    00000159 7E               [ 8]  420 	ld	a, (hl)
    0000015A F8 00            [12]  421 	ldhl	sp,	#0
    0000015C 22               [ 8]  422 	ld	(hl+), a
    0000015D AF               [ 4]  423 	xor	a, a
    0000015E 32               [ 8]  424 	ld	(hl-), a
    0000015F CB 26            [16]  425 	sla	(hl)
    00000161 23               [ 8]  426 	inc	hl
    00000162 CB 16            [16]  427 	rl	(hl)
    00000164 D1               [12]  428 	pop	de
    00000165 D5               [16]  429 	push	de
    00000166 21r28r00         [12]  430 	ld	hl, #_row_offsets
    00000169 19               [ 8]  431 	add	hl, de
    0000016A E5               [16]  432 	push	hl
    0000016B 7D               [ 4]  433 	ld	a, l
    0000016C F8 0D            [12]  434 	ldhl	sp,	#13
    0000016E 77               [ 8]  435 	ld	(hl), a
    0000016F E1               [12]  436 	pop	hl
    00000170 7C               [ 4]  437 	ld	a, h
    00000171 F8 0C            [12]  438 	ldhl	sp,	#12
    00000173 32               [ 8]  439 	ld	(hl-), a
    00000174 2A               [ 8]  440 	ld	a, (hl+)
    00000175 5F               [ 4]  441 	ld	e, a
    00000176 56               [ 8]  442 	ld	d, (hl)
    00000177 1A               [ 8]  443 	ld	a, (de)
    00000178 4F               [ 4]  444 	ld	c, a
    00000179 13               [ 8]  445 	inc	de
    0000017A 1A               [ 8]  446 	ld	a, (de)
    0000017B 47               [ 4]  447 	ld	b, a
    0000017C 03               [ 8]  448 	inc	bc
    0000017D 21r00r00         [12]  449 	ld	hl, #_dandy_map
    00000180 09               [ 8]  450 	add	hl, bc
    00000181 4D               [ 4]  451 	ld	c, l
    00000182 7C               [ 4]  452 	ld	a, h
    00000183 F8 0A            [12]  453 	ldhl	sp,	#10
    00000185 71               [ 8]  454 	ld	(hl), c
    00000186 23               [ 8]  455 	inc	hl
                                    456 ;src/dandy_core.c:157: for (uint8_t x = 1; x <= 58; ++x) {
    00000187 22               [ 8]  457 	ld	(hl+), a
    00000188 36 01            [12]  458 	ld	(hl), #0x01
    0000018A                        459 00133$:
    0000018A 3E 3A            [ 8]  460 	ld	a, #0x3a
    0000018C F8 0C            [12]  461 	ldhl	sp,	#12
    0000018E 96               [ 8]  462 	sub	a, (hl)
    0000018F DArEDr02         [16]  463 	jp	C, 00137$
                                    464 ;src/dandy_core.c:159: if (bit_count == 0) {
    00000192 F8 06            [12]  465 	ldhl	sp,	#6
    00000194 7E               [ 8]  466 	ld	a, (hl)
    00000195 B7               [ 4]  467 	or	a, a
    00000196 20 22            [12]  468 	jr	NZ, 00104$
                                    469 ;src/dandy_core.c:160: bit_cache = (src < src_end) ? *src++ : 0;
    00000198 F8 07            [12]  470 	ldhl	sp,	#7
    0000019A 5D               [ 4]  471 	ld	e, l
    0000019B 54               [ 4]  472 	ld	d, h
    0000019C F8 02            [12]  473 	ldhl	sp,	#2
    0000019E 1A               [ 8]  474 	ld	a, (de)
    0000019F 13               [ 8]  475 	inc	de
    000001A0 96               [ 8]  476 	sub	a, (hl)
    000001A1 23               [ 8]  477 	inc	hl
    000001A2 1A               [ 8]  478 	ld	a, (de)
    000001A3 9E               [ 8]  479 	sbc	a, (hl)
    000001A4 30 0E            [12]  480 	jr	NC, 00143$
    000001A6 F8 07            [12]  481 	ldhl	sp,#7
    000001A8 2A               [ 8]  482 	ld	a, (hl+)
    000001A9 5F               [ 4]  483 	ld	e, a
    000001AA 3A               [ 8]  484 	ld	a, (hl-)
    000001AB 57               [ 4]  485 	ld	d, a
    000001AC 1A               [ 8]  486 	ld	a, (de)
    000001AD 34               [12]  487 	inc	(hl)
    000001AE 20 05            [12]  488 	jr	NZ, 00144$
    000001B0 23               [ 8]  489 	inc	hl
    000001B1 34               [12]  490 	inc	(hl)
    000001B2 18 01            [12]  491 	jr	00144$
    000001B4                        492 00143$:
    000001B4 AF               [ 4]  493 	xor	a, a
    000001B5                        494 00144$:
    000001B5 F8 05            [12]  495 	ldhl	sp,	#5
                                    496 ;src/dandy_core.c:161: bit_count = 8;
    000001B7 22               [ 8]  497 	ld	(hl+), a
    000001B8 36 08            [12]  498 	ld	(hl), #0x08
    000001BA                        499 00104$:
                                    500 ;src/dandy_core.c:168: bit_cache <<= 1;
    000001BA F8 05            [12]  501 	ldhl	sp,	#5
    000001BC 3A               [ 8]  502 	ld	a, (hl-)
    000001BD 87               [ 4]  503 	add	a, a
                                    504 ;src/dandy_core.c:169: bit_count--;
    000001BE 22               [ 8]  505 	ld	(hl+), a
    000001BF 23               [ 8]  506 	inc	hl
    000001C0 35               [12]  507 	dec	(hl)
                                    508 ;src/dandy_core.c:165: if ((bit_cache & 0x80) == 0) {
    000001C1 E5               [16]  509 	push	hl
    000001C2 2B               [ 8]  510 	dec	hl
    000001C3 CB 7E            [12]  511 	bit	7, (hl)
    000001C5 E1               [12]  512 	pop	hl
    000001C6 20 0E            [12]  513 	jr	NZ, 00127$
                                    514 ;src/dandy_core.c:167: *dst = TILE_SPACE;
    000001C8 F8 0A            [12]  515 	ldhl	sp,	#10
    000001CA 2A               [ 8]  516 	ld	a, (hl+)
    000001CB 66               [ 8]  517 	ld	h, (hl)
    000001CC 6F               [ 4]  518 	ld	l, a
    000001CD 36 00            [12]  519 	ld	(hl), #0x00
                                    520 ;src/dandy_core.c:168: bit_cache <<= 1;
    000001CF F8 04            [12]  521 	ldhl	sp,	#4
    000001D1 2A               [ 8]  522 	ld	a, (hl+)
    000001D2 77               [ 8]  523 	ld	(hl), a
                                    524 ;src/dandy_core.c:169: bit_count--;
    000001D3 C3rE0r02         [16]  525 	jp	00128$
    000001D6                        526 00127$:
                                    527 ;src/dandy_core.c:172: bit_cache <<= 1;
                                    528 ;src/dandy_core.c:173: bit_count--;
                                    529 ;src/dandy_core.c:175: if (bit_count == 0) {
    000001D6 F8 06            [12]  530 	ldhl	sp,	#6
    000001D8 7E               [ 8]  531 	ld	a, (hl)
    000001D9 B7               [ 4]  532 	or	a, a
    000001DA 20 2A            [12]  533 	jr	NZ, 00106$
                                    534 ;src/dandy_core.c:176: bit_cache = (src < src_end) ? *src++ : 0;
    000001DC F8 07            [12]  535 	ldhl	sp,	#7
    000001DE 5D               [ 4]  536 	ld	e, l
    000001DF 54               [ 4]  537 	ld	d, h
    000001E0 F8 02            [12]  538 	ldhl	sp,	#2
    000001E2 1A               [ 8]  539 	ld	a, (de)
    000001E3 13               [ 8]  540 	inc	de
    000001E4 96               [ 8]  541 	sub	a, (hl)
    000001E5 23               [ 8]  542 	inc	hl
    000001E6 1A               [ 8]  543 	ld	a, (de)
    000001E7 9E               [ 8]  544 	sbc	a, (hl)
    000001E8 30 10            [12]  545 	jr	NC, 00145$
    000001EA F8 07            [12]  546 	ldhl	sp,#7
    000001EC 2A               [ 8]  547 	ld	a, (hl+)
    000001ED 5F               [ 4]  548 	ld	e, a
    000001EE 3A               [ 8]  549 	ld	a, (hl-)
    000001EF 2B               [ 8]  550 	dec	hl
    000001F0 57               [ 4]  551 	ld	d, a
    000001F1 1A               [ 8]  552 	ld	a, (de)
    000001F2 22               [ 8]  553 	ld	(hl+), a
    000001F3 34               [12]  554 	inc	(hl)
    000001F4 20 08            [12]  555 	jr	NZ, 00146$
    000001F6 23               [ 8]  556 	inc	hl
    000001F7 34               [12]  557 	inc	(hl)
    000001F8 18 04            [12]  558 	jr	00146$
    000001FA                        559 00145$:
    000001FA F8 06            [12]  560 	ldhl	sp,	#6
    000001FC 36 00            [12]  561 	ld	(hl), #0x00
    000001FE                        562 00146$:
    000001FE F8 06            [12]  563 	ldhl	sp,	#6
    00000200 3A               [ 8]  564 	ld	a, (hl-)
    00000201 2B               [ 8]  565 	dec	hl
                                    566 ;src/dandy_core.c:177: bit_count = 8;
    00000202 22               [ 8]  567 	ld	(hl+), a
    00000203 23               [ 8]  568 	inc	hl
    00000204 36 08            [12]  569 	ld	(hl), #0x08
    00000206                        570 00106$:
                                    571 ;src/dandy_core.c:168: bit_cache <<= 1;
    00000206 F8 04            [12]  572 	ldhl	sp,	#4
    00000208 2A               [ 8]  573 	ld	a, (hl+)
    00000209 87               [ 4]  574 	add	a, a
                                    575 ;src/dandy_core.c:169: bit_count--;
    0000020A 22               [ 8]  576 	ld	(hl+), a
    0000020B 35               [12]  577 	dec	(hl)
                                    578 ;src/dandy_core.c:181: if ((bit_cache & 0x80) == 0) {
    0000020C E5               [16]  579 	push	hl
    0000020D 2B               [ 8]  580 	dec	hl
    0000020E 2B               [ 8]  581 	dec	hl
    0000020F CB 7E            [12]  582 	bit	7, (hl)
    00000211 E1               [12]  583 	pop	hl
    00000212 CArE0r02         [16]  584 	jp	Z, 00128$
                                    585 ;src/dandy_core.c:185: bit_cache <<= 1;
                                    586 ;src/dandy_core.c:186: bit_count--;
                                    587 ;src/dandy_core.c:189: bit_cache <<= 1;
                                    588 ;src/dandy_core.c:190: bit_count--;
                                    589 ;src/dandy_core.c:196: if (bit_count == 0) { bit_cache = (src < src_end) ? *src++ : 0; bit_count = 8; }
    00000215 F8 06            [12]  590 	ldhl	sp,	#6
    00000217 7E               [ 8]  591 	ld	a, (hl)
    00000218 B7               [ 4]  592 	or	a, a
    00000219 20 27            [12]  593 	jr	NZ, 00108$
    0000021B F8 07            [12]  594 	ldhl	sp,	#7
    0000021D 5D               [ 4]  595 	ld	e, l
    0000021E 54               [ 4]  596 	ld	d, h
    0000021F F8 02            [12]  597 	ldhl	sp,	#2
    00000221 1A               [ 8]  598 	ld	a, (de)
    00000222 13               [ 8]  599 	inc	de
    00000223 96               [ 8]  600 	sub	a, (hl)
    00000224 23               [ 8]  601 	inc	hl
    00000225 1A               [ 8]  602 	ld	a, (de)
    00000226 9E               [ 8]  603 	sbc	a, (hl)
    00000227 30 13            [12]  604 	jr	NC, 00147$
    00000229 F8 07            [12]  605 	ldhl	sp,#7
    0000022B 2A               [ 8]  606 	ld	a, (hl+)
    0000022C 5F               [ 4]  607 	ld	e, a
    0000022D 3A               [ 8]  608 	ld	a, (hl-)
    0000022E 2B               [ 8]  609 	dec	hl
    0000022F 57               [ 4]  610 	ld	d, a
    00000230 1A               [ 8]  611 	ld	a, (de)
    00000231 22               [ 8]  612 	ld	(hl+), a
    00000232 34               [12]  613 	inc	(hl)
    00000233 20 02            [12]  614 	jr	NZ, 00341$
    00000235 23               [ 8]  615 	inc	hl
    00000236 34               [12]  616 	inc	(hl)
    00000237                        617 00341$:
    00000237 F8 06            [12]  618 	ldhl	sp,	#6
    00000239 7E               [ 8]  619 	ld	a, (hl)
    0000023A 18 01            [12]  620 	jr	00148$
    0000023C                        621 00147$:
    0000023C AF               [ 4]  622 	xor	a, a
    0000023D                        623 00148$:
    0000023D F8 05            [12]  624 	ldhl	sp,	#5
    0000023F 22               [ 8]  625 	ld	(hl+), a
    00000240 36 08            [12]  626 	ld	(hl), #0x08
    00000242                        627 00108$:
                                    628 ;src/dandy_core.c:197: tile_id <<= 1; if (bit_cache & 0x80) tile_id |= 1; bit_cache <<= 1; bit_count--;
    00000242 0E 00            [ 8]  629 	ld	c, #0x00
    00000244 E5               [16]  630 	push	hl
    00000245 F8 07            [12]  631 	ldhl	sp,	#7
    00000247 CB 7E            [12]  632 	bit	7, (hl)
    00000249 E1               [12]  633 	pop	hl
    0000024A 28 02            [12]  634 	jr	Z, 00110$
    0000024C 0E 01            [ 8]  635 	ld	c, #0x01
    0000024E                        636 00110$:
    0000024E F8 05            [12]  637 	ldhl	sp,	#5
    00000250 2A               [ 8]  638 	ld	a, (hl+)
    00000251 87               [ 4]  639 	add	a, a
    00000252 5E               [ 8]  640 	ld	e, (hl)
    00000253 1D               [ 4]  641 	dec	e
    00000254 20 1F            [12]  642 	jr	NZ, 00112$
                                    643 ;src/dandy_core.c:200: if (bit_count == 0) { bit_cache = (src < src_end) ? *src++ : 0; bit_count = 8; }
    00000256 F8 07            [12]  644 	ldhl	sp,	#7
    00000258 5D               [ 4]  645 	ld	e, l
    00000259 54               [ 4]  646 	ld	d, h
    0000025A F8 02            [12]  647 	ldhl	sp,	#2
    0000025C 1A               [ 8]  648 	ld	a, (de)
    0000025D 13               [ 8]  649 	inc	de
    0000025E 96               [ 8]  650 	sub	a, (hl)
    0000025F 23               [ 8]  651 	inc	hl
    00000260 1A               [ 8]  652 	ld	a, (de)
    00000261 9E               [ 8]  653 	sbc	a, (hl)
    00000262 30 0E            [12]  654 	jr	NC, 00149$
    00000264 F8 07            [12]  655 	ldhl	sp,#7
    00000266 2A               [ 8]  656 	ld	a, (hl+)
    00000267 5F               [ 4]  657 	ld	e, a
    00000268 3A               [ 8]  658 	ld	a, (hl-)
    00000269 57               [ 4]  659 	ld	d, a
    0000026A 1A               [ 8]  660 	ld	a, (de)
    0000026B 34               [12]  661 	inc	(hl)
    0000026C 20 05            [12]  662 	jr	NZ, 00150$
    0000026E 23               [ 8]  663 	inc	hl
    0000026F 34               [12]  664 	inc	(hl)
    00000270 18 01            [12]  665 	jr	00150$
    00000272                        666 00149$:
    00000272 AF               [ 4]  667 	xor	a, a
    00000273                        668 00150$:
    00000273 1E 08            [ 8]  669 	ld	e, #0x08
    00000275                        670 00112$:
                                    671 ;src/dandy_core.c:201: tile_id <<= 1; if (bit_cache & 0x80) tile_id |= 1; bit_cache <<= 1; bit_count--;
    00000275 CB 21            [ 8]  672 	sla	c
    00000277 CB 7F            [ 8]  673 	bit	7, a
    00000279 28 02            [12]  674 	jr	Z, 00114$
    0000027B CB C1            [ 8]  675 	set	0, c
    0000027D                        676 00114$:
    0000027D 87               [ 4]  677 	add	a, a
    0000027E 1D               [ 4]  678 	dec	e
    0000027F 20 1F            [12]  679 	jr	NZ, 00116$
                                    680 ;src/dandy_core.c:204: if (bit_count == 0) { bit_cache = (src < src_end) ? *src++ : 0; bit_count = 8; }
    00000281 F8 07            [12]  681 	ldhl	sp,	#7
    00000283 5D               [ 4]  682 	ld	e, l
    00000284 54               [ 4]  683 	ld	d, h
    00000285 F8 02            [12]  684 	ldhl	sp,	#2
    00000287 1A               [ 8]  685 	ld	a, (de)
    00000288 13               [ 8]  686 	inc	de
    00000289 96               [ 8]  687 	sub	a, (hl)
    0000028A 23               [ 8]  688 	inc	hl
    0000028B 1A               [ 8]  689 	ld	a, (de)
    0000028C 9E               [ 8]  690 	sbc	a, (hl)
    0000028D 30 0E            [12]  691 	jr	NC, 00151$
    0000028F F8 07            [12]  692 	ldhl	sp,#7
    00000291 2A               [ 8]  693 	ld	a, (hl+)
    00000292 5F               [ 4]  694 	ld	e, a
    00000293 3A               [ 8]  695 	ld	a, (hl-)
    00000294 57               [ 4]  696 	ld	d, a
    00000295 1A               [ 8]  697 	ld	a, (de)
    00000296 34               [12]  698 	inc	(hl)
    00000297 20 05            [12]  699 	jr	NZ, 00152$
    00000299 23               [ 8]  700 	inc	hl
    0000029A 34               [12]  701 	inc	(hl)
    0000029B 18 01            [12]  702 	jr	00152$
    0000029D                        703 00151$:
    0000029D AF               [ 4]  704 	xor	a, a
    0000029E                        705 00152$:
    0000029E 1E 08            [ 8]  706 	ld	e, #0x08
    000002A0                        707 00116$:
                                    708 ;src/dandy_core.c:205: tile_id <<= 1; if (bit_cache & 0x80) tile_id |= 1; bit_cache <<= 1; bit_count--;
    000002A0 CB 21            [ 8]  709 	sla	c
    000002A2 CB 7F            [ 8]  710 	bit	7, a
    000002A4 28 02            [12]  711 	jr	Z, 00118$
    000002A6 CB C1            [ 8]  712 	set	0, c
    000002A8                        713 00118$:
    000002A8 87               [ 4]  714 	add	a, a
    000002A9 1D               [ 4]  715 	dec	e
    000002AA 20 1F            [12]  716 	jr	NZ, 00120$
                                    717 ;src/dandy_core.c:208: if (bit_count == 0) { bit_cache = (src < src_end) ? *src++ : 0; bit_count = 8; }
    000002AC F8 07            [12]  718 	ldhl	sp,	#7
    000002AE 5D               [ 4]  719 	ld	e, l
    000002AF 54               [ 4]  720 	ld	d, h
    000002B0 F8 02            [12]  721 	ldhl	sp,	#2
    000002B2 1A               [ 8]  722 	ld	a, (de)
    000002B3 13               [ 8]  723 	inc	de
    000002B4 96               [ 8]  724 	sub	a, (hl)
    000002B5 23               [ 8]  725 	inc	hl
    000002B6 1A               [ 8]  726 	ld	a, (de)
    000002B7 9E               [ 8]  727 	sbc	a, (hl)
    000002B8 30 0E            [12]  728 	jr	NC, 00153$
    000002BA F8 07            [12]  729 	ldhl	sp,#7
    000002BC 2A               [ 8]  730 	ld	a, (hl+)
    000002BD 5F               [ 4]  731 	ld	e, a
    000002BE 3A               [ 8]  732 	ld	a, (hl-)
    000002BF 57               [ 4]  733 	ld	d, a
    000002C0 1A               [ 8]  734 	ld	a, (de)
    000002C1 34               [12]  735 	inc	(hl)
    000002C2 20 05            [12]  736 	jr	NZ, 00154$
    000002C4 23               [ 8]  737 	inc	hl
    000002C5 34               [12]  738 	inc	(hl)
    000002C6 18 01            [12]  739 	jr	00154$
    000002C8                        740 00153$:
    000002C8 AF               [ 4]  741 	xor	a, a
    000002C9                        742 00154$:
    000002C9 1E 08            [ 8]  743 	ld	e, #0x08
    000002CB                        744 00120$:
                                    745 ;src/dandy_core.c:209: tile_id <<= 1; if (bit_cache & 0x80) tile_id |= 1; bit_cache <<= 1; bit_count--;
    000002CB CB 21            [ 8]  746 	sla	c
    000002CD CB 7F            [ 8]  747 	bit	7, a
    000002CF 28 02            [12]  748 	jr	Z, 00122$
    000002D1 CB C1            [ 8]  749 	set	0, c
    000002D3                        750 00122$:
    000002D3 87               [ 4]  751 	add	a, a
    000002D4 F8 05            [12]  752 	ldhl	sp,	#5
    000002D6 22               [ 8]  753 	ld	(hl+), a
    000002D7 7B               [ 4]  754 	ld	a, e
    000002D8 3D               [ 4]  755 	dec	a
    000002D9 77               [ 8]  756 	ld	(hl), a
                                    757 ;src/dandy_core.c:211: *dst = tile_id;
    000002DA F8 0A            [12]  758 	ldhl	sp,	#10
    000002DC 2A               [ 8]  759 	ld	a, (hl+)
    000002DD 66               [ 8]  760 	ld	h, (hl)
    000002DE 6F               [ 4]  761 	ld	l, a
    000002DF 71               [ 8]  762 	ld	(hl), c
    000002E0                        763 00128$:
                                    764 ;src/dandy_core.c:216: dst++;
    000002E0 F8 0A            [12]  765 	ldhl	sp,	#10
    000002E2 34               [12]  766 	inc	(hl)
    000002E3 20 02            [12]  767 	jr	NZ, 00349$
    000002E5 23               [ 8]  768 	inc	hl
    000002E6 34               [12]  769 	inc	(hl)
    000002E7                        770 00349$:
                                    771 ;src/dandy_core.c:157: for (uint8_t x = 1; x <= 58; ++x) {
    000002E7 F8 0C            [12]  772 	ldhl	sp,	#12
    000002E9 34               [12]  773 	inc	(hl)
    000002EA C3r8Ar01         [16]  774 	jp	00133$
    000002ED                        775 00137$:
                                    776 ;src/dandy_core.c:152: for (uint8_t y = 1; y <= 28; ++y) {
    000002ED F8 09            [12]  777 	ldhl	sp,	#9
    000002EF 34               [12]  778 	inc	(hl)
    000002F0 C3r4Cr01         [16]  779 	jp	00136$
    000002F3                        780 00130$:
                                    781 ;src/dandy_core.c:221: set_player_start_position();
    000002F3 CDr43r07         [24]  782 	call	_set_player_start_position
                                    783 ;src/dandy_core.c:223: for (uint8_t p = 0; p < MAX_PLAYERS; ++p) {
    000002F6 0E 00            [ 8]  784 	ld	c, #0x00
    000002F8                        785 00139$:
    000002F8 79               [ 4]  786 	ld	a, c
    000002F9 D6 04            [ 8]  787 	sub	a, #0x04
    000002FB 30 0B            [12]  788 	jr	NC, 00131$
                                    789 ;src/dandy_core.c:224: arrow_dir[p] = -1;
    000002FD 21r3Fr07         [12]  790 	ld	hl, #_arrow_dir
    00000300 06 00            [ 8]  791 	ld	b, #0x00
    00000302 09               [ 8]  792 	add	hl, bc
    00000303 36 FF            [12]  793 	ld	(hl), #0xff
                                    794 ;src/dandy_core.c:223: for (uint8_t p = 0; p < MAX_PLAYERS; ++p) {
    00000305 0C               [ 4]  795 	inc	c
    00000306 18 F0            [12]  796 	jr	00139$
    00000308                        797 00131$:
                                    798 ;src/dandy_core.c:226: is_dirty = true;
    00000308 21r43r07         [12]  799 	ld	hl, #_is_dirty
    0000030B 36 01            [12]  800 	ld	(hl), #0x01
                                    801 ;src/dandy_core.c:227: }
    0000030D E8 0D            [16]  802 	add	sp, #13
    0000030F C9               [16]  803 	ret
                                    804 ;src/dandy_core.c:229: void dandy_step(const uint8_t player_inputs[MAX_PLAYERS]) {
                                    805 ;	---------------------------------
                                    806 ; Function dandy_step
                                    807 ; ---------------------------------
    00000310                        808 _dandy_step::
    00000310 E8 FA            [16]  809 	add	sp, #-6
    00000312 F8 03            [12]  810 	ldhl	sp,	#3
    00000314 7B               [ 4]  811 	ld	a, e
    00000315 22               [ 8]  812 	ld	(hl+), a
                                    813 ;src/dandy_core.c:231: for (uint8_t p = 0; p < MAX_PLAYERS; ++p) {
    00000316 7A               [ 4]  814 	ld	a, d
    00000317 22               [ 8]  815 	ld	(hl+), a
    00000318 36 00            [12]  816 	ld	(hl), #0x00
    0000031A                        817 00119$:
    0000031A F8 05            [12]  818 	ldhl	sp,	#5
    0000031C 7E               [ 8]  819 	ld	a, (hl)
    0000031D D6 04            [ 8]  820 	sub	a, #0x04
    0000031F 30 46            [12]  821 	jr	NC, 00107$
                                    822 ;src/dandy_core.c:232: if (player_joined[p]) {
    00000321 11r0Ar07         [12]  823 	ld	de, #_player_joined
    00000324 6E               [ 8]  824 	ld	l, (hl)
    00000325 26 00            [ 8]  825 	ld	h, #0x00
    00000327 19               [ 8]  826 	add	hl, de
    00000328 4D               [ 4]  827 	ld	c, l
    00000329 44               [ 4]  828 	ld	b, h
    0000032A 0A               [ 8]  829 	ld	a, (bc)
    0000032B CB 47            [ 8]  830 	bit	0,a
    0000032D 28 33            [12]  831 	jr	Z, 00120$
                                    832 ;src/dandy_core.c:233: if (player_x[p] >= DANDY_LEVEL_WIDTH) player_x[p] = DANDY_LEVEL_WIDTH - 1;
    0000032F 11r0Fr07         [12]  833 	ld	de, #_player_x
    00000332 F8 05            [12]  834 	ldhl	sp,	#5
    00000334 6E               [ 8]  835 	ld	l, (hl)
    00000335 26 00            [ 8]  836 	ld	h, #0x00
    00000337 19               [ 8]  837 	add	hl, de
    00000338 E5               [16]  838 	push	hl
    00000339 7D               [ 4]  839 	ld	a, l
    0000033A F8 03            [12]  840 	ldhl	sp,	#3
    0000033C 77               [ 8]  841 	ld	(hl), a
    0000033D E1               [12]  842 	pop	hl
    0000033E 7C               [ 4]  843 	ld	a, h
    0000033F F8 02            [12]  844 	ldhl	sp,	#2
    00000341 32               [ 8]  845 	ld	(hl-), a
    00000342 2A               [ 8]  846 	ld	a, (hl+)
    00000343 5F               [ 4]  847 	ld	e, a
    00000344 56               [ 8]  848 	ld	d, (hl)
    00000345 1A               [ 8]  849 	ld	a, (de)
    00000346 D6 3C            [ 8]  850 	sub	a, #0x3c
    00000348 38 05            [12]  851 	jr	C, 00102$
    0000034A 3A               [ 8]  852 	ld	a, (hl-)
    0000034B 6E               [ 8]  853 	ld	l, (hl)
    0000034C 67               [ 4]  854 	ld	h, a
    0000034D 36 3B            [12]  855 	ld	(hl), #0x3b
    0000034F                        856 00102$:
                                    857 ;src/dandy_core.c:234: if (player_y[p] >= DANDY_LEVEL_HEIGHT) player_y[p] = DANDY_LEVEL_HEIGHT - 1;
    0000034F 11r13r07         [12]  858 	ld	de, #_player_y
    00000352 F8 05            [12]  859 	ldhl	sp,	#5
    00000354 6E               [ 8]  860 	ld	l, (hl)
    00000355 26 00            [ 8]  861 	ld	h, #0x00
    00000357 19               [ 8]  862 	add	hl, de
    00000358 4D               [ 4]  863 	ld	c, l
    00000359 44               [ 4]  864 	ld	b, h
    0000035A 0A               [ 8]  865 	ld	a, (bc)
    0000035B D6 1E            [ 8]  866 	sub	a, #0x1e
    0000035D 38 03            [12]  867 	jr	C, 00120$
    0000035F 3E 1D            [ 8]  868 	ld	a, #0x1d
    00000361 02               [ 8]  869 	ld	(bc), a
    00000362                        870 00120$:
                                    871 ;src/dandy_core.c:231: for (uint8_t p = 0; p < MAX_PLAYERS; ++p) {
    00000362 F8 05            [12]  872 	ldhl	sp,	#5
    00000364 34               [12]  873 	inc	(hl)
    00000365 18 B3            [12]  874 	jr	00119$
    00000367                        875 00107$:
                                    876 ;src/dandy_core.c:237: for (uint8_t p = 0; p < MAX_PLAYERS; ++p) {
    00000367 0E 00            [ 8]  877 	ld	c, #0x00
    00000369                        878 00122$:
    00000369 79               [ 4]  879 	ld	a, c
    0000036A D6 04            [ 8]  880 	sub	a, #0x04
    0000036C 30 43            [12]  881 	jr	NC, 00111$
                                    882 ;src/dandy_core.c:238: if (player_joined[p] && player_health[p] > 0) {
    0000036E 21r0Ar07         [12]  883 	ld	hl, #_player_joined
    00000371 06 00            [ 8]  884 	ld	b, #0x00
    00000373 09               [ 8]  885 	add	hl, bc
    00000374 46               [ 8]  886 	ld	b, (hl)
    00000375 CB 40            [ 8]  887 	bit	0, b
    00000377 28 35            [12]  888 	jr	Z, 00123$
    00000379 69               [ 4]  889 	ld	l, c
    0000037A AF               [ 4]  890 	xor	a, a
    0000037B 67               [ 4]  891 	ld	h, a
    0000037C 29               [ 8]  892 	add	hl, hl
    0000037D 11r17r07         [12]  893 	ld	de, #_player_health
    00000380 19               [ 8]  894 	add	hl, de
    00000381 2A               [ 8]  895 	ld	a,	(hl+)
    00000382 66               [ 8]  896 	ld	h, (hl)
    00000383 6F               [ 4]  897 	ld	l, a
    00000384 5C               [ 4]  898 	ld	e, h
    00000385 AF               [ 4]  899 	xor	a, a
    00000386 57               [ 4]  900 	ld	d, a
    00000387 BD               [ 4]  901 	cp	a, l
    00000388 9C               [ 4]  902 	sbc	a, h
    00000389 CB 7B            [ 8]  903 	bit	7, e
    0000038B 28 07            [12]  904 	jr	Z, 00229$
    0000038D CB 7A            [ 8]  905 	bit	7, d
    0000038F 20 08            [12]  906 	jr	NZ, 00230$
    00000391 BF               [ 4]  907 	cp	a, a
    00000392 18 05            [12]  908 	jr	00230$
    00000394                        909 00229$:
    00000394 CB 7A            [ 8]  910 	bit	7, d
    00000396 28 01            [12]  911 	jr	Z, 00230$
    00000398 37               [ 4]  912 	scf
    00000399                        913 00230$:
    00000399 30 13            [12]  914 	jr	NC, 00123$
                                    915 ;src/dandy_core.c:239: do_player_buttons(p, player_inputs[p]);
    0000039B F8 03            [12]  916 	ldhl	sp,#3
    0000039D 2A               [ 8]  917 	ld	a, (hl+)
    0000039E 5F               [ 4]  918 	ld	e, a
    0000039F 56               [ 8]  919 	ld	d, (hl)
    000003A0 69               [ 4]  920 	ld	l, c
    000003A1 26 00            [ 8]  921 	ld	h, #0x00
    000003A3 19               [ 8]  922 	add	hl, de
    000003A4 5D               [ 4]  923 	ld	e, l
    000003A5 54               [ 4]  924 	ld	d, h
    000003A6 1A               [ 8]  925 	ld	a, (de)
    000003A7 C5               [16]  926 	push	bc
    000003A8 5F               [ 4]  927 	ld	e, a
    000003A9 79               [ 4]  928 	ld	a, c
    000003AA CDr24r09         [24]  929 	call	_do_player_buttons
    000003AD C1               [12]  930 	pop	bc
    000003AE                        931 00123$:
                                    932 ;src/dandy_core.c:237: for (uint8_t p = 0; p < MAX_PLAYERS; ++p) {
    000003AE 0C               [ 4]  933 	inc	c
    000003AF 18 B8            [12]  934 	jr	00122$
    000003B1                        935 00111$:
                                    936 ;src/dandy_core.c:242: move_arrows();
    000003B1 CDr1Dr0C         [24]  937 	call	_move_arrows
                                    938 ;src/dandy_core.c:243: move_monsters();
    000003B4 CDrBCr10         [24]  939 	call	_move_monsters
                                    940 ;src/dandy_core.c:246: hal_update_hud();
    000003B7 CDr00r00         [24]  941 	call	_hal_update_hud
                                    942 ;src/dandy_core.c:249: bool all_dead = true;
    000003BA F8 00            [12]  943 	ldhl	sp,	#0
    000003BC 36 01            [12]  944 	ld	(hl), #0x01
                                    945 ;src/dandy_core.c:250: for (uint8_t p = 0; p < MAX_PLAYERS; ++p) {
    000003BE F8 05            [12]  946 	ldhl	sp,	#5
    000003C0 36 00            [12]  947 	ld	(hl), #0x00
    000003C2                        948 00125$:
    000003C2 F8 05            [12]  949 	ldhl	sp,	#5
    000003C4 7E               [ 8]  950 	ld	a, (hl)
    000003C5 D6 04            [ 8]  951 	sub	a, #0x04
    000003C7 30 49            [12]  952 	jr	NC, 00115$
                                    953 ;src/dandy_core.c:251: if (player_joined[p] && player_health[p] > 0) {
    000003C9 11r0Ar07         [12]  954 	ld	de, #_player_joined
    000003CC 6E               [ 8]  955 	ld	l, (hl)
    000003CD 26 00            [ 8]  956 	ld	h, #0x00
    000003CF 19               [ 8]  957 	add	hl, de
    000003D0 E5               [16]  958 	push	hl
    000003D1 7D               [ 4]  959 	ld	a, l
    000003D2 F8 03            [12]  960 	ldhl	sp,	#3
    000003D4 77               [ 8]  961 	ld	(hl), a
    000003D5 E1               [12]  962 	pop	hl
    000003D6 7C               [ 4]  963 	ld	a, h
    000003D7 F8 02            [12]  964 	ldhl	sp,	#2
    000003D9 32               [ 8]  965 	ld	(hl-), a
    000003DA 2A               [ 8]  966 	ld	a, (hl+)
    000003DB 5F               [ 4]  967 	ld	e, a
    000003DC 56               [ 8]  968 	ld	d, (hl)
    000003DD 1A               [ 8]  969 	ld	a, (de)
    000003DE CB 47            [ 8]  970 	bit	0,a
    000003E0 28 2B            [12]  971 	jr	Z, 00126$
    000003E2 F8 05            [12]  972 	ldhl	sp,	#5
    000003E4 4E               [ 8]  973 	ld	c, (hl)
    000003E5 AF               [ 4]  974 	xor	a, a
    000003E6 69               [ 4]  975 	ld	l, c
    000003E7 67               [ 4]  976 	ld	h, a
    000003E8 29               [ 8]  977 	add	hl, hl
    000003E9 11r17r07         [12]  978 	ld	de, #_player_health
    000003EC 19               [ 8]  979 	add	hl, de
    000003ED 2A               [ 8]  980 	ld	a, (hl+)
    000003EE 4F               [ 4]  981 	ld	c, a
    000003EF 46               [ 8]  982 	ld	b, (hl)
    000003F0 58               [ 4]  983 	ld	e, b
    000003F1 AF               [ 4]  984 	xor	a, a
    000003F2 57               [ 4]  985 	ld	d, a
    000003F3 B9               [ 4]  986 	cp	a, c
    000003F4 98               [ 4]  987 	sbc	a, b
    000003F5 CB 7B            [ 8]  988 	bit	7, e
    000003F7 28 07            [12]  989 	jr	Z, 00231$
    000003F9 CB 7A            [ 8]  990 	bit	7, d
    000003FB 20 08            [12]  991 	jr	NZ, 00232$
    000003FD BF               [ 4]  992 	cp	a, a
    000003FE 18 05            [12]  993 	jr	00232$
    00000400                        994 00231$:
    00000400 CB 7A            [ 8]  995 	bit	7, d
    00000402 28 01            [12]  996 	jr	Z, 00232$
    00000404 37               [ 4]  997 	scf
    00000405                        998 00232$:
    00000405 30 06            [12]  999 	jr	NC, 00126$
                                   1000 ;src/dandy_core.c:252: all_dead = false;
    00000407 F8 00            [12] 1001 	ldhl	sp,	#0
    00000409 36 00            [12] 1002 	ld	(hl), #0x00
                                   1003 ;src/dandy_core.c:253: break;
    0000040B 18 05            [12] 1004 	jr	00115$
    0000040D                       1005 00126$:
                                   1006 ;src/dandy_core.c:250: for (uint8_t p = 0; p < MAX_PLAYERS; ++p) {
    0000040D F8 05            [12] 1007 	ldhl	sp,	#5
    0000040F 34               [12] 1008 	inc	(hl)
    00000410 18 B0            [12] 1009 	jr	00125$
    00000412                       1010 00115$:
                                   1011 ;src/dandy_core.c:257: if (all_dead) {
    00000412 F8 00            [12] 1012 	ldhl	sp,	#0
    00000414 CB 46            [12] 1013 	bit	0, (hl)
    00000416 28 03            [12] 1014 	jr	Z, 00127$
                                   1015 ;src/dandy_core.c:258: end_game();
    00000418 CDrCCr08         [24] 1016 	call	_end_game
    0000041B                       1017 00127$:
                                   1018 ;src/dandy_core.c:260: }
    0000041B E8 06            [16] 1019 	add	sp, #6
    0000041D C9               [16] 1020 	ret
                                   1021 ;src/dandy_core.c:262: static void get_camera_target(uint8_t p_idx, int16_t* out_x, int16_t* out_y) {
                                   1022 ;	---------------------------------
                                   1023 ; Function get_camera_target
                                   1024 ; ---------------------------------
    0000041E                       1025 _get_camera_target:
    0000041E E8 F5            [16] 1026 	add	sp, #-11
    00000420 4F               [ 4] 1027 	ld	c, a
    00000421 F8 08            [12] 1028 	ldhl	sp,	#8
    00000423 7B               [ 4] 1029 	ld	a, e
    00000424 22               [ 8] 1030 	ld	(hl+), a
    00000425 72               [ 8] 1031 	ld	(hl), d
                                   1032 ;src/dandy_core.c:263: int16_t target_x = player_x[p_idx];
    00000426 21r0Fr07         [12] 1033 	ld	hl, #_player_x
    00000429 06 00            [ 8] 1034 	ld	b, #0x00
    0000042B 09               [ 8] 1035 	add	hl, bc
    0000042C 7E               [ 8] 1036 	ld	a, (hl)
    0000042D F8 00            [12] 1037 	ldhl	sp,	#0
    0000042F 22               [ 8] 1038 	ld	(hl+), a
    00000430 36 00            [12] 1039 	ld	(hl), #0x00
                                   1040 ;src/dandy_core.c:264: int16_t target_y = player_y[p_idx];
    00000432 21r13r07         [12] 1041 	ld	hl, #_player_y
    00000435 06 00            [ 8] 1042 	ld	b, #0x00
    00000437 09               [ 8] 1043 	add	hl, bc
    00000438 7E               [ 8] 1044 	ld	a, (hl)
    00000439 F8 02            [12] 1045 	ldhl	sp,	#2
    0000043B 22               [ 8] 1046 	ld	(hl+), a
    0000043C 36 00            [12] 1047 	ld	(hl), #0x00
                                   1048 ;src/dandy_core.c:267: if (player_health[p_idx] <= 0) {
    0000043E 69               [ 4] 1049 	ld	l, c
    0000043F AF               [ 4] 1050 	xor	a, a
    00000440 67               [ 4] 1051 	ld	h, a
    00000441 29               [ 8] 1052 	add	hl, hl
    00000442 11r17r07         [12] 1053 	ld	de, #_player_health
    00000445 19               [ 8] 1054 	add	hl, de
    00000446 2A               [ 8] 1055 	ld	a,	(hl+)
    00000447 46               [ 8] 1056 	ld	b, (hl)
    00000448 6F               [ 4] 1057 	ld	l, a
    00000449 58               [ 4] 1058 	ld	e, b
    0000044A AF               [ 4] 1059 	xor	a, a
    0000044B 57               [ 4] 1060 	ld	d, a
    0000044C BD               [ 4] 1061 	cp	a, l
    0000044D 98               [ 4] 1062 	sbc	a, b
    0000044E CB 7B            [ 8] 1063 	bit	7, e
    00000450 28 07            [12] 1064 	jr	Z, 00165$
    00000452 CB 7A            [ 8] 1065 	bit	7, d
    00000454 20 08            [12] 1066 	jr	NZ, 00166$
    00000456 BF               [ 4] 1067 	cp	a, a
    00000457 18 05            [12] 1068 	jr	00166$
    00000459                       1069 00165$:
    00000459 CB 7A            [ 8] 1070 	bit	7, d
    0000045B 28 01            [12] 1071 	jr	Z, 00166$
    0000045D 37               [ 4] 1072 	scf
    0000045E                       1073 00166$:
    0000045E DAr06r05         [16] 1074 	jp	C, 00109$
                                   1075 ;src/dandy_core.c:268: uint16_t sum_x = 0;
    00000461 AF               [ 4] 1076 	xor	a, a
    00000462 F8 04            [12] 1077 	ldhl	sp,	#4
    00000464 22               [ 8] 1078 	ld	(hl+), a
                                   1079 ;src/dandy_core.c:269: uint16_t sum_y = 0;
    00000465 22               [ 8] 1080 	ld	(hl+), a
    00000466 AF               [ 4] 1081 	xor	a, a
    00000467 22               [ 8] 1082 	ld	(hl+), a
    00000468 77               [ 8] 1083 	ld	(hl), a
                                   1084 ;src/dandy_core.c:271: for (uint8_t p = 0; p < MAX_PLAYERS; ++p) {
    00000469 F8 0A            [12] 1085 	ldhl	sp,	#10
    0000046B 36 00            [12] 1086 	ld	(hl), #0x00
    0000046D 06 00            [ 8] 1087 	ld	b, #0x00
    0000046F                       1088 00111$:
    0000046F 78               [ 4] 1089 	ld	a, b
    00000470 D6 04            [ 8] 1090 	sub	a, #0x04
    00000472 30 6D            [12] 1091 	jr	NC, 00105$
                                   1092 ;src/dandy_core.c:272: if (p != p_idx && player_joined[p] && player_health[p] > 0) {
    00000474 79               [ 4] 1093 	ld	a, c
    00000475 90               [ 4] 1094 	sub	a, b
    00000476 28 66            [12] 1095 	jr	Z, 00112$
    00000478 3Er0A            [ 8] 1096 	ld	a, #<(_player_joined)
    0000047A 80               [ 4] 1097 	add	a, b
    0000047B 6F               [ 4] 1098 	ld	l, a
    0000047C 3Es07            [ 8] 1099 	ld	a, #>(_player_joined)
    0000047E CE 00            [ 8] 1100 	adc	a, #0x00
    00000480 67               [ 4] 1101 	ld	h, a
    00000481 CB 46            [12] 1102 	bit	0, (hl)
    00000483 28 59            [12] 1103 	jr	Z, 00112$
    00000485 68               [ 4] 1104 	ld	l, b
    00000486 AF               [ 4] 1105 	xor	a, a
    00000487 67               [ 4] 1106 	ld	h, a
    00000488 29               [ 8] 1107 	add	hl, hl
    00000489 11r17r07         [12] 1108 	ld	de, #_player_health
    0000048C 19               [ 8] 1109 	add	hl, de
    0000048D 2A               [ 8] 1110 	ld	a,	(hl+)
    0000048E 66               [ 8] 1111 	ld	h, (hl)
    0000048F 6F               [ 4] 1112 	ld	l, a
    00000490 5C               [ 4] 1113 	ld	e, h
    00000491 AF               [ 4] 1114 	xor	a, a
    00000492 57               [ 4] 1115 	ld	d, a
    00000493 BD               [ 4] 1116 	cp	a, l
    00000494 9C               [ 4] 1117 	sbc	a, h
    00000495 CB 7B            [ 8] 1118 	bit	7, e
    00000497 28 07            [12] 1119 	jr	Z, 00168$
    00000499 CB 7A            [ 8] 1120 	bit	7, d
    0000049B 20 08            [12] 1121 	jr	NZ, 00169$
    0000049D BF               [ 4] 1122 	cp	a, a
    0000049E 18 05            [12] 1123 	jr	00169$
    000004A0                       1124 00168$:
    000004A0 CB 7A            [ 8] 1125 	bit	7, d
    000004A2 28 01            [12] 1126 	jr	Z, 00169$
    000004A4 37               [ 4] 1127 	scf
    000004A5                       1128 00169$:
    000004A5 30 37            [12] 1129 	jr	NC, 00112$
                                   1130 ;src/dandy_core.c:273: sum_x += player_x[p];
    000004A7 3Er0F            [ 8] 1131 	ld	a, #<(_player_x)
    000004A9 80               [ 4] 1132 	add	a, b
    000004AA 6F               [ 4] 1133 	ld	l, a
    000004AB 3Es07            [ 8] 1134 	ld	a, #>(_player_x)
    000004AD CE 00            [ 8] 1135 	adc	a, #0x00
    000004AF 67               [ 4] 1136 	ld	h, a
    000004B0 7E               [ 8] 1137 	ld	a, (hl)
    000004B1 F8 04            [12] 1138 	ldhl	sp,	#4
    000004B3 5E               [ 8] 1139 	ld	e, (hl)
    000004B4 23               [ 8] 1140 	inc	hl
    000004B5 56               [ 8] 1141 	ld	d, (hl)
    000004B6 2E 00            [ 8] 1142 	ld	l, #0x00
    000004B8 83               [ 4] 1143 	add	a, e
    000004B9 5F               [ 4] 1144 	ld	e, a
    000004BA 7D               [ 4] 1145 	ld	a, l
    000004BB 8A               [ 4] 1146 	adc	a, d
    000004BC F8 04            [12] 1147 	ldhl	sp,	#4
    000004BE 73               [ 8] 1148 	ld	(hl), e
    000004BF 23               [ 8] 1149 	inc	hl
    000004C0 77               [ 8] 1150 	ld	(hl), a
                                   1151 ;src/dandy_core.c:274: sum_y += player_y[p];
    000004C1 3Er13            [ 8] 1152 	ld	a, #<(_player_y)
    000004C3 80               [ 4] 1153 	add	a, b
    000004C4 6F               [ 4] 1154 	ld	l, a
    000004C5 3Es07            [ 8] 1155 	ld	a, #>(_player_y)
    000004C7 CE 00            [ 8] 1156 	adc	a, #0x00
    000004C9 67               [ 4] 1157 	ld	h, a
    000004CA 7E               [ 8] 1158 	ld	a, (hl)
    000004CB F8 06            [12] 1159 	ldhl	sp,	#6
    000004CD 5E               [ 8] 1160 	ld	e, (hl)
    000004CE 23               [ 8] 1161 	inc	hl
    000004CF 56               [ 8] 1162 	ld	d, (hl)
    000004D0 6F               [ 4] 1163 	ld	l, a
    000004D1 26 00            [ 8] 1164 	ld	h, #0x00
    000004D3 19               [ 8] 1165 	add	hl, de
    000004D4 5D               [ 4] 1166 	ld	e, l
    000004D5 54               [ 4] 1167 	ld	d, h
    000004D6 F8 06            [12] 1168 	ldhl	sp,	#6
    000004D8 7B               [ 4] 1169 	ld	a, e
    000004D9 22               [ 8] 1170 	ld	(hl+), a
    000004DA 72               [ 8] 1171 	ld	(hl), d
                                   1172 ;src/dandy_core.c:275: alive_count++;
    000004DB F8 0A            [12] 1173 	ldhl	sp,	#10
    000004DD 34               [12] 1174 	inc	(hl)
    000004DE                       1175 00112$:
                                   1176 ;src/dandy_core.c:271: for (uint8_t p = 0; p < MAX_PLAYERS; ++p) {
    000004DE 04               [ 4] 1177 	inc	b
    000004DF 18 8E            [12] 1178 	jr	00111$
    000004E1                       1179 00105$:
                                   1180 ;src/dandy_core.c:278: if (alive_count > 0) {
    000004E1 F8 0A            [12] 1181 	ldhl	sp,	#10
    000004E3 7E               [ 8] 1182 	ld	a, (hl)
    000004E4 B7               [ 4] 1183 	or	a, a
    000004E5 28 1F            [12] 1184 	jr	Z, 00109$
                                   1185 ;src/dandy_core.c:279: target_x = sum_x / alive_count;
    000004E7 4E               [ 8] 1186 	ld	c, (hl)
    000004E8 06 00            [ 8] 1187 	ld	b, #0x00
    000004EA C5               [16] 1188 	push	bc
    000004EB F8 06            [12] 1189 	ldhl	sp,	#6
    000004ED 2A               [ 8] 1190 	ld	a, (hl+)
    000004EE 5F               [ 4] 1191 	ld	e, a
    000004EF 56               [ 8] 1192 	ld	d, (hl)
    000004F0 CDr00r00         [24] 1193 	call	__divuint
    000004F3 59               [ 4] 1194 	ld	e, c
    000004F4 50               [ 4] 1195 	ld	d, b
    000004F5 C1               [12] 1196 	pop	bc
    000004F6 33               [ 8] 1197 	inc	sp
    000004F7 33               [ 8] 1198 	inc	sp
    000004F8 D5               [16] 1199 	push	de
                                   1200 ;src/dandy_core.c:280: target_y = sum_y / alive_count;
    000004F9 F8 06            [12] 1201 	ldhl	sp,	#6
    000004FB 2A               [ 8] 1202 	ld	a, (hl+)
    000004FC 5F               [ 4] 1203 	ld	e, a
    000004FD 56               [ 8] 1204 	ld	d, (hl)
    000004FE CDr00r00         [24] 1205 	call	__divuint
    00000501 F8 02            [12] 1206 	ldhl	sp,	#2
    00000503 79               [ 4] 1207 	ld	a, c
    00000504 22               [ 8] 1208 	ld	(hl+), a
    00000505 70               [ 8] 1209 	ld	(hl), b
    00000506                       1210 00109$:
                                   1211 ;src/dandy_core.c:283: *out_x = target_x;
    00000506 F8 08            [12] 1212 	ldhl	sp,	#8
    00000508 2A               [ 8] 1213 	ld	a, (hl+)
    00000509 5F               [ 4] 1214 	ld	e, a
    0000050A 56               [ 8] 1215 	ld	d, (hl)
    0000050B F8 00            [12] 1216 	ldhl	sp,	#0
    0000050D 2A               [ 8] 1217 	ld	a, (hl+)
    0000050E 12               [ 8] 1218 	ld	(de), a
    0000050F 13               [ 8] 1219 	inc	de
    00000510 7E               [ 8] 1220 	ld	a, (hl)
    00000511 12               [ 8] 1221 	ld	(de), a
                                   1222 ;src/dandy_core.c:284: *out_y = target_y;
    00000512 F8 0D            [12] 1223 	ldhl	sp,	#13
    00000514 2A               [ 8] 1224 	ld	a, (hl+)
    00000515 4F               [ 4] 1225 	ld	c, a
    00000516 46               [ 8] 1226 	ld	b, (hl)
    00000517 F8 02            [12] 1227 	ldhl	sp,	#2
    00000519 2A               [ 8] 1228 	ld	a, (hl+)
    0000051A 02               [ 8] 1229 	ld	(bc), a
    0000051B 03               [ 8] 1230 	inc	bc
    0000051C 7E               [ 8] 1231 	ld	a, (hl)
    0000051D 02               [ 8] 1232 	ld	(bc), a
                                   1233 ;src/dandy_core.c:285: }
    0000051E E8 0B            [16] 1234 	add	sp, #11
    00000520 E1               [12] 1235 	pop	hl
    00000521 F1               [12] 1236 	pop	af
    00000522 E9               [ 4] 1237 	jp	(hl)
                                   1238 ;src/dandy_core.c:287: void dandy_draw_viewport(uint8_t local_p_idx) {
                                   1239 ;	---------------------------------
                                   1240 ; Function dandy_draw_viewport
                                   1241 ; ---------------------------------
    00000523                       1242 _dandy_draw_viewport::
    00000523 E8 EA            [16] 1243 	add	sp, #-22
                                   1244 ;src/dandy_core.c:288: if (local_p_idx >= MAX_PLAYERS || !player_joined[local_p_idx]) local_p_idx = 0;
    00000525 4F               [ 4] 1245 	ld	c, a
    00000526 D6 04            [ 8] 1246 	sub	a, #0x04
    00000528 30 0A            [12] 1247 	jr	NC, 00101$
    0000052A 21r0Ar07         [12] 1248 	ld	hl, #_player_joined
    0000052D 06 00            [ 8] 1249 	ld	b, #0x00
    0000052F 09               [ 8] 1250 	add	hl, bc
    00000530 CB 46            [12] 1251 	bit	0, (hl)
    00000532 20 02            [12] 1252 	jr	NZ, 00102$
    00000534                       1253 00101$:
    00000534 0E 00            [ 8] 1254 	ld	c, #0x00
    00000536                       1255 00102$:
                                   1256 ;src/dandy_core.c:291: get_camera_target(local_p_idx, &target_x, &target_y);
    00000536 F8 00            [12] 1257 	ldhl	sp,	#0
    00000538 5D               [ 4] 1258 	ld	e, l
    00000539 54               [ 4] 1259 	ld	d, h
    0000053A 21 02 00         [12] 1260 	ld	hl, #2
    0000053D 39               [ 8] 1261 	add	hl, sp
    0000053E E5               [16] 1262 	push	hl
    0000053F 79               [ 4] 1263 	ld	a, c
    00000540 CDr1Er04         [24] 1264 	call	_get_camera_target
                                   1265 ;src/dandy_core.c:293: int16_t vp_left = clamp(target_x - 10, 0, DANDY_LEVEL_WIDTH - 20);
    00000543 F8 00            [12] 1266 	ldhl	sp,	#0
    00000545 2A               [ 8] 1267 	ld	a, (hl+)
    00000546 4E               [ 8] 1268 	ld	c, (hl)
    00000547 C6 F6            [ 8] 1269 	add	a, #0xf6
    00000549 5F               [ 4] 1270 	ld	e, a
    0000054A 79               [ 4] 1271 	ld	a, c
    0000054B CE FF            [ 8] 1272 	adc	a, #0xff
    0000054D 01 28 00         [12] 1273 	ld	bc, #0x0028
    00000550 C5               [16] 1274 	push	bc
    00000551 01 00 00         [12] 1275 	ld	bc, #0x0000
    00000554 57               [ 4] 1276 	ld	d, a
    00000555 CDrABr16         [24] 1277 	call	_clamp
    00000558 F8 04            [12] 1278 	ldhl	sp,	#4
    0000055A 79               [ 4] 1279 	ld	a, c
    0000055B 22               [ 8] 1280 	ld	(hl+), a
    0000055C 70               [ 8] 1281 	ld	(hl), b
                                   1282 ;src/dandy_core.c:294: int16_t vp_top = clamp(target_y - 5, 0, DANDY_LEVEL_HEIGHT - 10);
    0000055D F8 02            [12] 1283 	ldhl	sp,	#2
    0000055F 2A               [ 8] 1284 	ld	a, (hl+)
    00000560 4E               [ 8] 1285 	ld	c, (hl)
    00000561 C6 FB            [ 8] 1286 	add	a, #0xfb
    00000563 5F               [ 4] 1287 	ld	e, a
    00000564 79               [ 4] 1288 	ld	a, c
    00000565 CE FF            [ 8] 1289 	adc	a, #0xff
    00000567 01 14 00         [12] 1290 	ld	bc, #0x0014
    0000056A C5               [16] 1291 	push	bc
    0000056B 01 00 00         [12] 1292 	ld	bc, #0x0000
    0000056E 57               [ 4] 1293 	ld	d, a
    0000056F CDrABr16         [24] 1294 	call	_clamp
    00000572 F8 06            [12] 1295 	ldhl	sp,	#6
    00000574 79               [ 4] 1296 	ld	a, c
    00000575 22               [ 8] 1297 	ld	(hl+), a
    00000576 70               [ 8] 1298 	ld	(hl), b
                                   1299 ;src/dandy_core.c:297: hal_clear_sprites((uint8_t)vp_left, (uint8_t)vp_top);
    00000577 F8 06            [12] 1300 	ldhl	sp,	#6
    00000579 3A               [ 8] 1301 	ld	a, (hl-)
    0000057A 2B               [ 8] 1302 	dec	hl
    0000057B 5F               [ 4] 1303 	ld	e, a
    0000057C 7E               [ 8] 1304 	ld	a, (hl)
    0000057D CDr00r00         [24] 1305 	call	_hal_clear_sprites
                                   1306 ;src/dandy_core.c:298: uint8_t sprite_count = 0;
    00000580 F8 15            [12] 1307 	ldhl	sp,	#21
    00000582 36 00            [12] 1308 	ld	(hl), #0x00
                                   1309 ;src/dandy_core.c:301: for (uint8_t sy = 0; sy < 10; ++sy) {
    00000584 F8 12            [12] 1310 	ldhl	sp,	#18
    00000586 36 00            [12] 1311 	ld	(hl), #0x00
    00000588                       1312 00138$:
    00000588 F8 12            [12] 1313 	ldhl	sp,	#18
    0000058A 7E               [ 8] 1314 	ld	a, (hl)
    0000058B D6 0A            [ 8] 1315 	sub	a, #0x0a
    0000058D D2r40r07         [16] 1316 	jp	NC, 00140$
                                   1317 ;src/dandy_core.c:302: uint16_t row_offset = row_offsets[vp_top + sy];
    00000590 F8 06            [12] 1318 	ldhl	sp,	#6
    00000592 7E               [ 8] 1319 	ld	a, (hl)
    00000593 F8 11            [12] 1320 	ldhl	sp,	#17
    00000595 22               [ 8] 1321 	ld	(hl+), a
    00000596 2A               [ 8] 1322 	ld	a, (hl+)
    00000597 23               [ 8] 1323 	inc	hl
    00000598 77               [ 8] 1324 	ld	(hl), a
    00000599 F8 11            [12] 1325 	ldhl	sp,	#17
    0000059B 86               [ 8] 1326 	add	a, (hl)
    0000059C F8 14            [12] 1327 	ldhl	sp,	#20
    0000059E 77               [ 8] 1328 	ld	(hl), a
    0000059F 3A               [ 8] 1329 	ld	a, (hl-)
    000005A0 22               [ 8] 1330 	ld	(hl+), a
    000005A1 07               [ 4] 1331 	rlca
    000005A2 9F               [ 4] 1332 	sbc	a, a
    000005A3 32               [ 8] 1333 	ld	(hl-), a
    000005A4 7E               [ 8] 1334 	ld	a, (hl)
    000005A5 F8 10            [12] 1335 	ldhl	sp,	#16
    000005A7 77               [ 8] 1336 	ld	(hl), a
    000005A8 F8 14            [12] 1337 	ldhl	sp,	#20
    000005AA 7E               [ 8] 1338 	ld	a, (hl)
    000005AB F8 11            [12] 1339 	ldhl	sp,	#17
    000005AD 32               [ 8] 1340 	ld	(hl-), a
    000005AE CB 26            [16] 1341 	sla	(hl)
    000005B0 23               [ 8] 1342 	inc	hl
    000005B1 CB 16            [16] 1343 	rl	(hl)
    000005B3 2B               [ 8] 1344 	dec	hl
    000005B4 2A               [ 8] 1345 	ld	a, (hl+)
    000005B5 5F               [ 4] 1346 	ld	e, a
    000005B6 56               [ 8] 1347 	ld	d, (hl)
    000005B7 21r28r00         [12] 1348 	ld	hl, #_row_offsets
    000005BA 19               [ 8] 1349 	add	hl, de
    000005BB E5               [16] 1350 	push	hl
    000005BC 7D               [ 4] 1351 	ld	a, l
    000005BD F8 15            [12] 1352 	ldhl	sp,	#21
    000005BF 77               [ 8] 1353 	ld	(hl), a
    000005C0 E1               [12] 1354 	pop	hl
    000005C1 7C               [ 4] 1355 	ld	a, h
    000005C2 F8 14            [12] 1356 	ldhl	sp,	#20
    000005C4 32               [ 8] 1357 	ld	(hl-), a
    000005C5 2A               [ 8] 1358 	ld	a, (hl+)
    000005C6 5F               [ 4] 1359 	ld	e, a
    000005C7 56               [ 8] 1360 	ld	d, (hl)
    000005C8 1A               [ 8] 1361 	ld	a, (de)
    000005C9 F8 08            [12] 1362 	ldhl	sp,	#8
    000005CB 22               [ 8] 1363 	ld	(hl+), a
    000005CC 13               [ 8] 1364 	inc	de
    000005CD 1A               [ 8] 1365 	ld	a, (de)
    000005CE 77               [ 8] 1366 	ld	(hl), a
                                   1367 ;src/dandy_core.c:303: for (uint8_t sx = 0; sx < 20; ++sx) {
    000005CF F8 12            [12] 1368 	ldhl	sp,	#18
    000005D1 7E               [ 8] 1369 	ld	a, (hl)
    000005D2 87               [ 4] 1370 	add	a, a
    000005D3 87               [ 4] 1371 	add	a, a
    000005D4 87               [ 4] 1372 	add	a, a
    000005D5 F8 0A            [12] 1373 	ldhl	sp,	#10
    000005D7 77               [ 8] 1374 	ld	(hl), a
    000005D8 F8 15            [12] 1375 	ldhl	sp,	#21
    000005DA 3A               [ 8] 1376 	ld	a, (hl-)
    000005DB 2B               [ 8] 1377 	dec	hl
    000005DC 22               [ 8] 1378 	ld	(hl+), a
    000005DD 36 00            [12] 1379 	ld	(hl), #0x00
    000005DF                       1380 00135$:
    000005DF F8 14            [12] 1381 	ldhl	sp,	#20
                                   1382 ;src/dandy_core.c:304: uint8_t tile = dandy_map[row_offset + (vp_left + sx)];
    000005E1 7E               [ 8] 1383 	ld	a,(hl)
    000005E2 FE 14            [ 8] 1384 	cp	a,#0x14
    000005E4 D2r35r07         [16] 1385 	jp	NC,00163$
    000005E7 0E 00            [ 8] 1386 	ld	c, #0x00
    000005E9 F8 04            [12] 1387 	ldhl	sp,	#4
    000005EB 5E               [ 8] 1388 	ld	e, (hl)
    000005EC 23               [ 8] 1389 	inc	hl
    000005ED 56               [ 8] 1390 	ld	d, (hl)
    000005EE 6F               [ 4] 1391 	ld	l, a
    000005EF 61               [ 4] 1392 	ld	h, c
    000005F0 19               [ 8] 1393 	add	hl, de
    000005F1 E5               [16] 1394 	push	hl
    000005F2 7D               [ 4] 1395 	ld	a, l
    000005F3 F8 0D            [12] 1396 	ldhl	sp,	#13
    000005F5 77               [ 8] 1397 	ld	(hl), a
    000005F6 E1               [12] 1398 	pop	hl
    000005F7 7C               [ 4] 1399 	ld	a, h
    000005F8 F8 0C            [12] 1400 	ldhl	sp,	#12
    000005FA 77               [ 8] 1401 	ld	(hl), a
    000005FB F8 08            [12] 1402 	ldhl	sp,	#8
    000005FD 2A               [ 8] 1403 	ld	a, (hl+)
    000005FE 4E               [ 8] 1404 	ld	c, (hl)
    000005FF 23               [ 8] 1405 	inc	hl
    00000600 23               [ 8] 1406 	inc	hl
    00000601 5E               [ 8] 1407 	ld	e, (hl)
    00000602 23               [ 8] 1408 	inc	hl
    00000603 56               [ 8] 1409 	ld	d, (hl)
    00000604 6F               [ 4] 1410 	ld	l, a
    00000605 61               [ 4] 1411 	ld	h, c
    00000606 19               [ 8] 1412 	add	hl, de
    00000607 11r00r00         [12] 1413 	ld	de, #_dandy_map
    0000060A 19               [ 8] 1414 	add	hl, de
    0000060B 7E               [ 8] 1415 	ld	a, (hl)
    0000060C F8 0D            [12] 1416 	ldhl	sp,	#13
    0000060E 77               [ 8] 1417 	ld	(hl), a
                                   1418 ;src/dandy_core.c:307: bool is_sprite = false;
    0000060F 0E 00            [ 8] 1419 	ld	c, #0x00
                                   1420 ;src/dandy_core.c:312: } else if (tile >= TILE_ARROW && tile <= TILE_ARROW + 7) {
    00000611 F8 0D            [12] 1421 	ldhl	sp,	#13
    00000613 7E               [ 8] 1422 	ld	a, (hl)
    00000614 D6 10            [ 8] 1423 	sub	a, #0x10
    00000616 3E 00            [ 8] 1424 	ld	a, #0x00
    00000618 17               [ 4] 1425 	rla
    00000619 F8 11            [12] 1426 	ldhl	sp,	#17
    0000061B 77               [ 8] 1427 	ld	(hl), a
    0000061C 3E 17            [ 8] 1428 	ld	a, #0x17
    0000061E F8 0D            [12] 1429 	ldhl	sp,	#13
    00000620 96               [ 8] 1430 	sub	a, (hl)
    00000621 3E 00            [ 8] 1431 	ld	a, #0x00
    00000623 17               [ 4] 1432 	rla
    00000624 F8 15            [12] 1433 	ldhl	sp,	#21
    00000626 77               [ 8] 1434 	ld	(hl), a
                                   1435 ;src/dandy_core.c:308: if (tile >= 24 && tile <= 55) {
    00000627 F8 0D            [12] 1436 	ldhl	sp,	#13
    00000629 7E               [ 8] 1437 	ld	a, (hl)
    0000062A D6 18            [ 8] 1438 	sub	a, #0x18
    0000062C 38 09            [12] 1439 	jr	C, 00112$
    0000062E 3E 37            [ 8] 1440 	ld	a, #0x37
    00000630 96               [ 8] 1441 	sub	a, (hl)
    00000631 38 04            [12] 1442 	jr	C, 00112$
                                   1443 ;src/dandy_core.c:309: is_sprite = true; // Players
    00000633 0E 01            [ 8] 1444 	ld	c, #0x01
    00000635 18 1E            [12] 1445 	jr	00113$
    00000637                       1446 00112$:
                                   1447 ;src/dandy_core.c:310: } else if (tile >= TILE_MONSTER1 && tile <= TILE_MONSTER3) {
    00000637 F8 0D            [12] 1448 	ldhl	sp,	#13
    00000639 7E               [ 8] 1449 	ld	a, (hl)
    0000063A D6 09            [ 8] 1450 	sub	a, #0x09
    0000063C 38 09            [12] 1451 	jr	C, 00108$
    0000063E 3E 0B            [ 8] 1452 	ld	a, #0x0b
    00000640 96               [ 8] 1453 	sub	a, (hl)
    00000641 38 04            [12] 1454 	jr	C, 00108$
                                   1455 ;src/dandy_core.c:311: is_sprite = true; // Monsters
    00000643 0E 01            [ 8] 1456 	ld	c, #0x01
    00000645 18 0E            [12] 1457 	jr	00113$
    00000647                       1458 00108$:
                                   1459 ;src/dandy_core.c:312: } else if (tile >= TILE_ARROW && tile <= TILE_ARROW + 7) {
    00000647 F8 11            [12] 1460 	ldhl	sp,	#17
    00000649 CB 46            [12] 1461 	bit	0, (hl)
    0000064B 20 08            [12] 1462 	jr	NZ, 00113$
    0000064D F8 15            [12] 1463 	ldhl	sp,	#21
    0000064F CB 46            [12] 1464 	bit	0, (hl)
    00000651 20 02            [12] 1465 	jr	NZ, 00113$
                                   1466 ;src/dandy_core.c:313: is_sprite = true; // Arrows
    00000653 0E 01            [ 8] 1467 	ld	c, #0x01
    00000655                       1468 00113$:
                                   1469 ;src/dandy_core.c:316: if (is_sprite) {
    00000655 CB 41            [ 8] 1470 	bit	0, c
    00000657 CAr21r07         [16] 1471 	jp	Z, 00127$
                                   1472 ;src/dandy_core.c:318: hal_draw_tile(sx, sy, TILE_SPACE);
    0000065A AF               [ 4] 1473 	xor	a, a
    0000065B F5               [16] 1474 	push	af
    0000065C 33               [ 8] 1475 	inc	sp
    0000065D F8 13            [12] 1476 	ldhl	sp,	#19
    0000065F 2A               [ 8] 1477 	ld	a, (hl+)
    00000660 23               [ 8] 1478 	inc	hl
    00000661 5F               [ 4] 1479 	ld	e, a
    00000662 7E               [ 8] 1480 	ld	a, (hl)
    00000663 CDr00r00         [24] 1481 	call	_hal_draw_tile
                                   1482 ;src/dandy_core.c:321: if (sprite_count < 40) {
    00000666 F8 13            [12] 1483 	ldhl	sp,	#19
    00000668 7E               [ 8] 1484 	ld	a, (hl)
    00000669 D6 28            [ 8] 1485 	sub	a, #0x28
    0000066B D2r2Fr07         [16] 1486 	jp	NC, 00136$
                                   1487 ;src/dandy_core.c:322: uint8_t sprite_flags = 0;
    0000066E F8 0E            [12] 1488 	ldhl	sp,	#14
    00000670 36 00            [12] 1489 	ld	(hl), #0x00
                                   1490 ;src/dandy_core.c:323: if (tile >= TILE_ARROW && tile <= TILE_ARROW + 7) {
    00000672 F8 11            [12] 1491 	ldhl	sp,	#17
    00000674 CB 46            [12] 1492 	bit	0, (hl)
    00000676 C2r04r07         [16] 1493 	jp	NZ, 00122$
    00000679 F8 15            [12] 1494 	ldhl	sp,	#21
    0000067B CB 46            [12] 1495 	bit	0, (hl)
    0000067D C2r04r07         [16] 1496 	jp	NZ, 00122$
                                   1497 ;src/dandy_core.c:325: for (uint8_t ap = 0; ap < MAX_PLAYERS; ++ap) {
    00000680 F8 0F            [12] 1498 	ldhl	sp,	#15
    00000682 36 00            [12] 1499 	ld	(hl), #0x00
    00000684 F8 15            [12] 1500 	ldhl	sp,	#21
    00000686 36 00            [12] 1501 	ld	(hl), #0x00
    00000688                       1502 00132$:
    00000688 F8 15            [12] 1503 	ldhl	sp,	#21
    0000068A 7E               [ 8] 1504 	ld	a, (hl)
    0000068B D6 04            [ 8] 1505 	sub	a, #0x04
    0000068D 30 75            [12] 1506 	jr	NC, 00122$
                                   1507 ;src/dandy_core.c:326: if (player_joined[ap] && arrow_dir[ap] != -1 &&
    0000068F 11r0Ar07         [12] 1508 	ld	de, #_player_joined
    00000692 6E               [ 8] 1509 	ld	l, (hl)
    00000693 26 00            [ 8] 1510 	ld	h, #0x00
    00000695 19               [ 8] 1511 	add	hl, de
    00000696 E5               [16] 1512 	push	hl
    00000697 7D               [ 4] 1513 	ld	a, l
    00000698 F8 12            [12] 1514 	ldhl	sp,	#18
    0000069A 77               [ 8] 1515 	ld	(hl), a
    0000069B E1               [12] 1516 	pop	hl
    0000069C 7C               [ 4] 1517 	ld	a, h
    0000069D F8 11            [12] 1518 	ldhl	sp,	#17
    0000069F 32               [ 8] 1519 	ld	(hl-), a
    000006A0 2A               [ 8] 1520 	ld	a, (hl+)
    000006A1 5F               [ 4] 1521 	ld	e, a
    000006A2 56               [ 8] 1522 	ld	d, (hl)
    000006A3 1A               [ 8] 1523 	ld	a, (de)
    000006A4 CB 47            [ 8] 1524 	bit	0,a
    000006A6 28 53            [12] 1525 	jr	Z, 00133$
    000006A8 11r3Fr07         [12] 1526 	ld	de, #_arrow_dir
    000006AB F8 15            [12] 1527 	ldhl	sp,	#21
    000006AD 6E               [ 8] 1528 	ld	l, (hl)
    000006AE 26 00            [ 8] 1529 	ld	h, #0x00
    000006B0 19               [ 8] 1530 	add	hl, de
    000006B1 4D               [ 4] 1531 	ld	c, l
    000006B2 44               [ 4] 1532 	ld	b, h
    000006B3 0A               [ 8] 1533 	ld	a, (bc)
    000006B4 3C               [ 4] 1534 	inc	a
    000006B5 28 44            [12] 1535 	jr	Z, 00133$
                                   1536 ;src/dandy_core.c:327: arrow_x[ap] == (vp_left + sx) && arrow_y[ap] == (vp_top + sy)) {
    000006B7 11r37r07         [12] 1537 	ld	de, #_arrow_x
    000006BA F8 15            [12] 1538 	ldhl	sp,	#21
    000006BC 6E               [ 8] 1539 	ld	l, (hl)
    000006BD 26 00            [ 8] 1540 	ld	h, #0x00
    000006BF 19               [ 8] 1541 	add	hl, de
    000006C0 4D               [ 4] 1542 	ld	c, l
    000006C1 44               [ 4] 1543 	ld	b, h
    000006C2 0A               [ 8] 1544 	ld	a, (bc)
    000006C3 4F               [ 4] 1545 	ld	c, a
    000006C4 06 00            [ 8] 1546 	ld	b, #0x00
    000006C6 F8 0B            [12] 1547 	ldhl	sp,	#11
    000006C8 7E               [ 8] 1548 	ld	a, (hl)
    000006C9 91               [ 4] 1549 	sub	a, c
    000006CA 20 2F            [12] 1550 	jr	NZ, 00133$
    000006CC 23               [ 8] 1551 	inc	hl
    000006CD 7E               [ 8] 1552 	ld	a, (hl)
    000006CE 90               [ 4] 1553 	sub	a, b
    000006CF 20 2A            [12] 1554 	jr	NZ, 00133$
    000006D1 11r3Br07         [12] 1555 	ld	de, #_arrow_y
    000006D4 F8 15            [12] 1556 	ldhl	sp,	#21
    000006D6 6E               [ 8] 1557 	ld	l, (hl)
    000006D7 26 00            [ 8] 1558 	ld	h, #0x00
    000006D9 19               [ 8] 1559 	add	hl, de
    000006DA 4D               [ 4] 1560 	ld	c, l
    000006DB 44               [ 4] 1561 	ld	b, h
    000006DC 0A               [ 8] 1562 	ld	a, (bc)
    000006DD 4F               [ 4] 1563 	ld	c, a
    000006DE F8 12            [12] 1564 	ldhl	sp,	#18
    000006E0 7E               [ 8] 1565 	ld	a, (hl)
    000006E1 06 00            [ 8] 1566 	ld	b, #0x00
    000006E3 F8 06            [12] 1567 	ldhl	sp,	#6
    000006E5 5E               [ 8] 1568 	ld	e, (hl)
    000006E6 23               [ 8] 1569 	inc	hl
    000006E7 56               [ 8] 1570 	ld	d, (hl)
    000006E8 6F               [ 4] 1571 	ld	l, a
    000006E9 60               [ 4] 1572 	ld	h, b
    000006EA 19               [ 8] 1573 	add	hl, de
    000006EB 06 00            [ 8] 1574 	ld	b, #0x00
    000006ED 7D               [ 4] 1575 	ld	a, l
    000006EE 91               [ 4] 1576 	sub	a, c
    000006EF 20 0A            [12] 1577 	jr	NZ, 00133$
    000006F1 7C               [ 4] 1578 	ld	a, h
    000006F2 90               [ 4] 1579 	sub	a, b
    000006F3 20 06            [12] 1580 	jr	NZ, 00133$
                                   1581 ;src/dandy_core.c:328: sprite_flags = ap; // Store player index (0..3) in flags
    000006F5 F8 0F            [12] 1582 	ldhl	sp,	#15
    000006F7 3A               [ 8] 1583 	ld	a, (hl-)
    000006F8 77               [ 8] 1584 	ld	(hl), a
                                   1585 ;src/dandy_core.c:329: break;
    000006F9 18 09            [12] 1586 	jr	00122$
    000006FB                       1587 00133$:
                                   1588 ;src/dandy_core.c:325: for (uint8_t ap = 0; ap < MAX_PLAYERS; ++ap) {
    000006FB F8 15            [12] 1589 	ldhl	sp,	#21
    000006FD 34               [12] 1590 	inc	(hl)
    000006FE 7E               [ 8] 1591 	ld	a, (hl)
    000006FF F8 0F            [12] 1592 	ldhl	sp,	#15
    00000701 77               [ 8] 1593 	ld	(hl), a
    00000702 18 84            [12] 1594 	jr	00132$
    00000704                       1595 00122$:
                                   1596 ;src/dandy_core.c:333: hal_set_sprite(sprite_count++, sx * 8, sy * 8, tile, sprite_flags);
    00000704 F8 14            [12] 1597 	ldhl	sp,	#20
    00000706 3A               [ 8] 1598 	ld	a, (hl-)
    00000707 87               [ 4] 1599 	add	a, a
    00000708 87               [ 4] 1600 	add	a, a
    00000709 87               [ 4] 1601 	add	a, a
    0000070A 5F               [ 4] 1602 	ld	e, a
    0000070B 7E               [ 8] 1603 	ld	a, (hl)
    0000070C 34               [12] 1604 	inc	(hl)
    0000070D F8 0E            [12] 1605 	ldhl	sp,	#14
    0000070F 66               [ 8] 1606 	ld	h, (hl)
    00000710 E5               [16] 1607 	push	hl
    00000711 33               [ 8] 1608 	inc	sp
    00000712 F8 0E            [12] 1609 	ldhl	sp,	#14
    00000714 66               [ 8] 1610 	ld	h, (hl)
    00000715 E5               [16] 1611 	push	hl
    00000716 33               [ 8] 1612 	inc	sp
    00000717 F8 0C            [12] 1613 	ldhl	sp,	#12
    00000719 66               [ 8] 1614 	ld	h, (hl)
    0000071A E5               [16] 1615 	push	hl
    0000071B 33               [ 8] 1616 	inc	sp
    0000071C CDr00r00         [24] 1617 	call	_hal_set_sprite
    0000071F 18 0E            [12] 1618 	jr	00136$
    00000721                       1619 00127$:
                                   1620 ;src/dandy_core.c:337: hal_draw_tile(sx, sy, tile);
    00000721 F8 0D            [12] 1621 	ldhl	sp,	#13
    00000723 7E               [ 8] 1622 	ld	a, (hl)
    00000724 F5               [16] 1623 	push	af
    00000725 33               [ 8] 1624 	inc	sp
    00000726 F8 13            [12] 1625 	ldhl	sp,	#19
    00000728 2A               [ 8] 1626 	ld	a, (hl+)
    00000729 23               [ 8] 1627 	inc	hl
    0000072A 5F               [ 4] 1628 	ld	e, a
    0000072B 7E               [ 8] 1629 	ld	a, (hl)
    0000072C CDr00r00         [24] 1630 	call	_hal_draw_tile
    0000072F                       1631 00136$:
                                   1632 ;src/dandy_core.c:303: for (uint8_t sx = 0; sx < 20; ++sx) {
    0000072F F8 14            [12] 1633 	ldhl	sp,	#20
    00000731 34               [12] 1634 	inc	(hl)
    00000732 C3rDFr05         [16] 1635 	jp	00135$
    00000735                       1636 00163$:
    00000735 F8 13            [12] 1637 	ldhl	sp,	#19
    00000737 2A               [ 8] 1638 	ld	a, (hl+)
    00000738 23               [ 8] 1639 	inc	hl
    00000739 77               [ 8] 1640 	ld	(hl), a
                                   1641 ;src/dandy_core.c:301: for (uint8_t sy = 0; sy < 10; ++sy) {
    0000073A F8 12            [12] 1642 	ldhl	sp,	#18
    0000073C 34               [12] 1643 	inc	(hl)
    0000073D C3r88r05         [16] 1644 	jp	00138$
    00000740                       1645 00140$:
                                   1646 ;src/dandy_core.c:341: }
    00000740 E8 16            [16] 1647 	add	sp, #22
    00000742 C9               [16] 1648 	ret
                                   1649 ;src/dandy_core.c:346: static void set_player_start_position(void) {
                                   1650 ;	---------------------------------
                                   1651 ; Function set_player_start_position
                                   1652 ; ---------------------------------
    00000743                       1653 _set_player_start_position:
    00000743 E8 F5            [16] 1654 	add	sp, #-11
                                   1655 ;src/dandy_core.c:347: int16_t up_x = 1, up_y = 2; // Fallback defaults
    00000745 F8 00            [12] 1656 	ldhl	sp,	#0
    00000747 3E 01            [ 8] 1657 	ld	a, #0x01
    00000749 22               [ 8] 1658 	ld	(hl+), a
                                   1659 ;src/dandy_core.c:348: bool found = false;
    0000074A 3E 02            [ 8] 1660 	ld	a, #0x02
    0000074C 22               [ 8] 1661 	ld	(hl+), a
    0000074D 36 00            [12] 1662 	ld	(hl), #0x00
                                   1663 ;src/dandy_core.c:352: for (uint8_t y = 0; y < DANDY_LEVEL_HEIGHT; ++y) {
    0000074F F8 09            [12] 1664 	ldhl	sp,	#9
    00000751 36 00            [12] 1665 	ld	(hl), #0x00
    00000753                       1666 00114$:
    00000753 F8 09            [12] 1667 	ldhl	sp,	#9
    00000755 7E               [ 8] 1668 	ld	a, (hl)
    00000756 D6 1E            [ 8] 1669 	sub	a, #0x1e
    00000758 30 68            [12] 1670 	jr	NC, 00106$
                                   1671 ;src/dandy_core.c:353: uint16_t row_offset = row_offsets[y];
    0000075A 4E               [ 8] 1672 	ld	c, (hl)
    0000075B AF               [ 4] 1673 	xor	a, a
    0000075C 69               [ 4] 1674 	ld	l, c
    0000075D 67               [ 4] 1675 	ld	h, a
    0000075E 29               [ 8] 1676 	add	hl, hl
    0000075F 11r28r00         [12] 1677 	ld	de, #_row_offsets
    00000762 19               [ 8] 1678 	add	hl, de
    00000763 5D               [ 4] 1679 	ld	e, l
    00000764 54               [ 4] 1680 	ld	d, h
    00000765 1A               [ 8] 1681 	ld	a, (de)
    00000766 F8 03            [12] 1682 	ldhl	sp,	#3
    00000768 22               [ 8] 1683 	ld	(hl+), a
    00000769 13               [ 8] 1684 	inc	de
    0000076A 1A               [ 8] 1685 	ld	a, (de)
    0000076B 77               [ 8] 1686 	ld	(hl), a
                                   1687 ;src/dandy_core.c:354: for (uint8_t x = 0; x < DANDY_LEVEL_WIDTH; ++x) {
    0000076C F8 05            [12] 1688 	ldhl	sp,	#5
    0000076E 36 00            [12] 1689 	ld	(hl), #0x00
    00000770 F8 0A            [12] 1690 	ldhl	sp,	#10
    00000772 36 00            [12] 1691 	ld	(hl), #0x00
    00000774                       1692 00111$:
    00000774 F8 0A            [12] 1693 	ldhl	sp,	#10
                                   1694 ;src/dandy_core.c:355: if (dandy_map[row_offset + x] == TILE_UP) {
    00000776 7E               [ 8] 1695 	ld	a,(hl)
    00000777 FE 3C            [ 8] 1696 	cp	a,#0x3c
    00000779 30 3C            [12] 1697 	jr	NC, 00103$
    0000077B F8 06            [12] 1698 	ldhl	sp,	#6
    0000077D 77               [ 8] 1699 	ld	(hl), a
    0000077E F8 03            [12] 1700 	ldhl	sp,	#3
    00000780 7E               [ 8] 1701 	ld	a, (hl)
    00000781 F8 07            [12] 1702 	ldhl	sp,	#7
    00000783 77               [ 8] 1703 	ld	(hl), a
    00000784 F8 04            [12] 1704 	ldhl	sp,	#4
    00000786 7E               [ 8] 1705 	ld	a, (hl)
    00000787 F8 08            [12] 1706 	ldhl	sp,	#8
    00000789 32               [ 8] 1707 	ld	(hl-), a
    0000078A 2B               [ 8] 1708 	dec	hl
    0000078B 2A               [ 8] 1709 	ld	a, (hl+)
    0000078C 4F               [ 4] 1710 	ld	c, a
    0000078D 06 00            [ 8] 1711 	ld	b, #0x00
    0000078F 2A               [ 8] 1712 	ld	a,	(hl+)
    00000790 66               [ 8] 1713 	ld	h, (hl)
    00000791 6F               [ 4] 1714 	ld	l, a
    00000792 09               [ 8] 1715 	add	hl, bc
    00000793 4D               [ 4] 1716 	ld	c, l
    00000794 44               [ 4] 1717 	ld	b, h
    00000795 21r00r00         [12] 1718 	ld	hl, #_dandy_map
    00000798 09               [ 8] 1719 	add	hl, bc
    00000799 7E               [ 8] 1720 	ld	a, (hl)
    0000079A D6 03            [ 8] 1721 	sub	a, #0x03
    0000079C 20 10            [12] 1722 	jr	NZ, 00112$
                                   1723 ;src/dandy_core.c:356: up_x = x;
    0000079E F8 05            [12] 1724 	ldhl	sp,	#5
    000007A0 7E               [ 8] 1725 	ld	a, (hl)
    000007A1 F8 00            [12] 1726 	ldhl	sp,	#0
    000007A3 77               [ 8] 1727 	ld	(hl), a
                                   1728 ;src/dandy_core.c:357: up_y = y;
    000007A4 F8 09            [12] 1729 	ldhl	sp,	#9
    000007A6 7E               [ 8] 1730 	ld	a, (hl)
    000007A7 F8 01            [12] 1731 	ldhl	sp,	#1
                                   1732 ;src/dandy_core.c:358: found = true;
    000007A9 22               [ 8] 1733 	ld	(hl+), a
    000007AA 36 01            [12] 1734 	ld	(hl), #0x01
                                   1735 ;src/dandy_core.c:359: break;
    000007AC 18 09            [12] 1736 	jr	00103$
    000007AE                       1737 00112$:
                                   1738 ;src/dandy_core.c:354: for (uint8_t x = 0; x < DANDY_LEVEL_WIDTH; ++x) {
    000007AE F8 0A            [12] 1739 	ldhl	sp,	#10
    000007B0 34               [12] 1740 	inc	(hl)
    000007B1 7E               [ 8] 1741 	ld	a, (hl)
    000007B2 F8 05            [12] 1742 	ldhl	sp,	#5
    000007B4 77               [ 8] 1743 	ld	(hl), a
    000007B5 18 BD            [12] 1744 	jr	00111$
    000007B7                       1745 00103$:
                                   1746 ;src/dandy_core.c:362: if (found) break;
    000007B7 F8 02            [12] 1747 	ldhl	sp,	#2
    000007B9 CB 46            [12] 1748 	bit	0, (hl)
    000007BB 20 05            [12] 1749 	jr	NZ, 00106$
                                   1750 ;src/dandy_core.c:352: for (uint8_t y = 0; y < DANDY_LEVEL_HEIGHT; ++y) {
    000007BD F8 09            [12] 1751 	ldhl	sp,	#9
    000007BF 34               [12] 1752 	inc	(hl)
    000007C0 18 91            [12] 1753 	jr	00114$
    000007C2                       1754 00106$:
                                   1755 ;src/dandy_core.c:365: for (uint8_t p = 0; p < MAX_PLAYERS; ++p) {
    000007C2 F8 0A            [12] 1756 	ldhl	sp,	#10
    000007C4 36 00            [12] 1757 	ld	(hl), #0x00
    000007C6                       1758 00117$:
    000007C6 F8 0A            [12] 1759 	ldhl	sp,	#10
    000007C8 7E               [ 8] 1760 	ld	a, (hl)
    000007C9 D6 04            [ 8] 1761 	sub	a, #0x04
    000007CB D2rB2r08         [16] 1762 	jp	NC, 00119$
                                   1763 ;src/dandy_core.c:366: int16_t px = clamp(up_x + spawn_offsets_x[p], 0, DANDY_LEVEL_WIDTH - 1);
    000007CE 11rB5r08         [12] 1764 	ld	de, #_spawn_offsets_x
    000007D1 6E               [ 8] 1765 	ld	l, (hl)
    000007D2 26 00            [ 8] 1766 	ld	h, #0x00
    000007D4 19               [ 8] 1767 	add	hl, de
    000007D5 E5               [16] 1768 	push	hl
    000007D6 7D               [ 4] 1769 	ld	a, l
    000007D7 F8 0A            [12] 1770 	ldhl	sp,	#10
    000007D9 77               [ 8] 1771 	ld	(hl), a
    000007DA E1               [12] 1772 	pop	hl
    000007DB 7C               [ 4] 1773 	ld	a, h
    000007DC F8 09            [12] 1774 	ldhl	sp,	#9
    000007DE 32               [ 8] 1775 	ld	(hl-), a
    000007DF 2A               [ 8] 1776 	ld	a, (hl+)
    000007E0 5F               [ 4] 1777 	ld	e, a
    000007E1 56               [ 8] 1778 	ld	d, (hl)
    000007E2 1A               [ 8] 1779 	ld	a, (de)
    000007E3 77               [ 8] 1780 	ld	(hl), a
    000007E4 F8 04            [12] 1781 	ldhl	sp,	#4
    000007E6 22               [ 8] 1782 	ld	(hl+), a
    000007E7 07               [ 4] 1783 	rlca
    000007E8 9F               [ 4] 1784 	sbc	a, a
    000007E9 77               [ 8] 1785 	ld	(hl), a
    000007EA F8 00            [12] 1786 	ldhl	sp,	#0
    000007EC 7E               [ 8] 1787 	ld	a, (hl)
    000007ED F8 06            [12] 1788 	ldhl	sp,	#6
    000007EF 22               [ 8] 1789 	ld	(hl+), a
    000007F0 AF               [ 4] 1790 	xor	a, a
    000007F1 32               [ 8] 1791 	ld	(hl-), a
    000007F2 2A               [ 8] 1792 	ld	a, (hl+)
    000007F3 5F               [ 4] 1793 	ld	e, a
    000007F4 56               [ 8] 1794 	ld	d, (hl)
    000007F5 F8 04            [12] 1795 	ldhl	sp,	#4
    000007F7 2A               [ 8] 1796 	ld	a,	(hl+)
    000007F8 66               [ 8] 1797 	ld	h, (hl)
    000007F9 6F               [ 4] 1798 	ld	l, a
    000007FA 19               [ 8] 1799 	add	hl, de
    000007FB E5               [16] 1800 	push	hl
    000007FC 7D               [ 4] 1801 	ld	a, l
    000007FD F8 0A            [12] 1802 	ldhl	sp,	#10
    000007FF 77               [ 8] 1803 	ld	(hl), a
    00000800 E1               [12] 1804 	pop	hl
    00000801 7C               [ 4] 1805 	ld	a, h
    00000802 F8 09            [12] 1806 	ldhl	sp,	#9
    00000804 32               [ 8] 1807 	ld	(hl-), a
    00000805 11 3B 00         [12] 1808 	ld	de, #0x003b
    00000808 D5               [16] 1809 	push	de
    00000809 01 00 00         [12] 1810 	ld	bc, #0x0000
    0000080C 2A               [ 8] 1811 	ld	a, (hl+)
    0000080D 5F               [ 4] 1812 	ld	e, a
    0000080E 56               [ 8] 1813 	ld	d, (hl)
    0000080F CDrABr16         [24] 1814 	call	_clamp
    00000812 F8 06            [12] 1815 	ldhl	sp,	#6
    00000814 79               [ 4] 1816 	ld	a, c
    00000815 22               [ 8] 1817 	ld	(hl+), a
    00000816 70               [ 8] 1818 	ld	(hl), b
                                   1819 ;src/dandy_core.c:367: int16_t py = clamp(up_y + spawn_offsets_y[p], 0, DANDY_LEVEL_HEIGHT - 1);
    00000817 11rB9r08         [12] 1820 	ld	de, #_spawn_offsets_y
    0000081A F8 0A            [12] 1821 	ldhl	sp,	#10
    0000081C 6E               [ 8] 1822 	ld	l, (hl)
    0000081D 26 00            [ 8] 1823 	ld	h, #0x00
    0000081F 19               [ 8] 1824 	add	hl, de
    00000820 4D               [ 4] 1825 	ld	c, l
    00000821 44               [ 4] 1826 	ld	b, h
    00000822 0A               [ 8] 1827 	ld	a, (bc)
    00000823 4F               [ 4] 1828 	ld	c, a
    00000824 07               [ 4] 1829 	rlca
    00000825 9F               [ 4] 1830 	sbc	a, a
    00000826 47               [ 4] 1831 	ld	b, a
    00000827 F8 01            [12] 1832 	ldhl	sp,	#1
    00000829 7E               [ 8] 1833 	ld	a, (hl)
    0000082A 16 00            [ 8] 1834 	ld	d, #0x00
    0000082C 81               [ 4] 1835 	add	a, c
    0000082D 5F               [ 4] 1836 	ld	e, a
    0000082E 7A               [ 4] 1837 	ld	a, d
    0000082F 88               [ 4] 1838 	adc	a, b
    00000830 57               [ 4] 1839 	ld	d, a
    00000831 01 1D 00         [12] 1840 	ld	bc, #0x001d
    00000834 C5               [16] 1841 	push	bc
    00000835 01 00 00         [12] 1842 	ld	bc, #0x0000
    00000838 CDrABr16         [24] 1843 	call	_clamp
                                   1844 ;src/dandy_core.c:369: player_x[p] = (uint8_t)px;
    0000083B 11r0Fr07         [12] 1845 	ld	de, #_player_x
    0000083E F8 0A            [12] 1846 	ldhl	sp,	#10
    00000840 6E               [ 8] 1847 	ld	l, (hl)
    00000841 26 00            [ 8] 1848 	ld	h, #0x00
    00000843 19               [ 8] 1849 	add	hl, de
    00000844 E5               [16] 1850 	push	hl
    00000845 7D               [ 4] 1851 	ld	a, l
    00000846 F8 0A            [12] 1852 	ldhl	sp,	#10
    00000848 77               [ 8] 1853 	ld	(hl), a
    00000849 E1               [12] 1854 	pop	hl
    0000084A 7C               [ 4] 1855 	ld	a, h
    0000084B F8 09            [12] 1856 	ldhl	sp,	#9
    0000084D 77               [ 8] 1857 	ld	(hl), a
    0000084E F8 06            [12] 1858 	ldhl	sp,	#6
    00000850 2A               [ 8] 1859 	ld	a, (hl+)
    00000851 23               [ 8] 1860 	inc	hl
    00000852 5E               [ 8] 1861 	ld	e, (hl)
    00000853 23               [ 8] 1862 	inc	hl
    00000854 66               [ 8] 1863 	ld	h, (hl)
    00000855 6B               [ 4] 1864 	ld	l, e
    00000856 77               [ 8] 1865 	ld	(hl), a
                                   1866 ;src/dandy_core.c:370: player_y[p] = (uint8_t)py;
    00000857 11r13r07         [12] 1867 	ld	de, #_player_y
    0000085A F8 0A            [12] 1868 	ldhl	sp,	#10
    0000085C 6E               [ 8] 1869 	ld	l, (hl)
    0000085D 26 00            [ 8] 1870 	ld	h, #0x00
    0000085F 19               [ 8] 1871 	add	hl, de
    00000860 5D               [ 4] 1872 	ld	e, l
    00000861 54               [ 4] 1873 	ld	d, h
    00000862 79               [ 4] 1874 	ld	a, c
    00000863 12               [ 8] 1875 	ld	(de), a
                                   1876 ;src/dandy_core.c:373: if (player_joined[p]) {
    00000864 D5               [16] 1877 	push	de
    00000865 11r0Ar07         [12] 1878 	ld	de, #_player_joined
    00000868 F8 0C            [12] 1879 	ldhl	sp,	#12
    0000086A 6E               [ 8] 1880 	ld	l, (hl)
    0000086B 26 00            [ 8] 1881 	ld	h, #0x00
    0000086D 19               [ 8] 1882 	add	hl, de
    0000086E D1               [12] 1883 	pop	de
    0000086F 4D               [ 4] 1884 	ld	c, l
    00000870 44               [ 4] 1885 	ld	b, h
    00000871 0A               [ 8] 1886 	ld	a, (bc)
    00000872 4F               [ 4] 1887 	ld	c, a
    00000873 CB 41            [ 8] 1888 	bit	0, c
    00000875 28 35            [12] 1889 	jr	Z, 00118$
                                   1890 ;src/dandy_core.c:374: dandy_map[row_offsets[player_y[p]] + player_x[p]] = GET_PLAYER_TILE(p, player_dir[p]);
    00000877 1A               [ 8] 1891 	ld	a, (de)
    00000878 26 00            [ 8] 1892 	ld	h, #0x00
    0000087A 6F               [ 4] 1893 	ld	l, a
    0000087B 29               [ 8] 1894 	add	hl, hl
    0000087C 11r28r00         [12] 1895 	ld	de, #_row_offsets
    0000087F 19               [ 8] 1896 	add	hl, de
    00000880 2A               [ 8] 1897 	ld	a, (hl+)
    00000881 4F               [ 4] 1898 	ld	c, a
    00000882 46               [ 8] 1899 	ld	b, (hl)
    00000883 F8 08            [12] 1900 	ldhl	sp,#8
    00000885 2A               [ 8] 1901 	ld	a, (hl+)
    00000886 5F               [ 4] 1902 	ld	e, a
    00000887 56               [ 8] 1903 	ld	d, (hl)
    00000888 1A               [ 8] 1904 	ld	a, (de)
    00000889 6F               [ 4] 1905 	ld	l, a
    0000088A 26 00            [ 8] 1906 	ld	h, #0x00
    0000088C 09               [ 8] 1907 	add	hl, bc
    0000088D 7D               [ 4] 1908 	ld	a, l
    0000088E C6r00            [ 8] 1909 	add	a, #<(_dandy_map)
    00000890 4F               [ 4] 1910 	ld	c, a
    00000891 7C               [ 4] 1911 	ld	a, h
    00000892 CEs00            [ 8] 1912 	adc	a, #>(_dandy_map)
    00000894 47               [ 4] 1913 	ld	b, a
    00000895 F8 0A            [12] 1914 	ldhl	sp,	#10
    00000897 3A               [ 8] 1915 	ld	a, (hl-)
    00000898 87               [ 4] 1916 	add	a, a
    00000899 87               [ 4] 1917 	add	a, a
    0000089A 87               [ 4] 1918 	add	a, a
    0000089B C6 18            [ 8] 1919 	add	a, #0x18
    0000089D 22               [ 8] 1920 	ld	(hl+), a
    0000089E 11r2Fr07         [12] 1921 	ld	de, #_player_dir
    000008A1 6E               [ 8] 1922 	ld	l, (hl)
    000008A2 26 00            [ 8] 1923 	ld	h, #0x00
    000008A4 19               [ 8] 1924 	add	hl, de
    000008A5 5D               [ 4] 1925 	ld	e, l
    000008A6 54               [ 4] 1926 	ld	d, h
    000008A7 1A               [ 8] 1927 	ld	a, (de)
    000008A8 F8 09            [12] 1928 	ldhl	sp,	#9
    000008AA 86               [ 8] 1929 	add	a, (hl)
    000008AB 02               [ 8] 1930 	ld	(bc), a
    000008AC                       1931 00118$:
                                   1932 ;src/dandy_core.c:365: for (uint8_t p = 0; p < MAX_PLAYERS; ++p) {
    000008AC F8 0A            [12] 1933 	ldhl	sp,	#10
    000008AE 34               [12] 1934 	inc	(hl)
    000008AF C3rC6r07         [16] 1935 	jp	00117$
    000008B2                       1936 00119$:
                                   1937 ;src/dandy_core.c:377: }
    000008B2 E8 0B            [16] 1938 	add	sp, #11
    000008B4 C9               [16] 1939 	ret
    000008B5                       1940 _spawn_offsets_x:
    000008B5 00                    1941 	.db #0x00	;  0
    000008B6 01                    1942 	.db #0x01	;  1
    000008B7 00                    1943 	.db #0x00	;  0
    000008B8 FF                    1944 	.db #0xff	; -1
    000008B9                       1945 _spawn_offsets_y:
    000008B9 FF                    1946 	.db #0xff	; -1
    000008BA 00                    1947 	.db #0x00	;  0
    000008BB 01                    1948 	.db #0x01	;  1
    000008BC 00                    1949 	.db #0x00	;  0
                                   1950 ;src/dandy_core.c:379: static void next_level(void) {
                                   1951 ;	---------------------------------
                                   1952 ; Function next_level
                                   1953 ; ---------------------------------
    000008BD                       1954 _next_level:
                                   1955 ;src/dandy_core.c:380: if (current_level < DANDY_NUM_LEVELS - 1) {
    000008BD 21r08r07         [12] 1956 	ld	hl, #_current_level
    000008C0 7E               [ 8] 1957 	ld	a, (hl)
    000008C1 D6 19            [ 8] 1958 	sub	a, #0x19
    000008C3 30 01            [12] 1959 	jr	NC, 00102$
                                   1960 ;src/dandy_core.c:381: current_level++;
    000008C5 34               [12] 1961 	inc	(hl)
    000008C6                       1962 00102$:
                                   1963 ;src/dandy_core.c:383: dandy_load_level(current_level);
    000008C6 FAr08r07         [16] 1964 	ld	a, (_current_level)
                                   1965 ;src/dandy_core.c:384: }
    000008C9 C3r00r01         [16] 1966 	jp	_dandy_load_level
                                   1967 ;src/dandy_core.c:386: static void end_game(void) {
                                   1968 ;	---------------------------------
                                   1969 ; Function end_game
                                   1970 ; ---------------------------------
    000008CC                       1971 _end_game:
                                   1972 ;src/dandy_core.c:387: current_level = 0;
    000008CC AF               [ 4] 1973 	xor	a, a
    000008CD EAr08r07         [16] 1974 	ld	(#_current_level),a
                                   1975 ;src/dandy_core.c:388: player_joined[0] = true;
    000008D0 01r0Ar07         [12] 1976 	ld	bc, #_player_joined+0
    000008D3 3E 01            [ 8] 1977 	ld	a, #0x01
    000008D5 02               [ 8] 1978 	ld	(bc), a
                                   1979 ;src/dandy_core.c:389: for (uint8_t p = 1; p < MAX_PLAYERS; ++p) {
    000008D6 1E 01            [ 8] 1980 	ld	e, #0x01
    000008D8                       1981 00104$:
    000008D8 7B               [ 4] 1982 	ld	a, e
    000008D9 D6 04            [ 8] 1983 	sub	a, #0x04
    000008DB 30 09            [12] 1984 	jr	NC, 00101$
                                   1985 ;src/dandy_core.c:390: player_joined[p] = false;
    000008DD 6B               [ 4] 1986 	ld	l, e
    000008DE 26 00            [ 8] 1987 	ld	h, #0x00
    000008E0 09               [ 8] 1988 	add	hl, bc
    000008E1 36 00            [12] 1989 	ld	(hl), #0x00
                                   1990 ;src/dandy_core.c:389: for (uint8_t p = 1; p < MAX_PLAYERS; ++p) {
    000008E3 1C               [ 4] 1991 	inc	e
    000008E4 18 F2            [12] 1992 	jr	00104$
    000008E6                       1993 00101$:
                                   1994 ;src/dandy_core.c:392: for (uint8_t p = 0; p < MAX_PLAYERS; ++p) {
    000008E6 0E 00            [ 8] 1995 	ld	c, #0x00
    000008E8                       1996 00107$:
    000008E8 79               [ 4] 1997 	ld	a, c
    000008E9 D6 04            [ 8] 1998 	sub	a, #0x04
    000008EB 30 31            [12] 1999 	jr	NC, 00102$
                                   2000 ;src/dandy_core.c:393: player_health[p] = 100;
    000008ED 69               [ 4] 2001 	ld	l, c
    000008EE 26 00            [ 8] 2002 	ld	h, #0x00
    000008F0 29               [ 8] 2003 	add	hl, hl
    000008F1 5D               [ 4] 2004 	ld	e, l
    000008F2 54               [ 4] 2005 	ld	d, h
    000008F3 21r17r07         [12] 2006 	ld	hl, #_player_health
    000008F6 19               [ 8] 2007 	add	hl, de
    000008F7 3E 64            [ 8] 2008 	ld	a, #0x64
    000008F9 22               [ 8] 2009 	ld	(hl+), a
    000008FA 36 00            [12] 2010 	ld	(hl), #0x00
                                   2011 ;src/dandy_core.c:394: player_keys[p] = 0;
    000008FC 21r2Br07         [12] 2012 	ld	hl, #_player_keys
    000008FF 06 00            [ 8] 2013 	ld	b, #0x00
    00000901 09               [ 8] 2014 	add	hl, bc
    00000902 36 00            [12] 2015 	ld	(hl), #0x00
                                   2016 ;src/dandy_core.c:395: player_bombs[p] = 0;
    00000904 21r27r07         [12] 2017 	ld	hl, #_player_bombs
    00000907 06 00            [ 8] 2018 	ld	b, #0x00
    00000909 09               [ 8] 2019 	add	hl, bc
    0000090A 36 00            [12] 2020 	ld	(hl), #0x00
                                   2021 ;src/dandy_core.c:396: player_score[p] = 0;
    0000090C 21r1Fr07         [12] 2022 	ld	hl, #_player_score
    0000090F 19               [ 8] 2023 	add	hl, de
    00000910 AF               [ 4] 2024 	xor	a, a
    00000911 22               [ 8] 2025 	ld	(hl+), a
    00000912 77               [ 8] 2026 	ld	(hl), a
                                   2027 ;src/dandy_core.c:397: player_dir[p] = 0;
    00000913 21r2Fr07         [12] 2028 	ld	hl, #_player_dir
    00000916 06 00            [ 8] 2029 	ld	b, #0x00
    00000918 09               [ 8] 2030 	add	hl, bc
    00000919 36 00            [12] 2031 	ld	(hl), #0x00
                                   2032 ;src/dandy_core.c:392: for (uint8_t p = 0; p < MAX_PLAYERS; ++p) {
    0000091B 0C               [ 4] 2033 	inc	c
    0000091C 18 CA            [12] 2034 	jr	00107$
    0000091E                       2035 00102$:
                                   2036 ;src/dandy_core.c:399: dandy_load_level(current_level);
    0000091E FAr08r07         [16] 2037 	ld	a, (_current_level)
                                   2038 ;src/dandy_core.c:400: }
    00000921 C3r00r01         [16] 2039 	jp	_dandy_load_level
                                   2040 ;src/dandy_core.c:402: static void do_player_buttons(uint8_t p_idx, uint8_t buttons) {
                                   2041 ;	---------------------------------
                                   2042 ; Function do_player_buttons
                                   2043 ; ---------------------------------
    00000924                       2044 _do_player_buttons:
    00000924 E8 FC            [16] 2045 	add	sp, #-4
    00000926 4F               [ 4] 2046 	ld	c, a
    00000927 43               [ 4] 2047 	ld	b, e
                                   2048 ;src/dandy_core.c:404: uint8_t delta_down = buttons & ~old_buttons[p_idx];
    00000928 11rC4r07         [12] 2049 	ld	de, #_do_player_buttons_old_buttons_10000_160+0
    0000092B 69               [ 4] 2050 	ld	l, c
    0000092C 26 00            [ 8] 2051 	ld	h, #0x00
    0000092E 19               [ 8] 2052 	add	hl, de
    0000092F 7E               [ 8] 2053 	ld	a, (hl)
    00000930 2F               [ 4] 2054 	cpl
    00000931 A0               [ 4] 2055 	and	a, b
                                   2056 ;src/dandy_core.c:405: old_buttons[p_idx] = buttons;
    00000932 70               [ 8] 2057 	ld	(hl), b
                                   2058 ;src/dandy_core.c:408: if (delta_down & BUTTON_BOMB) {
    00000933 CB 6F            [ 8] 2059 	bit	5, a
    00000935 28 18            [12] 2060 	jr	Z, 00104$
                                   2061 ;src/dandy_core.c:409: if (player_bombs[p_idx] > 0) {
    00000937 11r27r07         [12] 2062 	ld	de, #_player_bombs+0
    0000093A 69               [ 4] 2063 	ld	l, c
    0000093B 26 00            [ 8] 2064 	ld	h, #0x00
    0000093D 19               [ 8] 2065 	add	hl, de
    0000093E 7E               [ 8] 2066 	ld	a, (hl)
    0000093F B7               [ 4] 2067 	or	a, a
    00000940 28 0D            [12] 2068 	jr	Z, 00104$
                                   2069 ;src/dandy_core.c:410: player_bombs[p_idx]--;
    00000942 3D               [ 4] 2070 	dec	a
    00000943 77               [ 8] 2071 	ld	(hl), a
                                   2072 ;src/dandy_core.c:411: do_bomb(p_idx);
    00000944 C5               [16] 2073 	push	bc
    00000945 79               [ 4] 2074 	ld	a, c
    00000946 CDrE5r0E         [24] 2075 	call	_do_bomb
                                   2076 ;src/dandy_core.c:412: hal_play_sound(SOUND_BOMB);
    00000949 3E 03            [ 8] 2077 	ld	a, #0x03
    0000094B CDr00r00         [24] 2078 	call	_hal_play_sound
    0000094E C1               [12] 2079 	pop	bc
    0000094F                       2080 00104$:
                                   2081 ;src/dandy_core.c:417: if (buttons & BUTTON_FIRE) {
    0000094F CB 60            [ 8] 2082 	bit	4, b
    00000951 28 53            [12] 2083 	jr	Z, 00108$
                                   2084 ;src/dandy_core.c:418: if (arrow_dir[p_idx] == -1) {
    00000953 11r3Fr07         [12] 2085 	ld	de, #_arrow_dir
    00000956 69               [ 4] 2086 	ld	l, c
    00000957 26 00            [ 8] 2087 	ld	h, #0x00
    00000959 19               [ 8] 2088 	add	hl, de
    0000095A E5               [16] 2089 	push	hl
    0000095B 7D               [ 4] 2090 	ld	a, l
    0000095C F8 04            [12] 2091 	ldhl	sp,	#4
    0000095E 77               [ 8] 2092 	ld	(hl), a
    0000095F E1               [12] 2093 	pop	hl
    00000960 7C               [ 4] 2094 	ld	a, h
    00000961 F8 03            [12] 2095 	ldhl	sp,	#3
    00000963 32               [ 8] 2096 	ld	(hl-), a
    00000964 2A               [ 8] 2097 	ld	a, (hl+)
    00000965 5F               [ 4] 2098 	ld	e, a
    00000966 56               [ 8] 2099 	ld	d, (hl)
    00000967 1A               [ 8] 2100 	ld	a, (de)
    00000968 3C               [ 4] 2101 	inc	a
    00000969 20 3B            [12] 2102 	jr	NZ, 00108$
                                   2103 ;src/dandy_core.c:419: arrow_x[p_idx] = player_x[p_idx];
    0000096B 3Er37            [ 8] 2104 	ld	a, #<(_arrow_x)
    0000096D 81               [ 4] 2105 	add	a, c
    0000096E 5F               [ 4] 2106 	ld	e, a
    0000096F 3Es07            [ 8] 2107 	ld	a, #>(_arrow_x)
    00000971 CE 00            [ 8] 2108 	adc	a, #0x00
    00000973 57               [ 4] 2109 	ld	d, a
    00000974 3Er0F            [ 8] 2110 	ld	a, #<(_player_x)
    00000976 81               [ 4] 2111 	add	a, c
    00000977 6F               [ 4] 2112 	ld	l, a
    00000978 3Es07            [ 8] 2113 	ld	a, #>(_player_x)
    0000097A CE 00            [ 8] 2114 	adc	a, #0x00
    0000097C 67               [ 4] 2115 	ld	h, a
    0000097D 7E               [ 8] 2116 	ld	a, (hl)
    0000097E 12               [ 8] 2117 	ld	(de), a
                                   2118 ;src/dandy_core.c:420: arrow_y[p_idx] = player_y[p_idx];
    0000097F 3Er3B            [ 8] 2119 	ld	a, #<(_arrow_y)
    00000981 81               [ 4] 2120 	add	a, c
    00000982 5F               [ 4] 2121 	ld	e, a
    00000983 3Es07            [ 8] 2122 	ld	a, #>(_arrow_y)
    00000985 CE 00            [ 8] 2123 	adc	a, #0x00
    00000987 57               [ 4] 2124 	ld	d, a
    00000988 3Er13            [ 8] 2125 	ld	a, #<(_player_y)
    0000098A 81               [ 4] 2126 	add	a, c
    0000098B 6F               [ 4] 2127 	ld	l, a
    0000098C 3Es07            [ 8] 2128 	ld	a, #>(_player_y)
    0000098E CE 00            [ 8] 2129 	adc	a, #0x00
    00000990 67               [ 4] 2130 	ld	h, a
    00000991 7E               [ 8] 2131 	ld	a, (hl)
    00000992 12               [ 8] 2132 	ld	(de), a
                                   2133 ;src/dandy_core.c:421: arrow_dir[p_idx] = player_dir[p_idx];
    00000993 11r2Fr07         [12] 2134 	ld	de, #_player_dir+0
    00000996 69               [ 4] 2135 	ld	l, c
    00000997 26 00            [ 8] 2136 	ld	h, #0x00
    00000999 19               [ 8] 2137 	add	hl, de
    0000099A 7E               [ 8] 2138 	ld	a, (hl)
    0000099B D1               [12] 2139 	pop	de
    0000099C E1               [12] 2140 	pop	hl
    0000099D E5               [16] 2141 	push	hl
    0000099E D5               [16] 2142 	push	de
    0000099F 77               [ 8] 2143 	ld	(hl), a
                                   2144 ;src/dandy_core.c:422: hal_play_sound(SOUND_SHOOT);
    000009A0 C5               [16] 2145 	push	bc
    000009A1 AF               [ 4] 2146 	xor	a, a
    000009A2 CDr00r00         [24] 2147 	call	_hal_play_sound
    000009A5 C1               [12] 2148 	pop	bc
    000009A6                       2149 00108$:
                                   2150 ;src/dandy_core.c:427: int8_t d = buttons_to_dir[buttons & 0x0F];
    000009A6 11r77r00         [12] 2151 	ld	de, #_buttons_to_dir+0
    000009A9 78               [ 4] 2152 	ld	a, b
    000009AA E6 0F            [ 8] 2153 	and	a, #0x0f
    000009AC 6F               [ 4] 2154 	ld	l, a
    000009AD 26 00            [ 8] 2155 	ld	h, #0x00
    000009AF 19               [ 8] 2156 	add	hl, de
    000009B0 46               [ 8] 2157 	ld	b, (hl)
                                   2158 ;src/dandy_core.c:428: if (d >= 0) {
    000009B1 CB 78            [ 8] 2159 	bit	7, b
    000009B3 20 77            [12] 2160 	jr	NZ, 00115$
                                   2161 ;src/dandy_core.c:429: player_dir[p_idx] = d;
    000009B5 11r2Fr07         [12] 2162 	ld	de, #_player_dir
    000009B8 69               [ 4] 2163 	ld	l, c
    000009B9 26 00            [ 8] 2164 	ld	h, #0x00
    000009BB 19               [ 8] 2165 	add	hl, de
    000009BC 33               [ 8] 2166 	inc	sp
    000009BD 33               [ 8] 2167 	inc	sp
    000009BE E5               [16] 2168 	push	hl
    000009BF 70               [ 8] 2169 	ld	(hl), b
                                   2170 ;src/dandy_core.c:431: dandy_map[row_offsets[player_y[p_idx]] + player_x[p_idx]] = GET_PLAYER_TILE(p_idx, player_dir[p_idx]);
    000009C0 11r13r07         [12] 2171 	ld	de, #_player_y+0
    000009C3 69               [ 4] 2172 	ld	l, c
    000009C4 26 00            [ 8] 2173 	ld	h, #0x00
    000009C6 19               [ 8] 2174 	add	hl, de
    000009C7 6E               [ 8] 2175 	ld	l, (hl)
    000009C8 26 00            [ 8] 2176 	ld	h, #0x00
    000009CA 29               [ 8] 2177 	add	hl, hl
    000009CB 11r28r00         [12] 2178 	ld	de, #_row_offsets
    000009CE 19               [ 8] 2179 	add	hl, de
    000009CF 5D               [ 4] 2180 	ld	e, l
    000009D0 54               [ 4] 2181 	ld	d, h
    000009D1 1A               [ 8] 2182 	ld	a, (de)
    000009D2 F8 02            [12] 2183 	ldhl	sp,	#2
    000009D4 22               [ 8] 2184 	ld	(hl+), a
    000009D5 13               [ 8] 2185 	inc	de
    000009D6 1A               [ 8] 2186 	ld	a, (de)
    000009D7 77               [ 8] 2187 	ld	(hl), a
    000009D8 11r0Fr07         [12] 2188 	ld	de, #_player_x+0
    000009DB 69               [ 4] 2189 	ld	l, c
    000009DC 26 00            [ 8] 2190 	ld	h, #0x00
    000009DE 19               [ 8] 2191 	add	hl, de
    000009DF 7E               [ 8] 2192 	ld	a, (hl)
    000009E0 E1               [12] 2193 	pop	hl
    000009E1 D1               [12] 2194 	pop	de
    000009E2 D5               [16] 2195 	push	de
    000009E3 E5               [16] 2196 	push	hl
    000009E4 6F               [ 4] 2197 	ld	l, a
    000009E5 26 00            [ 8] 2198 	ld	h, #0x00
    000009E7 19               [ 8] 2199 	add	hl, de
    000009E8 11r00r00         [12] 2200 	ld	de, #_dandy_map
    000009EB 19               [ 8] 2201 	add	hl, de
    000009EC 79               [ 4] 2202 	ld	a, c
    000009ED 87               [ 4] 2203 	add	a, a
    000009EE 87               [ 4] 2204 	add	a, a
    000009EF 87               [ 4] 2205 	add	a, a
    000009F0 C6 18            [ 8] 2206 	add	a, #0x18
    000009F2 80               [ 4] 2207 	add	a, b
    000009F3 77               [ 8] 2208 	ld	(hl), a
                                   2209 ;src/dandy_core.c:432: is_dirty = true;
    000009F4 21r43r07         [12] 2210 	ld	hl, #_is_dirty
    000009F7 36 01            [12] 2211 	ld	(hl), #0x01
                                   2212 ;src/dandy_core.c:434: if (player_move_timer[p_idx] == 0) {
    000009F9 21r33r07         [12] 2213 	ld	hl, #_player_move_timer
    000009FC 06 00            [ 8] 2214 	ld	b, #0x00
    000009FE 09               [ 8] 2215 	add	hl, bc
    000009FF 7E               [ 8] 2216 	ld	a, (hl)
    00000A00 B7               [ 4] 2217 	or	a, a
    00000A01 20 29            [12] 2218 	jr	NZ, 00115$
                                   2219 ;src/dandy_core.c:435: player_move_timer[p_idx] = TICKS_PER_MOVE;
    00000A03 36 04            [12] 2220 	ld	(hl), #0x04
                                   2221 ;src/dandy_core.c:437: for (uint8_t di = 0; di < 3; ++di) {
    00000A05 06 00            [ 8] 2222 	ld	b, #0x00
    00000A07                       2223 00119$:
    00000A07 78               [ 4] 2224 	ld	a, b
    00000A08 D6 03            [ 8] 2225 	sub	a, #0x03
    00000A0A 30 20            [12] 2226 	jr	NC, 00115$
                                   2227 ;src/dandy_core.c:438: int8_t dd = (player_dir[p_idx] + search_order[di]) & 7;
    00000A0C D1               [12] 2228 	pop	de
    00000A0D D5               [16] 2229 	push	de
    00000A0E 1A               [ 8] 2230 	ld	a, (de)
    00000A0F 6F               [ 4] 2231 	ld	l, a
    00000A10 3Er74            [ 8] 2232 	ld	a, #<(_search_order)
    00000A12 80               [ 4] 2233 	add	a, b
    00000A13 5F               [ 4] 2234 	ld	e, a
    00000A14 3Es00            [ 8] 2235 	ld	a, #>(_search_order)
    00000A16 CE 00            [ 8] 2236 	adc	a, #0x00
    00000A18 57               [ 4] 2237 	ld	d, a
    00000A19 1A               [ 8] 2238 	ld	a, (de)
    00000A1A 85               [ 4] 2239 	add	a, l
    00000A1B E6 07            [ 8] 2240 	and	a, #0x07
                                   2241 ;src/dandy_core.c:439: if (move_player(p_idx, dd)) {
    00000A1D C5               [16] 2242 	push	bc
    00000A1E 5F               [ 4] 2243 	ld	e, a
    00000A1F 79               [ 4] 2244 	ld	a, c
    00000A20 CDr3Br0A         [24] 2245 	call	_move_player
    00000A23 5F               [ 4] 2246 	ld	e, a
    00000A24 C1               [12] 2247 	pop	bc
    00000A25 CB 43            [ 8] 2248 	bit	0, e
    00000A27 20 03            [12] 2249 	jr	NZ, 00115$
                                   2250 ;src/dandy_core.c:437: for (uint8_t di = 0; di < 3; ++di) {
    00000A29 04               [ 4] 2251 	inc	b
    00000A2A 18 DB            [12] 2252 	jr	00119$
    00000A2C                       2253 00115$:
                                   2254 ;src/dandy_core.c:446: if (player_move_timer[p_idx] > 0) {
    00000A2C 21r33r07         [12] 2255 	ld	hl, #_player_move_timer
    00000A2F 06 00            [ 8] 2256 	ld	b, #0x00
    00000A31 09               [ 8] 2257 	add	hl, bc
    00000A32 7E               [ 8] 2258 	ld	a, (hl)
    00000A33 B7               [ 4] 2259 	or	a, a
    00000A34 28 02            [12] 2260 	jr	Z, 00121$
                                   2261 ;src/dandy_core.c:447: player_move_timer[p_idx]--;
    00000A36 3D               [ 4] 2262 	dec	a
    00000A37 77               [ 8] 2263 	ld	(hl), a
    00000A38                       2264 00121$:
                                   2265 ;src/dandy_core.c:449: }
    00000A38 E8 04            [16] 2266 	add	sp, #4
    00000A3A C9               [16] 2267 	ret
                                   2268 ;src/dandy_core.c:451: static bool move_player(uint8_t p_idx, uint8_t dir) {
                                   2269 ;	---------------------------------
                                   2270 ; Function move_player
                                   2271 ; ---------------------------------
    00000A3B                       2272 _move_player:
    00000A3B E8 F5            [16] 2273 	add	sp, #-11
    00000A3D F8 0A            [12] 2274 	ldhl	sp,	#10
    00000A3F 32               [ 8] 2275 	ld	(hl-), a
                                   2276 ;src/dandy_core.c:452: int16_t nx = clamp((int16_t)player_x[p_idx] + dir_delta_x[dir], 0, DANDY_LEVEL_WIDTH - 1);
    00000A40 7B               [ 4] 2277 	ld	a, e
    00000A41 22               [ 8] 2278 	ld	(hl+), a
    00000A42 11r0Fr07         [12] 2279 	ld	de, #_player_x
    00000A45 6E               [ 8] 2280 	ld	l, (hl)
    00000A46 26 00            [ 8] 2281 	ld	h, #0x00
    00000A48 19               [ 8] 2282 	add	hl, de
    00000A49 33               [ 8] 2283 	inc	sp
    00000A4A 33               [ 8] 2284 	inc	sp
    00000A4B 5D               [ 4] 2285 	ld	e, l
    00000A4C 54               [ 4] 2286 	ld	d, h
    00000A4D D5               [16] 2287 	push	de
    00000A4E 1A               [ 8] 2288 	ld	a, (de)
    00000A4F F8 08            [12] 2289 	ldhl	sp,	#8
    00000A51 22               [ 8] 2290 	ld	(hl+), a
    00000A52 11r64r00         [12] 2291 	ld	de, #_dir_delta_x
    00000A55 6E               [ 8] 2292 	ld	l, (hl)
    00000A56 26 00            [ 8] 2293 	ld	h, #0x00
    00000A58 19               [ 8] 2294 	add	hl, de
    00000A59 4D               [ 4] 2295 	ld	c, l
    00000A5A 44               [ 4] 2296 	ld	b, h
    00000A5B 0A               [ 8] 2297 	ld	a, (bc)
    00000A5C F8 07            [12] 2298 	ldhl	sp,	#7
    00000A5E 77               [ 8] 2299 	ld	(hl), a
    00000A5F 3A               [ 8] 2300 	ld	a, (hl-)
    00000A60 2B               [ 8] 2301 	dec	hl
    00000A61 22               [ 8] 2302 	ld	(hl+), a
    00000A62 07               [ 4] 2303 	rlca
    00000A63 9F               [ 4] 2304 	sbc	a, a
    00000A64 22               [ 8] 2305 	ld	(hl+), a
    00000A65 23               [ 8] 2306 	inc	hl
    00000A66 3A               [ 8] 2307 	ld	a, (hl-)
    00000A67 22               [ 8] 2308 	ld	(hl+), a
    00000A68 AF               [ 4] 2309 	xor	a, a
    00000A69 32               [ 8] 2310 	ld	(hl-), a
    00000A6A 2A               [ 8] 2311 	ld	a, (hl+)
    00000A6B 5F               [ 4] 2312 	ld	e, a
    00000A6C 56               [ 8] 2313 	ld	d, (hl)
    00000A6D F8 05            [12] 2314 	ldhl	sp,	#5
    00000A6F 2A               [ 8] 2315 	ld	a,	(hl+)
    00000A70 66               [ 8] 2316 	ld	h, (hl)
    00000A71 6F               [ 4] 2317 	ld	l, a
    00000A72 19               [ 8] 2318 	add	hl, de
    00000A73 5D               [ 4] 2319 	ld	e, l
    00000A74 54               [ 4] 2320 	ld	d, h
    00000A75 01 3B 00         [12] 2321 	ld	bc, #0x003b
    00000A78 C5               [16] 2322 	push	bc
    00000A79 01 00 00         [12] 2323 	ld	bc, #0x0000
    00000A7C CDrABr16         [24] 2324 	call	_clamp
    00000A7F F8 02            [12] 2325 	ldhl	sp,	#2
    00000A81 79               [ 4] 2326 	ld	a, c
    00000A82 22               [ 8] 2327 	ld	(hl+), a
    00000A83 70               [ 8] 2328 	ld	(hl), b
                                   2329 ;src/dandy_core.c:453: int16_t ny = clamp((int16_t)player_y[p_idx] + dir_delta_y[dir], 0, DANDY_LEVEL_HEIGHT - 1);
    00000A84 11r13r07         [12] 2330 	ld	de, #_player_y
    00000A87 F8 0A            [12] 2331 	ldhl	sp,	#10
    00000A89 6E               [ 8] 2332 	ld	l, (hl)
    00000A8A 26 00            [ 8] 2333 	ld	h, #0x00
    00000A8C 19               [ 8] 2334 	add	hl, de
    00000A8D E5               [16] 2335 	push	hl
    00000A8E 7D               [ 4] 2336 	ld	a, l
    00000A8F F8 06            [12] 2337 	ldhl	sp,	#6
    00000A91 77               [ 8] 2338 	ld	(hl), a
    00000A92 E1               [12] 2339 	pop	hl
    00000A93 7C               [ 4] 2340 	ld	a, h
    00000A94 F8 05            [12] 2341 	ldhl	sp,	#5
    00000A96 32               [ 8] 2342 	ld	(hl-), a
    00000A97 2A               [ 8] 2343 	ld	a, (hl+)
    00000A98 5F               [ 4] 2344 	ld	e, a
    00000A99 56               [ 8] 2345 	ld	d, (hl)
    00000A9A 1A               [ 8] 2346 	ld	a, (de)
    00000A9B 4F               [ 4] 2347 	ld	c, a
    00000A9C 11r6Cr00         [12] 2348 	ld	de, #_dir_delta_y+0
    00000A9F F8 09            [12] 2349 	ldhl	sp,	#9
    00000AA1 6E               [ 8] 2350 	ld	l, (hl)
    00000AA2 26 00            [ 8] 2351 	ld	h, #0x00
    00000AA4 19               [ 8] 2352 	add	hl, de
    00000AA5 5D               [ 4] 2353 	ld	e, l
    00000AA6 54               [ 4] 2354 	ld	d, h
    00000AA7 1A               [ 8] 2355 	ld	a, (de)
    00000AA8 6F               [ 4] 2356 	ld	l, a
    00000AA9 07               [ 4] 2357 	rlca
    00000AAA 9F               [ 4] 2358 	sbc	a, a
    00000AAB 67               [ 4] 2359 	ld	h, a
    00000AAC 06 00            [ 8] 2360 	ld	b, #0x00
    00000AAE 09               [ 8] 2361 	add	hl, bc
    00000AAF 5D               [ 4] 2362 	ld	e, l
    00000AB0 54               [ 4] 2363 	ld	d, h
    00000AB1 01 1D 00         [12] 2364 	ld	bc, #0x001d
    00000AB4 C5               [16] 2365 	push	bc
    00000AB5 01 00 00         [12] 2366 	ld	bc, #0x0000
    00000AB8 CDrABr16         [24] 2367 	call	_clamp
                                   2368 ;src/dandy_core.c:454: uint16_t pos = row_offsets[ny] + nx;
    00000ABB 69               [ 4] 2369 	ld	l, c
    00000ABC 60               [ 4] 2370 	ld	h, b
    00000ABD 29               [ 8] 2371 	add	hl, hl
    00000ABE 11r28r00         [12] 2372 	ld	de, #_row_offsets
    00000AC1 19               [ 8] 2373 	add	hl, de
    00000AC2 5D               [ 4] 2374 	ld	e, l
    00000AC3 54               [ 4] 2375 	ld	d, h
    00000AC4 1A               [ 8] 2376 	ld	a, (de)
    00000AC5 F8 07            [12] 2377 	ldhl	sp,	#7
    00000AC7 22               [ 8] 2378 	ld	(hl+), a
    00000AC8 13               [ 8] 2379 	inc	de
    00000AC9 1A               [ 8] 2380 	ld	a, (de)
    00000ACA 77               [ 8] 2381 	ld	(hl), a
    00000ACB E1               [12] 2382 	pop	hl
    00000ACC D1               [12] 2383 	pop	de
    00000ACD D5               [16] 2384 	push	de
    00000ACE E5               [16] 2385 	push	hl
    00000ACF F8 07            [12] 2386 	ldhl	sp,	#7
    00000AD1 2A               [ 8] 2387 	ld	a,	(hl+)
    00000AD2 66               [ 8] 2388 	ld	h, (hl)
    00000AD3 6F               [ 4] 2389 	ld	l, a
    00000AD4 19               [ 8] 2390 	add	hl, de
    00000AD5 5D               [ 4] 2391 	ld	e, l
    00000AD6 54               [ 4] 2392 	ld	d, h
                                   2393 ;src/dandy_core.c:455: uint8_t tile = dandy_map[pos];
    00000AD7 21r00r00         [12] 2394 	ld	hl, #_dandy_map
    00000ADA 19               [ 8] 2395 	add	hl, de
    00000ADB 5E               [ 8] 2396 	ld	e, (hl)
                                   2397 ;src/dandy_core.c:456: bool can_move = true;
    00000ADC F8 06            [12] 2398 	ldhl	sp,	#6
                                   2399 ;src/dandy_core.c:464: iterative_flood_fill(nx, ny, TILE_DOOR, TILE_SPACE);
    00000ADE 3E 01            [ 8] 2400 	ld	a, #0x01
    00000AE0 22               [ 8] 2401 	ld	(hl+), a
    00000AE1 71               [ 8] 2402 	ld	(hl), c
    00000AE2 F8 02            [12] 2403 	ldhl	sp,	#2
    00000AE4 7E               [ 8] 2404 	ld	a, (hl)
    00000AE5 F8 08            [12] 2405 	ldhl	sp,	#8
    00000AE7 77               [ 8] 2406 	ld	(hl), a
                                   2407 ;src/dandy_core.c:458: switch (tile) {
    00000AE8 3E 08            [ 8] 2408 	ld	a, #0x08
    00000AEA 93               [ 4] 2409 	sub	a, e
    00000AEB DArA7r0B         [16] 2410 	jp	C, 00111$
                                   2411 ;src/dandy_core.c:471: player_score[p_idx] += 100;
    00000AEE 23               [ 8] 2412 	inc	hl
    00000AEF 23               [ 8] 2413 	inc	hl
    00000AF0 4E               [ 8] 2414 	ld	c, (hl)
    00000AF1 06 00            [ 8] 2415 	ld	b, #0x00
    00000AF3 CB 21            [ 8] 2416 	sla	c
    00000AF5 CB 10            [ 8] 2417 	rl	b
                                   2418 ;src/dandy_core.c:458: switch (tile) {
    00000AF7 16 00            [ 8] 2419 	ld	d, #0x00
    00000AF9 21r03r0B         [12] 2420 	ld	hl, #00140$
    00000AFC 19               [ 8] 2421 	add	hl, de
    00000AFD 19               [ 8] 2422 	add	hl, de
    00000AFE 5E               [ 8] 2423 	ld	e, (hl)
    00000AFF 23               [ 8] 2424 	inc	hl
    00000B00 66               [ 8] 2425 	ld	h, (hl)
    00000B01 6B               [ 4] 2426 	ld	l, e
    00000B02 E9               [ 4] 2427 	jp	(hl)
    00000B03                       2428 00140$:
    00000B03rABr0B                 2429 	.dw	00112$
    00000B05rA7r0B                 2430 	.dw	00111$
    00000B07r15r0B                 2431 	.dw	00102$
    00000B09rA7r0B                 2432 	.dw	00111$
    00000B0Br9Br0B                 2433 	.dw	00110$
    00000B0Dr58r0B                 2434 	.dw	00107$
    00000B0Fr82r0B                 2435 	.dw	00109$
    00000B11r3Fr0B                 2436 	.dw	00106$
    00000B13r6Dr0B                 2437 	.dw	00108$
                                   2438 ;src/dandy_core.c:461: case TILE_DOOR:
    00000B15                       2439 00102$:
                                   2440 ;src/dandy_core.c:462: if (player_keys[p_idx] > 0) {
    00000B15 01r2Br07         [12] 2441 	ld	bc, #_player_keys+0
    00000B18 F8 0A            [12] 2442 	ldhl	sp,	#10
    00000B1A 6E               [ 8] 2443 	ld	l, (hl)
    00000B1B 26 00            [ 8] 2444 	ld	h, #0x00
    00000B1D 09               [ 8] 2445 	add	hl, bc
    00000B1E 4D               [ 4] 2446 	ld	c, l
    00000B1F 44               [ 4] 2447 	ld	b, h
    00000B20 0A               [ 8] 2448 	ld	a, (bc)
    00000B21 B7               [ 4] 2449 	or	a, a
    00000B22 28 15            [12] 2450 	jr	Z, 00104$
                                   2451 ;src/dandy_core.c:463: player_keys[p_idx]--;
    00000B24 3D               [ 4] 2452 	dec	a
    00000B25 02               [ 8] 2453 	ld	(bc), a
                                   2454 ;src/dandy_core.c:464: iterative_flood_fill(nx, ny, TILE_DOOR, TILE_SPACE);
    00000B26 21 02 00         [12] 2455 	ld	hl, #0x02
    00000B29 E5               [16] 2456 	push	hl
    00000B2A F8 09            [12] 2457 	ldhl	sp,	#9
    00000B2C 2A               [ 8] 2458 	ld	a, (hl+)
    00000B2D 5F               [ 4] 2459 	ld	e, a
    00000B2E 7E               [ 8] 2460 	ld	a, (hl)
    00000B2F CDr64r15         [24] 2461 	call	_iterative_flood_fill
                                   2462 ;src/dandy_core.c:465: hal_play_sound(SOUND_KEY);
    00000B32 3E 04            [ 8] 2463 	ld	a, #0x04
    00000B34 CDr00r00         [24] 2464 	call	_hal_play_sound
    00000B37 18 72            [12] 2465 	jr	00112$
    00000B39                       2466 00104$:
                                   2467 ;src/dandy_core.c:467: can_move = false;
    00000B39 F8 06            [12] 2468 	ldhl	sp,	#6
    00000B3B 36 00            [12] 2469 	ld	(hl), #0x00
                                   2470 ;src/dandy_core.c:469: break;
    00000B3D 18 6C            [12] 2471 	jr	00112$
                                   2472 ;src/dandy_core.c:470: case TILE_MONEY:
    00000B3F                       2473 00106$:
                                   2474 ;src/dandy_core.c:471: player_score[p_idx] += 100;
    00000B3F 21r1Fr07         [12] 2475 	ld	hl, #_player_score
    00000B42 09               [ 8] 2476 	add	hl, bc
    00000B43 4D               [ 4] 2477 	ld	c,l
    00000B44 44               [ 4] 2478 	ld	b,h
    00000B45 2A               [ 8] 2479 	ld	a,	(hl+)
    00000B46 66               [ 8] 2480 	ld	h, (hl)
    00000B47 6F               [ 4] 2481 	ld	l, a
    00000B48 11 64 00         [12] 2482 	ld	de, #0x0064
    00000B4B 19               [ 8] 2483 	add	hl, de
    00000B4C 7D               [ 4] 2484 	ld	a, l
    00000B4D 02               [ 8] 2485 	ld	(bc), a
    00000B4E 03               [ 8] 2486 	inc	bc
    00000B4F 7C               [ 4] 2487 	ld	a, h
    00000B50 02               [ 8] 2488 	ld	(bc), a
                                   2489 ;src/dandy_core.c:472: hal_play_sound(SOUND_KEY);
    00000B51 3E 04            [ 8] 2490 	ld	a, #0x04
    00000B53 CDr00r00         [24] 2491 	call	_hal_play_sound
                                   2492 ;src/dandy_core.c:473: break;
    00000B56 18 53            [12] 2493 	jr	00112$
                                   2494 ;src/dandy_core.c:474: case TILE_KEY:
    00000B58                       2495 00107$:
                                   2496 ;src/dandy_core.c:475: player_keys[p_idx]++;
    00000B58 01r2Br07         [12] 2497 	ld	bc, #_player_keys+0
    00000B5B F8 0A            [12] 2498 	ldhl	sp,	#10
    00000B5D 6E               [ 8] 2499 	ld	l, (hl)
    00000B5E 26 00            [ 8] 2500 	ld	h, #0x00
    00000B60 09               [ 8] 2501 	add	hl, bc
    00000B61 4D               [ 4] 2502 	ld	c, l
    00000B62 44               [ 4] 2503 	ld	b, h
    00000B63 0A               [ 8] 2504 	ld	a, (bc)
    00000B64 3C               [ 4] 2505 	inc	a
    00000B65 02               [ 8] 2506 	ld	(bc), a
                                   2507 ;src/dandy_core.c:476: hal_play_sound(SOUND_KEY);
    00000B66 3E 04            [ 8] 2508 	ld	a, #0x04
    00000B68 CDr00r00         [24] 2509 	call	_hal_play_sound
                                   2510 ;src/dandy_core.c:477: break;
    00000B6B 18 3E            [12] 2511 	jr	00112$
                                   2512 ;src/dandy_core.c:478: case TILE_BOMB:
    00000B6D                       2513 00108$:
                                   2514 ;src/dandy_core.c:479: player_bombs[p_idx]++;
    00000B6D 01r27r07         [12] 2515 	ld	bc, #_player_bombs+0
    00000B70 F8 0A            [12] 2516 	ldhl	sp,	#10
    00000B72 6E               [ 8] 2517 	ld	l, (hl)
    00000B73 26 00            [ 8] 2518 	ld	h, #0x00
    00000B75 09               [ 8] 2519 	add	hl, bc
    00000B76 4D               [ 4] 2520 	ld	c, l
    00000B77 44               [ 4] 2521 	ld	b, h
    00000B78 0A               [ 8] 2522 	ld	a, (bc)
    00000B79 3C               [ 4] 2523 	inc	a
    00000B7A 02               [ 8] 2524 	ld	(bc), a
                                   2525 ;src/dandy_core.c:480: hal_play_sound(SOUND_KEY);
    00000B7B 3E 04            [ 8] 2526 	ld	a, #0x04
    00000B7D CDr00r00         [24] 2527 	call	_hal_play_sound
                                   2528 ;src/dandy_core.c:481: break;
    00000B80 18 29            [12] 2529 	jr	00112$
                                   2530 ;src/dandy_core.c:482: case TILE_FOOD:
    00000B82                       2531 00109$:
                                   2532 ;src/dandy_core.c:483: player_health[p_idx] += 100;
    00000B82 21r17r07         [12] 2533 	ld	hl, #_player_health
    00000B85 09               [ 8] 2534 	add	hl, bc
    00000B86 4D               [ 4] 2535 	ld	c,l
    00000B87 44               [ 4] 2536 	ld	b,h
    00000B88 2A               [ 8] 2537 	ld	a,	(hl+)
    00000B89 66               [ 8] 2538 	ld	h, (hl)
    00000B8A 6F               [ 4] 2539 	ld	l, a
    00000B8B 11 64 00         [12] 2540 	ld	de, #0x0064
    00000B8E 19               [ 8] 2541 	add	hl, de
    00000B8F 7D               [ 4] 2542 	ld	a, l
    00000B90 02               [ 8] 2543 	ld	(bc), a
    00000B91 03               [ 8] 2544 	inc	bc
    00000B92 7C               [ 4] 2545 	ld	a, h
    00000B93 02               [ 8] 2546 	ld	(bc), a
                                   2547 ;src/dandy_core.c:484: hal_play_sound(SOUND_FOOD);
    00000B94 3E 02            [ 8] 2548 	ld	a, #0x02
    00000B96 CDr00r00         [24] 2549 	call	_hal_play_sound
                                   2550 ;src/dandy_core.c:485: break;
    00000B99 18 10            [12] 2551 	jr	00112$
                                   2552 ;src/dandy_core.c:486: case TILE_DOWN:
    00000B9B                       2553 00110$:
                                   2554 ;src/dandy_core.c:487: hal_play_sound(SOUND_WARP);
    00000B9B 3E 06            [ 8] 2555 	ld	a, #0x06
    00000B9D CDr00r00         [24] 2556 	call	_hal_play_sound
                                   2557 ;src/dandy_core.c:488: next_level();
    00000BA0 CDrBDr08         [24] 2558 	call	_next_level
                                   2559 ;src/dandy_core.c:489: return true;
    00000BA3 3E 01            [ 8] 2560 	ld	a, #0x01
    00000BA5 18 73            [12] 2561 	jr	00115$
                                   2562 ;src/dandy_core.c:490: default:
    00000BA7                       2563 00111$:
                                   2564 ;src/dandy_core.c:491: can_move = false;
    00000BA7 F8 06            [12] 2565 	ldhl	sp,	#6
    00000BA9 36 00            [12] 2566 	ld	(hl), #0x00
                                   2567 ;src/dandy_core.c:493: }
    00000BAB                       2568 00112$:
                                   2569 ;src/dandy_core.c:495: if (can_move) {
    00000BAB F8 06            [12] 2570 	ldhl	sp,	#6
    00000BAD CB 46            [12] 2571 	bit	0, (hl)
    00000BAF 28 66            [12] 2572 	jr	Z, 00114$
                                   2573 ;src/dandy_core.c:497: dandy_map[row_offsets[player_y[p_idx]] + player_x[p_idx]] = TILE_SPACE;
    00000BB1 2B               [ 8] 2574 	dec	hl
    00000BB2 2B               [ 8] 2575 	dec	hl
    00000BB3 2A               [ 8] 2576 	ld	a, (hl+)
    00000BB4 5F               [ 4] 2577 	ld	e, a
    00000BB5 56               [ 8] 2578 	ld	d, (hl)
    00000BB6 1A               [ 8] 2579 	ld	a, (de)
    00000BB7 26 00            [ 8] 2580 	ld	h, #0x00
    00000BB9 6F               [ 4] 2581 	ld	l, a
    00000BBA 29               [ 8] 2582 	add	hl, hl
    00000BBB 11r28r00         [12] 2583 	ld	de, #_row_offsets
    00000BBE 19               [ 8] 2584 	add	hl, de
    00000BBF 2A               [ 8] 2585 	ld	a, (hl+)
    00000BC0 4F               [ 4] 2586 	ld	c, a
    00000BC1 46               [ 8] 2587 	ld	b, (hl)
    00000BC2 D1               [12] 2588 	pop	de
    00000BC3 D5               [16] 2589 	push	de
    00000BC4 1A               [ 8] 2590 	ld	a, (de)
    00000BC5 26 00            [ 8] 2591 	ld	h, #0x00
    00000BC7 6F               [ 4] 2592 	ld	l, a
    00000BC8 09               [ 8] 2593 	add	hl, bc
    00000BC9 11r00r00         [12] 2594 	ld	de, #_dandy_map
    00000BCC 19               [ 8] 2595 	add	hl, de
    00000BCD 36 00            [12] 2596 	ld	(hl), #0x00
                                   2597 ;src/dandy_core.c:499: player_x[p_idx] = (uint8_t)nx;
    00000BCF D1               [12] 2598 	pop	de
    00000BD0 D5               [16] 2599 	push	de
    00000BD1 F8 08            [12] 2600 	ldhl	sp,	#8
    00000BD3 7E               [ 8] 2601 	ld	a, (hl)
    00000BD4 12               [ 8] 2602 	ld	(de), a
                                   2603 ;src/dandy_core.c:500: player_y[p_idx] = (uint8_t)ny;
    00000BD5 F8 04            [12] 2604 	ldhl	sp,	#4
    00000BD7 2A               [ 8] 2605 	ld	a, (hl+)
    00000BD8 5F               [ 4] 2606 	ld	e, a
    00000BD9 2A               [ 8] 2607 	ld	a, (hl+)
    00000BDA 23               [ 8] 2608 	inc	hl
    00000BDB 57               [ 4] 2609 	ld	d, a
    00000BDC 7E               [ 8] 2610 	ld	a, (hl)
    00000BDD 12               [ 8] 2611 	ld	(de), a
                                   2612 ;src/dandy_core.c:502: dandy_map[row_offsets[player_y[p_idx]] + player_x[p_idx]] = GET_PLAYER_TILE(p_idx, player_dir[p_idx]);
    00000BDE 4E               [ 8] 2613 	ld	c, (hl)
    00000BDF AF               [ 4] 2614 	xor	a, a
    00000BE0 69               [ 4] 2615 	ld	l, c
    00000BE1 67               [ 4] 2616 	ld	h, a
    00000BE2 29               [ 8] 2617 	add	hl, hl
    00000BE3 11r28r00         [12] 2618 	ld	de, #_row_offsets
    00000BE6 19               [ 8] 2619 	add	hl, de
    00000BE7 2A               [ 8] 2620 	ld	a, (hl+)
    00000BE8 4F               [ 4] 2621 	ld	c, a
    00000BE9 46               [ 8] 2622 	ld	b, (hl)
    00000BEA D1               [12] 2623 	pop	de
    00000BEB D5               [16] 2624 	push	de
    00000BEC 1A               [ 8] 2625 	ld	a, (de)
    00000BED 26 00            [ 8] 2626 	ld	h, #0x00
    00000BEF 6F               [ 4] 2627 	ld	l, a
    00000BF0 09               [ 8] 2628 	add	hl, bc
    00000BF1 7D               [ 4] 2629 	ld	a, l
    00000BF2 C6r00            [ 8] 2630 	add	a, #<(_dandy_map)
    00000BF4 4F               [ 4] 2631 	ld	c, a
    00000BF5 7C               [ 4] 2632 	ld	a, h
    00000BF6 CEs00            [ 8] 2633 	adc	a, #>(_dandy_map)
    00000BF8 47               [ 4] 2634 	ld	b, a
    00000BF9 F8 0A            [12] 2635 	ldhl	sp,	#10
    00000BFB 3A               [ 8] 2636 	ld	a, (hl-)
    00000BFC 2B               [ 8] 2637 	dec	hl
    00000BFD 87               [ 4] 2638 	add	a, a
    00000BFE 87               [ 4] 2639 	add	a, a
    00000BFF 87               [ 4] 2640 	add	a, a
    00000C00 C6 18            [ 8] 2641 	add	a, #0x18
    00000C02 22               [ 8] 2642 	ld	(hl+), a
    00000C03 23               [ 8] 2643 	inc	hl
    00000C04 11r2Fr07         [12] 2644 	ld	de, #_player_dir
    00000C07 6E               [ 8] 2645 	ld	l, (hl)
    00000C08 26 00            [ 8] 2646 	ld	h, #0x00
    00000C0A 19               [ 8] 2647 	add	hl, de
    00000C0B 5D               [ 4] 2648 	ld	e, l
    00000C0C 54               [ 4] 2649 	ld	d, h
    00000C0D 1A               [ 8] 2650 	ld	a, (de)
    00000C0E F8 08            [12] 2651 	ldhl	sp,	#8
    00000C10 86               [ 8] 2652 	add	a, (hl)
    00000C11 02               [ 8] 2653 	ld	(bc), a
                                   2654 ;src/dandy_core.c:503: is_dirty = true;
    00000C12 21r43r07         [12] 2655 	ld	hl, #_is_dirty
    00000C15 36 01            [12] 2656 	ld	(hl), #0x01
    00000C17                       2657 00114$:
                                   2658 ;src/dandy_core.c:506: return can_move;
    00000C17 F8 06            [12] 2659 	ldhl	sp,	#6
    00000C19 7E               [ 8] 2660 	ld	a, (hl)
    00000C1A                       2661 00115$:
                                   2662 ;src/dandy_core.c:507: }
    00000C1A E8 0B            [16] 2663 	add	sp, #11
    00000C1C C9               [16] 2664 	ret
                                   2665 ;src/dandy_core.c:509: static void move_arrows(void) {
                                   2666 ;	---------------------------------
                                   2667 ; Function move_arrows
                                   2668 ; ---------------------------------
    00000C1D                       2669 _move_arrows:
    00000C1D E8 EC            [16] 2670 	add	sp, #-20
                                   2671 ;src/dandy_core.c:510: for (uint8_t p = 0; p < MAX_PLAYERS; ++p) {
    00000C1F F8 13            [12] 2672 	ldhl	sp,	#19
    00000C21 36 00            [12] 2673 	ld	(hl), #0x00
    00000C23                       2674 00130$:
    00000C23 F8 13            [12] 2675 	ldhl	sp,	#19
    00000C25 7E               [ 8] 2676 	ld	a, (hl)
    00000C26 D6 04            [ 8] 2677 	sub	a, #0x04
    00000C28 D2rE2r0E         [16] 2678 	jp	NC, 00131$
                                   2679 ;src/dandy_core.c:511: if (player_joined[p] && arrow_dir[p] != -1) {
    00000C2B 11r0Ar07         [12] 2680 	ld	de, #_player_joined
    00000C2E 6E               [ 8] 2681 	ld	l, (hl)
    00000C2F 26 00            [ 8] 2682 	ld	h, #0x00
    00000C31 19               [ 8] 2683 	add	hl, de
    00000C32 4D               [ 4] 2684 	ld	c, l
    00000C33 44               [ 4] 2685 	ld	b, h
    00000C34 0A               [ 8] 2686 	ld	a, (bc)
    00000C35 F8 12            [12] 2687 	ldhl	sp,	#18
    00000C37 77               [ 8] 2688 	ld	(hl), a
    00000C38 CB 46            [12] 2689 	bit	0, (hl)
    00000C3A CArDCr0E         [16] 2690 	jp	Z, 00127$
    00000C3D 23               [ 8] 2691 	inc	hl
    00000C3E 11r3Fr07         [12] 2692 	ld	de, #_arrow_dir
    00000C41 6E               [ 8] 2693 	ld	l, (hl)
    00000C42 26 00            [ 8] 2694 	ld	h, #0x00
    00000C44 19               [ 8] 2695 	add	hl, de
    00000C45 33               [ 8] 2696 	inc	sp
    00000C46 33               [ 8] 2697 	inc	sp
    00000C47 5D               [ 4] 2698 	ld	e, l
    00000C48 54               [ 4] 2699 	ld	d, h
    00000C49 D5               [16] 2700 	push	de
    00000C4A 1A               [ 8] 2701 	ld	a, (de)
    00000C4B 4F               [ 4] 2702 	ld	c, a
    00000C4C 3C               [ 4] 2703 	inc	a
    00000C4D CArDCr0E         [16] 2704 	jp	Z, 00127$
                                   2705 ;src/dandy_core.c:512: int16_t nx = clamp((int16_t)arrow_x[p] + dir_delta_x[arrow_dir[p]], 0, DANDY_LEVEL_WIDTH - 1);
    00000C50 11r37r07         [12] 2706 	ld	de, #_arrow_x
    00000C53 F8 13            [12] 2707 	ldhl	sp,	#19
    00000C55 6E               [ 8] 2708 	ld	l, (hl)
    00000C56 26 00            [ 8] 2709 	ld	h, #0x00
    00000C58 19               [ 8] 2710 	add	hl, de
    00000C59 E5               [16] 2711 	push	hl
    00000C5A 7D               [ 4] 2712 	ld	a, l
    00000C5B F8 04            [12] 2713 	ldhl	sp,	#4
    00000C5D 77               [ 8] 2714 	ld	(hl), a
    00000C5E E1               [12] 2715 	pop	hl
    00000C5F 7C               [ 4] 2716 	ld	a, h
    00000C60 F8 03            [12] 2717 	ldhl	sp,	#3
    00000C62 32               [ 8] 2718 	ld	(hl-), a
    00000C63 2A               [ 8] 2719 	ld	a, (hl+)
    00000C64 5F               [ 4] 2720 	ld	e, a
    00000C65 56               [ 8] 2721 	ld	d, (hl)
    00000C66 1A               [ 8] 2722 	ld	a, (de)
    00000C67 5F               [ 4] 2723 	ld	e, a
    00000C68 79               [ 4] 2724 	ld	a, c
    00000C69 07               [ 4] 2725 	rlca
    00000C6A 9F               [ 4] 2726 	sbc	a, a
    00000C6B 47               [ 4] 2727 	ld	b, a
    00000C6C 21r64r00         [12] 2728 	ld	hl, #_dir_delta_x
    00000C6F 09               [ 8] 2729 	add	hl, bc
    00000C70 7E               [ 8] 2730 	ld	a, (hl)
    00000C71 6F               [ 4] 2731 	ld	l, a
    00000C72 07               [ 4] 2732 	rlca
    00000C73 9F               [ 4] 2733 	sbc	a, a
    00000C74 67               [ 4] 2734 	ld	h, a
    00000C75 16 00            [ 8] 2735 	ld	d, #0x00
    00000C77 19               [ 8] 2736 	add	hl, de
    00000C78 5D               [ 4] 2737 	ld	e, l
    00000C79 54               [ 4] 2738 	ld	d, h
    00000C7A 01 3B 00         [12] 2739 	ld	bc, #0x003b
    00000C7D C5               [16] 2740 	push	bc
    00000C7E 01 00 00         [12] 2741 	ld	bc, #0x0000
    00000C81 CDrABr16         [24] 2742 	call	_clamp
    00000C84 F8 04            [12] 2743 	ldhl	sp,	#4
    00000C86 79               [ 4] 2744 	ld	a, c
    00000C87 22               [ 8] 2745 	ld	(hl+), a
    00000C88 70               [ 8] 2746 	ld	(hl), b
                                   2747 ;src/dandy_core.c:513: int16_t ny = clamp((int16_t)arrow_y[p] + dir_delta_y[arrow_dir[p]], 0, DANDY_LEVEL_HEIGHT - 1);
    00000C89 11r3Br07         [12] 2748 	ld	de, #_arrow_y
    00000C8C F8 13            [12] 2749 	ldhl	sp,	#19
    00000C8E 6E               [ 8] 2750 	ld	l, (hl)
    00000C8F 26 00            [ 8] 2751 	ld	h, #0x00
    00000C91 19               [ 8] 2752 	add	hl, de
    00000C92 E5               [16] 2753 	push	hl
    00000C93 7D               [ 4] 2754 	ld	a, l
    00000C94 F8 08            [12] 2755 	ldhl	sp,	#8
    00000C96 77               [ 8] 2756 	ld	(hl), a
    00000C97 E1               [12] 2757 	pop	hl
    00000C98 7C               [ 4] 2758 	ld	a, h
    00000C99 F8 07            [12] 2759 	ldhl	sp,	#7
    00000C9B 32               [ 8] 2760 	ld	(hl-), a
    00000C9C 2A               [ 8] 2761 	ld	a, (hl+)
    00000C9D 5F               [ 4] 2762 	ld	e, a
    00000C9E 56               [ 8] 2763 	ld	d, (hl)
    00000C9F 1A               [ 8] 2764 	ld	a, (de)
    00000CA0 4F               [ 4] 2765 	ld	c, a
    00000CA1 D1               [12] 2766 	pop	de
    00000CA2 D5               [16] 2767 	push	de
    00000CA3 1A               [ 8] 2768 	ld	a, (de)
    00000CA4 5F               [ 4] 2769 	ld	e, a
    00000CA5 07               [ 4] 2770 	rlca
    00000CA6 9F               [ 4] 2771 	sbc	a, a
    00000CA7 57               [ 4] 2772 	ld	d, a
    00000CA8 21r6Cr00         [12] 2773 	ld	hl, #_dir_delta_y
    00000CAB 19               [ 8] 2774 	add	hl, de
    00000CAC 7E               [ 8] 2775 	ld	a, (hl)
    00000CAD 6F               [ 4] 2776 	ld	l, a
    00000CAE 07               [ 4] 2777 	rlca
    00000CAF 9F               [ 4] 2778 	sbc	a, a
    00000CB0 67               [ 4] 2779 	ld	h, a
    00000CB1 06 00            [ 8] 2780 	ld	b, #0x00
    00000CB3 09               [ 8] 2781 	add	hl, bc
    00000CB4 5D               [ 4] 2782 	ld	e, l
    00000CB5 54               [ 4] 2783 	ld	d, h
    00000CB6 01 1D 00         [12] 2784 	ld	bc, #0x001d
    00000CB9 C5               [16] 2785 	push	bc
    00000CBA 01 00 00         [12] 2786 	ld	bc, #0x0000
    00000CBD CDrABr16         [24] 2787 	call	_clamp
    00000CC0 F8 08            [12] 2788 	ldhl	sp,	#8
    00000CC2 79               [ 4] 2789 	ld	a, c
    00000CC3 22               [ 8] 2790 	ld	(hl+), a
    00000CC4 70               [ 8] 2791 	ld	(hl), b
                                   2792 ;src/dandy_core.c:515: uint16_t old_pos = row_offsets[arrow_y[p]] + arrow_x[p];
    00000CC5 F8 06            [12] 2793 	ldhl	sp,#6
    00000CC7 2A               [ 8] 2794 	ld	a, (hl+)
    00000CC8 5F               [ 4] 2795 	ld	e, a
    00000CC9 56               [ 8] 2796 	ld	d, (hl)
    00000CCA 1A               [ 8] 2797 	ld	a, (de)
    00000CCB 26 00            [ 8] 2798 	ld	h, #0x00
    00000CCD 6F               [ 4] 2799 	ld	l, a
    00000CCE 29               [ 8] 2800 	add	hl, hl
    00000CCF 11r28r00         [12] 2801 	ld	de, #_row_offsets
    00000CD2 19               [ 8] 2802 	add	hl, de
    00000CD3 2A               [ 8] 2803 	ld	a, (hl+)
    00000CD4 4F               [ 4] 2804 	ld	c, a
    00000CD5 46               [ 8] 2805 	ld	b, (hl)
    00000CD6 F8 02            [12] 2806 	ldhl	sp,#2
    00000CD8 2A               [ 8] 2807 	ld	a, (hl+)
    00000CD9 5F               [ 4] 2808 	ld	e, a
    00000CDA 56               [ 8] 2809 	ld	d, (hl)
    00000CDB 1A               [ 8] 2810 	ld	a, (de)
    00000CDC 6F               [ 4] 2811 	ld	l, a
    00000CDD 26 00            [ 8] 2812 	ld	h, #0x00
    00000CDF 09               [ 8] 2813 	add	hl, bc
    00000CE0 4D               [ 4] 2814 	ld	c, l
    00000CE1 7C               [ 4] 2815 	ld	a, h
    00000CE2 F8 0E            [12] 2816 	ldhl	sp,	#14
    00000CE4 71               [ 8] 2817 	ld	(hl), c
    00000CE5 23               [ 8] 2818 	inc	hl
    00000CE6 77               [ 8] 2819 	ld	(hl), a
                                   2820 ;src/dandy_core.c:516: uint16_t new_pos = row_offsets[ny] + nx;
    00000CE7 F8 08            [12] 2821 	ldhl	sp,	#8
    00000CE9 2A               [ 8] 2822 	ld	a, (hl+)
    00000CEA 4F               [ 4] 2823 	ld	c, a
    00000CEB 46               [ 8] 2824 	ld	b, (hl)
    00000CEC CB 21            [ 8] 2825 	sla	c
    00000CEE CB 10            [ 8] 2826 	rl	b
    00000CF0 21r28r00         [12] 2827 	ld	hl, #_row_offsets
    00000CF3 09               [ 8] 2828 	add	hl, bc
    00000CF4 2A               [ 8] 2829 	ld	a, (hl+)
    00000CF5 46               [ 8] 2830 	ld	b, (hl)
    00000CF6 F8 04            [12] 2831 	ldhl	sp,	#4
    00000CF8 4E               [ 8] 2832 	ld	c, (hl)
    00000CF9 23               [ 8] 2833 	inc	hl
    00000CFA 5E               [ 8] 2834 	ld	e, (hl)
    00000CFB 81               [ 4] 2835 	add	a, c
    00000CFC 4F               [ 4] 2836 	ld	c, a
    00000CFD 78               [ 4] 2837 	ld	a, b
    00000CFE 8B               [ 4] 2838 	adc	a, e
    00000CFF 47               [ 4] 2839 	ld	b, a
                                   2840 ;src/dandy_core.c:518: uint8_t tile_at_old = dandy_map[old_pos];
    00000D00 F8 0E            [12] 2841 	ldhl	sp,#14
    00000D02 2A               [ 8] 2842 	ld	a, (hl+)
    00000D03 5F               [ 4] 2843 	ld	e, a
    00000D04 56               [ 8] 2844 	ld	d, (hl)
    00000D05 21r00r00         [12] 2845 	ld	hl, #_dandy_map
    00000D08 19               [ 8] 2846 	add	hl, de
    00000D09 E5               [16] 2847 	push	hl
    00000D0A 7D               [ 4] 2848 	ld	a, l
    00000D0B F8 12            [12] 2849 	ldhl	sp,	#18
    00000D0D 77               [ 8] 2850 	ld	(hl), a
    00000D0E E1               [12] 2851 	pop	hl
    00000D0F 7C               [ 4] 2852 	ld	a, h
    00000D10 F8 11            [12] 2853 	ldhl	sp,	#17
    00000D12 32               [ 8] 2854 	ld	(hl-), a
    00000D13 2A               [ 8] 2855 	ld	a, (hl+)
    00000D14 5F               [ 4] 2856 	ld	e, a
    00000D15 2A               [ 8] 2857 	ld	a, (hl+)
    00000D16 57               [ 4] 2858 	ld	d, a
    00000D17 1A               [ 8] 2859 	ld	a, (de)
    00000D18 77               [ 8] 2860 	ld	(hl), a
                                   2861 ;src/dandy_core.c:519: uint8_t tile_at_new = dandy_map[new_pos];
    00000D19 21r00r00         [12] 2862 	ld	hl, #_dandy_map
    00000D1C 09               [ 8] 2863 	add	hl, bc
    00000D1D E5               [16] 2864 	push	hl
    00000D1E 7D               [ 4] 2865 	ld	a, l
    00000D1F F8 0C            [12] 2866 	ldhl	sp,	#12
    00000D21 77               [ 8] 2867 	ld	(hl), a
    00000D22 E1               [12] 2868 	pop	hl
    00000D23 7C               [ 4] 2869 	ld	a, h
    00000D24 F8 0B            [12] 2870 	ldhl	sp,	#11
    00000D26 32               [ 8] 2871 	ld	(hl-), a
    00000D27 2A               [ 8] 2872 	ld	a, (hl+)
    00000D28 5F               [ 4] 2873 	ld	e, a
    00000D29 2A               [ 8] 2874 	ld	a, (hl+)
    00000D2A 57               [ 4] 2875 	ld	d, a
    00000D2B 1A               [ 8] 2876 	ld	a, (de)
    00000D2C 77               [ 8] 2877 	ld	(hl), a
                                   2878 ;src/dandy_core.c:522: if (tile_at_old >= TILE_ARROW && tile_at_old <= TILE_ARROW + 7) {
    00000D2D F8 12            [12] 2879 	ldhl	sp,	#18
    00000D2F 7E               [ 8] 2880 	ld	a, (hl)
    00000D30 D6 10            [ 8] 2881 	sub	a, #0x10
    00000D32 38 0B            [12] 2882 	jr	C, 00102$
    00000D34 3E 17            [ 8] 2883 	ld	a, #0x17
    00000D36 96               [ 8] 2884 	sub	a, (hl)
    00000D37 38 06            [12] 2885 	jr	C, 00102$
                                   2886 ;src/dandy_core.c:523: dandy_map[old_pos] = TILE_SPACE;
    00000D39 2B               [ 8] 2887 	dec	hl
    00000D3A 3A               [ 8] 2888 	ld	a, (hl-)
    00000D3B 6E               [ 8] 2889 	ld	l, (hl)
    00000D3C 67               [ 4] 2890 	ld	h, a
    00000D3D 36 00            [12] 2891 	ld	(hl), #0x00
    00000D3F                       2892 00102$:
                                   2893 ;src/dandy_core.c:527: int16_t vp_left = clamp((int16_t)player_x[p] - 10, 0, DANDY_LEVEL_WIDTH - 20);
    00000D3F 11r0Fr07         [12] 2894 	ld	de, #_player_x
    00000D42 F8 13            [12] 2895 	ldhl	sp,	#19
    00000D44 6E               [ 8] 2896 	ld	l, (hl)
    00000D45 26 00            [ 8] 2897 	ld	h, #0x00
    00000D47 19               [ 8] 2898 	add	hl, de
    00000D48 4D               [ 4] 2899 	ld	c, l
    00000D49 44               [ 4] 2900 	ld	b, h
    00000D4A 0A               [ 8] 2901 	ld	a, (bc)
    00000D4B 0E 00            [ 8] 2902 	ld	c, #0x00
    00000D4D C6 F6            [ 8] 2903 	add	a, #0xf6
    00000D4F 5F               [ 4] 2904 	ld	e, a
    00000D50 79               [ 4] 2905 	ld	a, c
    00000D51 CE FF            [ 8] 2906 	adc	a, #0xff
    00000D53 01 28 00         [12] 2907 	ld	bc, #0x0028
    00000D56 C5               [16] 2908 	push	bc
    00000D57 01 00 00         [12] 2909 	ld	bc, #0x0000
    00000D5A 57               [ 4] 2910 	ld	d, a
    00000D5B CDrABr16         [24] 2911 	call	_clamp
    00000D5E F8 11            [12] 2912 	ldhl	sp,	#17
    00000D60 79               [ 4] 2913 	ld	a, c
    00000D61 22               [ 8] 2914 	ld	(hl+), a
    00000D62 70               [ 8] 2915 	ld	(hl), b
                                   2916 ;src/dandy_core.c:528: int16_t vp_top = clamp((int16_t)player_y[p] - 5, 0, DANDY_LEVEL_HEIGHT - 10);
    00000D63 11r13r07         [12] 2917 	ld	de, #_player_y
    00000D66 F8 13            [12] 2918 	ldhl	sp,	#19
    00000D68 6E               [ 8] 2919 	ld	l, (hl)
    00000D69 26 00            [ 8] 2920 	ld	h, #0x00
    00000D6B 19               [ 8] 2921 	add	hl, de
    00000D6C 4D               [ 4] 2922 	ld	c, l
    00000D6D 44               [ 4] 2923 	ld	b, h
    00000D6E 0A               [ 8] 2924 	ld	a, (bc)
    00000D6F 0E 00            [ 8] 2925 	ld	c, #0x00
    00000D71 C6 FB            [ 8] 2926 	add	a, #0xfb
    00000D73 5F               [ 4] 2927 	ld	e, a
    00000D74 79               [ 4] 2928 	ld	a, c
    00000D75 CE FF            [ 8] 2929 	adc	a, #0xff
    00000D77 01 14 00         [12] 2930 	ld	bc, #0x0014
    00000D7A C5               [16] 2931 	push	bc
    00000D7B 01 00 00         [12] 2932 	ld	bc, #0x0000
    00000D7E 57               [ 4] 2933 	ld	d, a
    00000D7F CDrABr16         [24] 2934 	call	_clamp
    00000D82 F8 0D            [12] 2935 	ldhl	sp,	#13
    00000D84 79               [ 4] 2936 	ld	a, c
    00000D85 22               [ 8] 2937 	ld	(hl+), a
    00000D86 70               [ 8] 2938 	ld	(hl), b
                                   2939 ;src/dandy_core.c:530: if (nx < vp_left || ny < vp_top || nx >= vp_left + 20 || ny >= vp_top + 10) {
    00000D87 F8 04            [12] 2940 	ldhl	sp,	#4
    00000D89 5D               [ 4] 2941 	ld	e, l
    00000D8A 54               [ 4] 2942 	ld	d, h
    00000D8B F8 11            [12] 2943 	ldhl	sp,	#17
    00000D8D 1A               [ 8] 2944 	ld	a, (de)
    00000D8E 13               [ 8] 2945 	inc	de
    00000D8F 96               [ 8] 2946 	sub	a, (hl)
    00000D90 23               [ 8] 2947 	inc	hl
    00000D91 1A               [ 8] 2948 	ld	a, (de)
    00000D92 9E               [ 8] 2949 	sbc	a, (hl)
    00000D93 1A               [ 8] 2950 	ld	a, (de)
    00000D94 57               [ 4] 2951 	ld	d, a
    00000D95 5E               [ 8] 2952 	ld	e, (hl)
    00000D96 CB 7B            [ 8] 2953 	bit	7, e
    00000D98 28 07            [12] 2954 	jr	Z, 00241$
    00000D9A CB 7A            [ 8] 2955 	bit	7, d
    00000D9C 20 08            [12] 2956 	jr	NZ, 00242$
    00000D9E BF               [ 4] 2957 	cp	a, a
    00000D9F 18 05            [12] 2958 	jr	00242$
    00000DA1                       2959 00241$:
    00000DA1 CB 7A            [ 8] 2960 	bit	7, d
    00000DA3 28 01            [12] 2961 	jr	Z, 00242$
    00000DA5 37               [ 4] 2962 	scf
    00000DA6                       2963 00242$:
    00000DA6 DAr4Br0E         [16] 2964 	jp	C, 00104$
    00000DA9 F8 08            [12] 2965 	ldhl	sp,	#8
    00000DAB 5D               [ 4] 2966 	ld	e, l
    00000DAC 54               [ 4] 2967 	ld	d, h
    00000DAD F8 0D            [12] 2968 	ldhl	sp,	#13
    00000DAF 1A               [ 8] 2969 	ld	a, (de)
    00000DB0 13               [ 8] 2970 	inc	de
    00000DB1 96               [ 8] 2971 	sub	a, (hl)
    00000DB2 23               [ 8] 2972 	inc	hl
    00000DB3 1A               [ 8] 2973 	ld	a, (de)
    00000DB4 9E               [ 8] 2974 	sbc	a, (hl)
    00000DB5 1A               [ 8] 2975 	ld	a, (de)
    00000DB6 57               [ 4] 2976 	ld	d, a
    00000DB7 5E               [ 8] 2977 	ld	e, (hl)
    00000DB8 CB 7B            [ 8] 2978 	bit	7, e
    00000DBA 28 07            [12] 2979 	jr	Z, 00243$
    00000DBC CB 7A            [ 8] 2980 	bit	7, d
    00000DBE 20 08            [12] 2981 	jr	NZ, 00244$
    00000DC0 BF               [ 4] 2982 	cp	a, a
    00000DC1 18 05            [12] 2983 	jr	00244$
    00000DC3                       2984 00243$:
    00000DC3 CB 7A            [ 8] 2985 	bit	7, d
    00000DC5 28 01            [12] 2986 	jr	Z, 00244$
    00000DC7 37               [ 4] 2987 	scf
    00000DC8                       2988 00244$:
    00000DC8 DAr4Br0E         [16] 2989 	jp	C, 00104$
    00000DCB F8 11            [12] 2990 	ldhl	sp,	#17
    00000DCD 2A               [ 8] 2991 	ld	a, (hl+)
    00000DCE 4F               [ 4] 2992 	ld	c, a
    00000DCF 46               [ 8] 2993 	ld	b, (hl)
    00000DD0 21 14 00         [12] 2994 	ld	hl, #0x0014
    00000DD3 09               [ 8] 2995 	add	hl, bc
    00000DD4 E5               [16] 2996 	push	hl
    00000DD5 7D               [ 4] 2997 	ld	a, l
    00000DD6 F8 11            [12] 2998 	ldhl	sp,	#17
    00000DD8 77               [ 8] 2999 	ld	(hl), a
    00000DD9 E1               [12] 3000 	pop	hl
    00000DDA 7C               [ 4] 3001 	ld	a, h
    00000DDB F8 10            [12] 3002 	ldhl	sp,	#16
    00000DDD 77               [ 8] 3003 	ld	(hl), a
    00000DDE F8 04            [12] 3004 	ldhl	sp,	#4
    00000DE0 7E               [ 8] 3005 	ld	a, (hl)
    00000DE1 F8 11            [12] 3006 	ldhl	sp,	#17
    00000DE3 77               [ 8] 3007 	ld	(hl), a
    00000DE4 F8 05            [12] 3008 	ldhl	sp,	#5
    00000DE6 7E               [ 8] 3009 	ld	a, (hl)
    00000DE7 F8 12            [12] 3010 	ldhl	sp,	#18
    00000DE9 77               [ 8] 3011 	ld	(hl), a
    00000DEA F8 11            [12] 3012 	ldhl	sp,	#17
    00000DEC 5D               [ 4] 3013 	ld	e, l
    00000DED 54               [ 4] 3014 	ld	d, h
    00000DEE F8 0F            [12] 3015 	ldhl	sp,	#15
    00000DF0 1A               [ 8] 3016 	ld	a, (de)
    00000DF1 13               [ 8] 3017 	inc	de
    00000DF2 96               [ 8] 3018 	sub	a, (hl)
    00000DF3 23               [ 8] 3019 	inc	hl
    00000DF4 1A               [ 8] 3020 	ld	a, (de)
    00000DF5 9E               [ 8] 3021 	sbc	a, (hl)
    00000DF6 1A               [ 8] 3022 	ld	a, (de)
    00000DF7 57               [ 4] 3023 	ld	d, a
    00000DF8 5E               [ 8] 3024 	ld	e, (hl)
    00000DF9 CB 7B            [ 8] 3025 	bit	7, e
    00000DFB 28 07            [12] 3026 	jr	Z, 00245$
    00000DFD CB 7A            [ 8] 3027 	bit	7, d
    00000DFF 20 08            [12] 3028 	jr	NZ, 00246$
    00000E01 BF               [ 4] 3029 	cp	a, a
    00000E02 18 05            [12] 3030 	jr	00246$
    00000E04                       3031 00245$:
    00000E04 CB 7A            [ 8] 3032 	bit	7, d
    00000E06 28 01            [12] 3033 	jr	Z, 00246$
    00000E08 37               [ 4] 3034 	scf
    00000E09                       3035 00246$:
    00000E09 30 40            [12] 3036 	jr	NC, 00104$
    00000E0B F8 0D            [12] 3037 	ldhl	sp,	#13
    00000E0D 2A               [ 8] 3038 	ld	a, (hl+)
    00000E0E 4F               [ 4] 3039 	ld	c, a
    00000E0F 46               [ 8] 3040 	ld	b, (hl)
    00000E10 21 0A 00         [12] 3041 	ld	hl, #0x000a
    00000E13 09               [ 8] 3042 	add	hl, bc
    00000E14 E5               [16] 3043 	push	hl
    00000E15 7D               [ 4] 3044 	ld	a, l
    00000E16 F8 11            [12] 3045 	ldhl	sp,	#17
    00000E18 77               [ 8] 3046 	ld	(hl), a
    00000E19 E1               [12] 3047 	pop	hl
    00000E1A 7C               [ 4] 3048 	ld	a, h
    00000E1B F8 10            [12] 3049 	ldhl	sp,	#16
    00000E1D 77               [ 8] 3050 	ld	(hl), a
    00000E1E F8 08            [12] 3051 	ldhl	sp,	#8
    00000E20 7E               [ 8] 3052 	ld	a, (hl)
    00000E21 F8 11            [12] 3053 	ldhl	sp,	#17
    00000E23 77               [ 8] 3054 	ld	(hl), a
    00000E24 F8 09            [12] 3055 	ldhl	sp,	#9
    00000E26 7E               [ 8] 3056 	ld	a, (hl)
    00000E27 F8 12            [12] 3057 	ldhl	sp,	#18
    00000E29 77               [ 8] 3058 	ld	(hl), a
    00000E2A F8 11            [12] 3059 	ldhl	sp,	#17
    00000E2C 5D               [ 4] 3060 	ld	e, l
    00000E2D 54               [ 4] 3061 	ld	d, h
    00000E2E F8 0F            [12] 3062 	ldhl	sp,	#15
    00000E30 1A               [ 8] 3063 	ld	a, (de)
    00000E31 13               [ 8] 3064 	inc	de
    00000E32 96               [ 8] 3065 	sub	a, (hl)
    00000E33 23               [ 8] 3066 	inc	hl
    00000E34 1A               [ 8] 3067 	ld	a, (de)
    00000E35 9E               [ 8] 3068 	sbc	a, (hl)
    00000E36 1A               [ 8] 3069 	ld	a, (de)
    00000E37 57               [ 4] 3070 	ld	d, a
    00000E38 5E               [ 8] 3071 	ld	e, (hl)
    00000E39 CB 7B            [ 8] 3072 	bit	7, e
    00000E3B 28 07            [12] 3073 	jr	Z, 00247$
    00000E3D CB 7A            [ 8] 3074 	bit	7, d
    00000E3F 20 08            [12] 3075 	jr	NZ, 00248$
    00000E41 BF               [ 4] 3076 	cp	a, a
    00000E42 18 05            [12] 3077 	jr	00248$
    00000E44                       3078 00247$:
    00000E44 CB 7A            [ 8] 3079 	bit	7, d
    00000E46 28 01            [12] 3080 	jr	Z, 00248$
    00000E48 37               [ 4] 3081 	scf
    00000E49                       3082 00248$:
    00000E49 38 0C            [12] 3083 	jr	C, 00105$
    00000E4B                       3084 00104$:
                                   3085 ;src/dandy_core.c:531: arrow_dir[p] = -1;
    00000E4B E1               [12] 3086 	pop	hl
    00000E4C 36 FF            [12] 3087 	ld	(hl), #0xff
    00000E4E E5               [16] 3088 	push	hl
                                   3089 ;src/dandy_core.c:532: is_dirty = true;
    00000E4F 21r43r07         [12] 3090 	ld	hl, #_is_dirty
    00000E52 36 01            [12] 3091 	ld	(hl), #0x01
                                   3092 ;src/dandy_core.c:533: continue;
    00000E54 C3rDCr0E         [16] 3093 	jp	00127$
    00000E57                       3094 00105$:
                                   3095 ;src/dandy_core.c:536: if (tile_at_new != TILE_SPACE) {
    00000E57 F8 0C            [12] 3096 	ldhl	sp,	#12
    00000E59 7E               [ 8] 3097 	ld	a, (hl)
    00000E5A B7               [ 4] 3098 	or	a, a
    00000E5B 28 54            [12] 3099 	jr	Z, 00122$
                                   3100 ;src/dandy_core.c:537: arrow_dir[p] = -1; // Die on hit
    00000E5D E1               [12] 3101 	pop	hl
    00000E5E 36 FF            [12] 3102 	ld	(hl), #0xff
    00000E60 E5               [16] 3103 	push	hl
                                   3104 ;src/dandy_core.c:539: if (tile_at_new >= TILE_BOMB && tile_at_new < TILE_ARROW) {
    00000E61 F8 0C            [12] 3105 	ldhl	sp,	#12
    00000E63 7E               [ 8] 3106 	ld	a,(hl)
    00000E64 FE 08            [ 8] 3107 	cp	a,#0x08
    00000E66 38 6F            [12] 3108 	jr	C, 00123$
    00000E68 D6 10            [ 8] 3109 	sub	a, #0x10
    00000E6A 30 6B            [12] 3110 	jr	NC, 00123$
                                   3111 ;src/dandy_core.c:540: uint8_t replacement = TILE_SPACE;
    00000E6C F8 12            [12] 3112 	ldhl	sp,	#18
    00000E6E 36 00            [12] 3113 	ld	(hl), #0x00
                                   3114 ;src/dandy_core.c:541: if (tile_at_new == TILE_BOMB) {
    00000E70 F8 0C            [12] 3115 	ldhl	sp,	#12
    00000E72 7E               [ 8] 3116 	ld	a, (hl)
    00000E73 D6 08            [ 8] 3117 	sub	a, #0x08
    00000E75 20 08            [12] 3118 	jr	NZ, 00116$
                                   3119 ;src/dandy_core.c:542: do_bomb(p); // Triggered by player p's arrow
    00000E77 F8 13            [12] 3120 	ldhl	sp,	#19
    00000E79 7E               [ 8] 3121 	ld	a, (hl)
    00000E7A CDrE5r0E         [24] 3122 	call	_do_bomb
    00000E7D 18 22            [12] 3123 	jr	00117$
    00000E7F                       3124 00116$:
                                   3125 ;src/dandy_core.c:543: } else if (tile_at_new == TILE_HEART) {
    00000E7F F8 0C            [12] 3126 	ldhl	sp,	#12
    00000E81 7E               [ 8] 3127 	ld	a, (hl)
    00000E82 D6 0C            [ 8] 3128 	sub	a, #0x0c
    00000E84 20 06            [12] 3129 	jr	NZ, 00113$
                                   3130 ;src/dandy_core.c:544: replacement = TILE_MONSTER3;
    00000E86 F8 12            [12] 3131 	ldhl	sp,	#18
    00000E88 36 0B            [12] 3132 	ld	(hl), #0x0b
    00000E8A 18 15            [12] 3133 	jr	00117$
    00000E8C                       3134 00113$:
                                   3135 ;src/dandy_core.c:545: } else if (tile_at_new == TILE_MONSTER2 || tile_at_new == TILE_MONSTER3) {
    00000E8C F8 0C            [12] 3136 	ldhl	sp,	#12
    00000E8E 7E               [ 8] 3137 	ld	a, (hl)
    00000E8F D6 0A            [ 8] 3138 	sub	a, #0x0a
    00000E91 28 07            [12] 3139 	jr	Z, 00109$
    00000E93 F8 0C            [12] 3140 	ldhl	sp,	#12
    00000E95 7E               [ 8] 3141 	ld	a, (hl)
    00000E96 D6 0B            [ 8] 3142 	sub	a, #0x0b
    00000E98 20 07            [12] 3143 	jr	NZ, 00117$
    00000E9A                       3144 00109$:
                                   3145 ;src/dandy_core.c:546: replacement = tile_at_new - 1;
    00000E9A F8 0C            [12] 3146 	ldhl	sp,	#12
    00000E9C 7E               [ 8] 3147 	ld	a, (hl)
    00000E9D 3D               [ 4] 3148 	dec	a
    00000E9E F8 12            [12] 3149 	ldhl	sp,	#18
    00000EA0 77               [ 8] 3150 	ld	(hl), a
    00000EA1                       3151 00117$:
                                   3152 ;src/dandy_core.c:548: dandy_map[new_pos] = replacement;
    00000EA1 F8 0A            [12] 3153 	ldhl	sp,	#10
    00000EA3 2A               [ 8] 3154 	ld	a, (hl+)
    00000EA4 5F               [ 4] 3155 	ld	e, a
    00000EA5 56               [ 8] 3156 	ld	d, (hl)
    00000EA6 F8 12            [12] 3157 	ldhl	sp,	#18
    00000EA8 7E               [ 8] 3158 	ld	a, (hl)
    00000EA9 12               [ 8] 3159 	ld	(de), a
                                   3160 ;src/dandy_core.c:549: hal_play_sound(SOUND_HIT);
    00000EAA 3E 01            [ 8] 3161 	ld	a, #0x01
    00000EAC CDr00r00         [24] 3162 	call	_hal_play_sound
    00000EAF 18 26            [12] 3163 	jr	00123$
    00000EB1                       3164 00122$:
                                   3165 ;src/dandy_core.c:553: dandy_map[new_pos] = TILE_ARROW + ((arrow_dir[p] - 5) & 7);
    00000EB1 D1               [12] 3166 	pop	de
    00000EB2 D5               [16] 3167 	push	de
    00000EB3 1A               [ 8] 3168 	ld	a, (de)
    00000EB4 F8 12            [12] 3169 	ldhl	sp,	#18
    00000EB6 77               [ 8] 3170 	ld	(hl), a
    00000EB7 C6 FB            [ 8] 3171 	add	a, #0xfb
    00000EB9 77               [ 8] 3172 	ld	(hl), a
    00000EBA E6 07            [ 8] 3173 	and	a, #0x07
    00000EBC 77               [ 8] 3174 	ld	(hl), a
    00000EBD C6 10            [ 8] 3175 	add	a, #0x10
    00000EBF F8 0A            [12] 3176 	ldhl	sp,	#10
    00000EC1 5E               [ 8] 3177 	ld	e, (hl)
    00000EC2 23               [ 8] 3178 	inc	hl
    00000EC3 66               [ 8] 3179 	ld	h, (hl)
    00000EC4 6B               [ 4] 3180 	ld	l, e
    00000EC5 77               [ 8] 3181 	ld	(hl), a
                                   3182 ;src/dandy_core.c:554: arrow_x[p] = (uint8_t)nx;
    00000EC6 F8 04            [12] 3183 	ldhl	sp,	#4
    00000EC8 7E               [ 8] 3184 	ld	a, (hl)
    00000EC9 D1               [12] 3185 	pop	de
    00000ECA E1               [12] 3186 	pop	hl
    00000ECB E5               [16] 3187 	push	hl
    00000ECC D5               [16] 3188 	push	de
    00000ECD 77               [ 8] 3189 	ld	(hl), a
                                   3190 ;src/dandy_core.c:555: arrow_y[p] = (uint8_t)ny;
    00000ECE F8 08            [12] 3191 	ldhl	sp,	#8
    00000ED0 3A               [ 8] 3192 	ld	a, (hl-)
    00000ED1 2B               [ 8] 3193 	dec	hl
    00000ED2 5E               [ 8] 3194 	ld	e, (hl)
    00000ED3 23               [ 8] 3195 	inc	hl
    00000ED4 66               [ 8] 3196 	ld	h, (hl)
    00000ED5 6B               [ 4] 3197 	ld	l, e
    00000ED6 77               [ 8] 3198 	ld	(hl), a
    00000ED7                       3199 00123$:
                                   3200 ;src/dandy_core.c:557: is_dirty = true;
    00000ED7 21r43r07         [12] 3201 	ld	hl, #_is_dirty
    00000EDA 36 01            [12] 3202 	ld	(hl), #0x01
    00000EDC                       3203 00127$:
                                   3204 ;src/dandy_core.c:510: for (uint8_t p = 0; p < MAX_PLAYERS; ++p) {
    00000EDC F8 13            [12] 3205 	ldhl	sp,	#19
    00000EDE 34               [12] 3206 	inc	(hl)
    00000EDF C3r23r0C         [16] 3207 	jp	00130$
    00000EE2                       3208 00131$:
                                   3209 ;src/dandy_core.c:560: }
    00000EE2 E8 14            [16] 3210 	add	sp, #20
    00000EE4 C9               [16] 3211 	ret
                                   3212 ;src/dandy_core.c:562: static void do_bomb(uint8_t p_idx) {
                                   3213 ;	---------------------------------
                                   3214 ; Function do_bomb
                                   3215 ; ---------------------------------
    00000EE5                       3216 _do_bomb:
    00000EE5 E8 F6            [16] 3217 	add	sp, #-10
    00000EE7 5F               [ 4] 3218 	ld	e, a
                                   3219 ;src/dandy_core.c:564: int16_t vp_left = clamp((int16_t)player_x[p_idx] - 10, 0, DANDY_LEVEL_WIDTH - 20);
    00000EE8 21r0Fr07         [12] 3220 	ld	hl, #_player_x
    00000EEB 16 00            [ 8] 3221 	ld	d, #0x00
    00000EED 19               [ 8] 3222 	add	hl, de
    00000EEE 7E               [ 8] 3223 	ld	a, (hl)
    00000EEF 0E 00            [ 8] 3224 	ld	c, #0x00
    00000EF1 C6 F6            [ 8] 3225 	add	a, #0xf6
    00000EF3 6F               [ 4] 3226 	ld	l, a
    00000EF4 79               [ 4] 3227 	ld	a, c
    00000EF5 CE FF            [ 8] 3228 	adc	a, #0xff
    00000EF7 57               [ 4] 3229 	ld	d, a
    00000EF8 D5               [16] 3230 	push	de
    00000EF9 01 28 00         [12] 3231 	ld	bc, #0x0028
    00000EFC C5               [16] 3232 	push	bc
    00000EFD 01 00 00         [12] 3233 	ld	bc, #0x0000
    00000F00 5D               [ 4] 3234 	ld	e, l
    00000F01 CDrABr16         [24] 3235 	call	_clamp
    00000F04 F8 04            [12] 3236 	ldhl	sp,	#4
    00000F06 79               [ 4] 3237 	ld	a, c
    00000F07 22               [ 8] 3238 	ld	(hl+), a
    00000F08 70               [ 8] 3239 	ld	(hl), b
    00000F09 D1               [12] 3240 	pop	de
                                   3241 ;src/dandy_core.c:565: int16_t vp_top = clamp((int16_t)player_y[p_idx] - 5, 0, DANDY_LEVEL_HEIGHT - 10);
    00000F0A 21r13r07         [12] 3242 	ld	hl, #_player_y
    00000F0D 16 00            [ 8] 3243 	ld	d, #0x00
    00000F0F 19               [ 8] 3244 	add	hl, de
    00000F10 7E               [ 8] 3245 	ld	a, (hl)
    00000F11 0E 00            [ 8] 3246 	ld	c, #0x00
    00000F13 C6 FB            [ 8] 3247 	add	a, #0xfb
    00000F15 5F               [ 4] 3248 	ld	e, a
    00000F16 79               [ 4] 3249 	ld	a, c
    00000F17 CE FF            [ 8] 3250 	adc	a, #0xff
    00000F19 57               [ 4] 3251 	ld	d, a
    00000F1A 01 14 00         [12] 3252 	ld	bc, #0x0014
    00000F1D C5               [16] 3253 	push	bc
    00000F1E 01 00 00         [12] 3254 	ld	bc, #0x0000
    00000F21 CDrABr16         [24] 3255 	call	_clamp
    00000F24 F8 04            [12] 3256 	ldhl	sp,	#4
    00000F26 79               [ 4] 3257 	ld	a, c
    00000F27 22               [ 8] 3258 	ld	(hl+), a
    00000F28 70               [ 8] 3259 	ld	(hl), b
                                   3260 ;src/dandy_core.c:567: for (uint8_t y = 0; y < 10; ++y) {
    00000F29 F8 09            [12] 3261 	ldhl	sp,	#9
    00000F2B 36 00            [12] 3262 	ld	(hl), #0x00
    00000F2D                       3263 00112$:
    00000F2D F8 09            [12] 3264 	ldhl	sp,	#9
    00000F2F 7E               [ 8] 3265 	ld	a, (hl)
    00000F30 D6 0A            [ 8] 3266 	sub	a, #0x0a
    00000F32 30 77            [12] 3267 	jr	NC, 00107$
                                   3268 ;src/dandy_core.c:568: uint16_t row_offset = row_offsets[vp_top + y];
    00000F34 F8 04            [12] 3269 	ldhl	sp,	#4
    00000F36 2A               [ 8] 3270 	ld	a, (hl+)
    00000F37 23               [ 8] 3271 	inc	hl
    00000F38 77               [ 8] 3272 	ld	(hl), a
    00000F39 F8 09            [12] 3273 	ldhl	sp,	#9
    00000F3B 3A               [ 8] 3274 	ld	a, (hl-)
    00000F3C 77               [ 8] 3275 	ld	(hl), a
    00000F3D 3A               [ 8] 3276 	ld	a, (hl-)
    00000F3E 2B               [ 8] 3277 	dec	hl
    00000F3F 86               [ 8] 3278 	add	a, (hl)
    00000F40 23               [ 8] 3279 	inc	hl
    00000F41 23               [ 8] 3280 	inc	hl
    00000F42 77               [ 8] 3281 	ld	(hl), a
    00000F43 3A               [ 8] 3282 	ld	a, (hl-)
    00000F44 22               [ 8] 3283 	ld	(hl+), a
    00000F45 07               [ 4] 3284 	rlca
    00000F46 9F               [ 4] 3285 	sbc	a, a
    00000F47 32               [ 8] 3286 	ld	(hl-), a
    00000F48 CB 26            [16] 3287 	sla	(hl)
    00000F4A 23               [ 8] 3288 	inc	hl
    00000F4B CB 16            [16] 3289 	rl	(hl)
    00000F4D 2B               [ 8] 3290 	dec	hl
    00000F4E 2A               [ 8] 3291 	ld	a, (hl+)
    00000F4F 5F               [ 4] 3292 	ld	e, a
    00000F50 56               [ 8] 3293 	ld	d, (hl)
    00000F51 21r28r00         [12] 3294 	ld	hl, #_row_offsets
    00000F54 19               [ 8] 3295 	add	hl, de
    00000F55 33               [ 8] 3296 	inc	sp
    00000F56 33               [ 8] 3297 	inc	sp
    00000F57 5D               [ 4] 3298 	ld	e, l
    00000F58 54               [ 4] 3299 	ld	d, h
    00000F59 D5               [16] 3300 	push	de
    00000F5A 1A               [ 8] 3301 	ld	a, (de)
    00000F5B 4F               [ 4] 3302 	ld	c, a
    00000F5C 13               [ 8] 3303 	inc	de
    00000F5D 1A               [ 8] 3304 	ld	a, (de)
    00000F5E 47               [ 4] 3305 	ld	b, a
                                   3306 ;src/dandy_core.c:569: for (uint8_t x = 0; x < 20; ++x) {
    00000F5F 1E 00            [ 8] 3307 	ld	e, #0x00
    00000F61                       3308 00109$:
    00000F61 7B               [ 4] 3309 	ld	a, e
    00000F62 D6 14            [ 8] 3310 	sub	a, #0x14
    00000F64 30 40            [12] 3311 	jr	NC, 00113$
                                   3312 ;src/dandy_core.c:570: uint16_t pos = row_offset + (vp_left + x);
    00000F66 F8 00            [12] 3313 	ldhl	sp,	#0
    00000F68 7B               [ 4] 3314 	ld	a, e
    00000F69 22               [ 8] 3315 	ld	(hl+), a
    00000F6A AF               [ 4] 3316 	xor	a, a
    00000F6B 22               [ 8] 3317 	ld	(hl+), a
    00000F6C 7E               [ 8] 3318 	ld	a, (hl)
    00000F6D F8 07            [12] 3319 	ldhl	sp,	#7
    00000F6F 77               [ 8] 3320 	ld	(hl), a
    00000F70 F8 03            [12] 3321 	ldhl	sp,	#3
    00000F72 7E               [ 8] 3322 	ld	a, (hl)
    00000F73 F8 08            [12] 3323 	ldhl	sp,	#8
    00000F75 32               [ 8] 3324 	ld	(hl-), a
    00000F76 D5               [16] 3325 	push	de
    00000F77 2A               [ 8] 3326 	ld	a, (hl+)
    00000F78 5F               [ 4] 3327 	ld	e, a
    00000F79 56               [ 8] 3328 	ld	d, (hl)
    00000F7A F8 02            [12] 3329 	ldhl	sp,	#2
    00000F7C 2A               [ 8] 3330 	ld	a,	(hl+)
    00000F7D 66               [ 8] 3331 	ld	h, (hl)
    00000F7E 6F               [ 4] 3332 	ld	l, a
    00000F7F 19               [ 8] 3333 	add	hl, de
    00000F80 D1               [12] 3334 	pop	de
    00000F81 55               [ 4] 3335 	ld	d, l
    00000F82 7C               [ 4] 3336 	ld	a, h
    00000F83 69               [ 4] 3337 	ld	l, c
    00000F84 60               [ 4] 3338 	ld	h, b
    00000F85 85               [ 4] 3339 	add	a, l
    00000F86 6F               [ 4] 3340 	ld	l, a
    00000F87 7A               [ 4] 3341 	ld	a, d
    00000F88 8C               [ 4] 3342 	adc	a, h
    00000F89 67               [ 4] 3343 	ld	h, a
                                   3344 ;src/dandy_core.c:571: uint8_t tile = dandy_map[pos];
    00000F8A D5               [16] 3345 	push	de
    00000F8B 11r00r00         [12] 3346 	ld	de, #_dandy_map
    00000F8E 19               [ 8] 3347 	add	hl, de
    00000F8F D1               [12] 3348 	pop	de
    00000F90 7E               [ 8] 3349 	ld	a, (hl)
                                   3350 ;src/dandy_core.c:572: if ((tile >= TILE_MONSTER1 && tile <= TILE_MONSTER3) ||
    00000F91 FE 09            [ 8] 3351 	cp	a, #0x09
    00000F93 38 04            [12] 3352 	jr	C, 00105$
    00000F95 FE 0C            [ 8] 3353 	cp	a, #0x0c
    00000F97 38 08            [12] 3354 	jr	C, 00101$
    00000F99                       3355 00105$:
                                   3356 ;src/dandy_core.c:573: (tile >= TILE_GENERATOR1 && tile <= TILE_GENERATOR3)) {
    00000F99 FE 0D            [ 8] 3357 	cp	a, #0x0d
    00000F9B 38 06            [12] 3358 	jr	C, 00110$
    00000F9D FE 10            [ 8] 3359 	cp	a, #0x10
    00000F9F 30 02            [12] 3360 	jr	NC, 00110$
    00000FA1                       3361 00101$:
                                   3362 ;src/dandy_core.c:574: dandy_map[pos] = TILE_SPACE;
    00000FA1 36 00            [12] 3363 	ld	(hl), #0x00
    00000FA3                       3364 00110$:
                                   3365 ;src/dandy_core.c:569: for (uint8_t x = 0; x < 20; ++x) {
    00000FA3 1C               [ 4] 3366 	inc	e
    00000FA4 18 BB            [12] 3367 	jr	00109$
    00000FA6                       3368 00113$:
                                   3369 ;src/dandy_core.c:567: for (uint8_t y = 0; y < 10; ++y) {
    00000FA6 F8 09            [12] 3370 	ldhl	sp,	#9
    00000FA8 34               [12] 3371 	inc	(hl)
    00000FA9 18 82            [12] 3372 	jr	00112$
    00000FAB                       3373 00107$:
                                   3374 ;src/dandy_core.c:578: is_dirty = true;
    00000FAB 21r43r07         [12] 3375 	ld	hl, #_is_dirty
    00000FAE 36 01            [12] 3376 	ld	(hl), #0x01
                                   3377 ;src/dandy_core.c:579: }
    00000FB0 E8 0A            [16] 3378 	add	sp, #10
    00000FB2 C9               [16] 3379 	ret
                                   3380 ;src/dandy_core.c:582: static uint8_t get_nearest_player(uint8_t mx, uint8_t my) {
                                   3381 ;	---------------------------------
                                   3382 ; Function get_nearest_player
                                   3383 ; ---------------------------------
    00000FB3                       3384 _get_nearest_player:
    00000FB3 E8 F4            [16] 3385 	add	sp, #-12
    00000FB5 F8 0A            [12] 3386 	ldhl	sp,	#10
    00000FB7 32               [ 8] 3387 	ld	(hl-), a
    00000FB8 73               [ 8] 3388 	ld	(hl), e
                                   3389 ;src/dandy_core.c:583: uint8_t nearest = 0;
    00000FB9 F8 00            [12] 3390 	ldhl	sp,	#0
                                   3391 ;src/dandy_core.c:584: uint16_t min_dist = 0xFFFF;
    00000FBB AF               [ 4] 3392 	xor	a, a
    00000FBC 22               [ 8] 3393 	ld	(hl+), a
    00000FBD 3E FF            [ 8] 3394 	ld	a, #0xff
    00000FBF 22               [ 8] 3395 	ld	(hl+), a
    00000FC0 36 FF            [12] 3396 	ld	(hl), #0xff
                                   3397 ;src/dandy_core.c:585: for (uint8_t p = 0; p < MAX_PLAYERS; ++p) {
    00000FC2 F8 0B            [12] 3398 	ldhl	sp,	#11
    00000FC4 36 00            [12] 3399 	ld	(hl), #0x00
    00000FC6                       3400 00108$:
    00000FC6 F8 0B            [12] 3401 	ldhl	sp,	#11
    00000FC8 7E               [ 8] 3402 	ld	a, (hl)
    00000FC9 D6 04            [ 8] 3403 	sub	a, #0x04
    00000FCB D2rB6r10         [16] 3404 	jp	NC, 00106$
                                   3405 ;src/dandy_core.c:586: if (player_joined[p] && player_health[p] > 0) {
    00000FCE 11r0Ar07         [12] 3406 	ld	de, #_player_joined
    00000FD1 6E               [ 8] 3407 	ld	l, (hl)
    00000FD2 26 00            [ 8] 3408 	ld	h, #0x00
    00000FD4 19               [ 8] 3409 	add	hl, de
    00000FD5 E5               [16] 3410 	push	hl
    00000FD6 7D               [ 4] 3411 	ld	a, l
    00000FD7 F8 09            [12] 3412 	ldhl	sp,	#9
    00000FD9 77               [ 8] 3413 	ld	(hl), a
    00000FDA E1               [12] 3414 	pop	hl
    00000FDB 7C               [ 4] 3415 	ld	a, h
    00000FDC F8 08            [12] 3416 	ldhl	sp,	#8
    00000FDE 32               [ 8] 3417 	ld	(hl-), a
    00000FDF 2A               [ 8] 3418 	ld	a, (hl+)
    00000FE0 5F               [ 4] 3419 	ld	e, a
    00000FE1 56               [ 8] 3420 	ld	d, (hl)
    00000FE2 1A               [ 8] 3421 	ld	a, (de)
    00000FE3 CB 47            [ 8] 3422 	bit	0,a
    00000FE5 CArB0r10         [16] 3423 	jp	Z, 00109$
    00000FE8 F8 0B            [12] 3424 	ldhl	sp,	#11
    00000FEA 4E               [ 8] 3425 	ld	c, (hl)
    00000FEB AF               [ 4] 3426 	xor	a, a
    00000FEC 69               [ 4] 3427 	ld	l, c
    00000FED 67               [ 4] 3428 	ld	h, a
    00000FEE 29               [ 8] 3429 	add	hl, hl
    00000FEF 11r17r07         [12] 3430 	ld	de, #_player_health
    00000FF2 19               [ 8] 3431 	add	hl, de
    00000FF3 2A               [ 8] 3432 	ld	a, (hl+)
    00000FF4 4F               [ 4] 3433 	ld	c, a
    00000FF5 46               [ 8] 3434 	ld	b, (hl)
    00000FF6 58               [ 4] 3435 	ld	e, b
    00000FF7 AF               [ 4] 3436 	xor	a, a
    00000FF8 57               [ 4] 3437 	ld	d, a
    00000FF9 B9               [ 4] 3438 	cp	a, c
    00000FFA 98               [ 4] 3439 	sbc	a, b
    00000FFB CB 7B            [ 8] 3440 	bit	7, e
    00000FFD 28 07            [12] 3441 	jr	Z, 00166$
    00000FFF CB 7A            [ 8] 3442 	bit	7, d
    00001001 20 08            [12] 3443 	jr	NZ, 00167$
    00001003 BF               [ 4] 3444 	cp	a, a
    00001004 18 05            [12] 3445 	jr	00167$
    00001006                       3446 00166$:
    00001006 CB 7A            [ 8] 3447 	bit	7, d
    00001008 28 01            [12] 3448 	jr	Z, 00167$
    0000100A 37               [ 4] 3449 	scf
    0000100B                       3450 00167$:
    0000100B D2rB0r10         [16] 3451 	jp	NC, 00109$
                                   3452 ;src/dandy_core.c:587: uint16_t dist = (player_x[p] > mx ? player_x[p] - mx : mx - player_x[p]) +
    0000100E 11r0Fr07         [12] 3453 	ld	de, #_player_x
    00001011 F8 0B            [12] 3454 	ldhl	sp,	#11
    00001013 6E               [ 8] 3455 	ld	l, (hl)
    00001014 26 00            [ 8] 3456 	ld	h, #0x00
    00001016 19               [ 8] 3457 	add	hl, de
    00001017 4D               [ 4] 3458 	ld	c, l
    00001018 44               [ 4] 3459 	ld	b, h
    00001019 0A               [ 8] 3460 	ld	a, (bc)
    0000101A 4F               [ 4] 3461 	ld	c, a
    0000101B F8 05            [12] 3462 	ldhl	sp,	#5
    0000101D 79               [ 4] 3463 	ld	a, c
    0000101E 22               [ 8] 3464 	ld	(hl+), a
    0000101F 36 00            [12] 3465 	ld	(hl), #0x00
    00001021 F8 0A            [12] 3466 	ldhl	sp,	#10
    00001023 7E               [ 8] 3467 	ld	a, (hl)
    00001024 F8 07            [12] 3468 	ldhl	sp,	#7
    00001026 22               [ 8] 3469 	ld	(hl+), a
    00001027 AF               [ 4] 3470 	xor	a, a
    00001028 22               [ 8] 3471 	ld	(hl+), a
    00001029 23               [ 8] 3472 	inc	hl
    0000102A 7E               [ 8] 3473 	ld	a, (hl)
    0000102B 91               [ 4] 3474 	sub	a, c
    0000102C 30 14            [12] 3475 	jr	NC, 00112$
    0000102E F8 05            [12] 3476 	ldhl	sp,#5
    00001030 2A               [ 8] 3477 	ld	a, (hl+)
    00001031 5F               [ 4] 3478 	ld	e, a
    00001032 2A               [ 8] 3479 	ld	a, (hl+)
    00001033 57               [ 4] 3480 	ld	d, a
    00001034 2A               [ 8] 3481 	ld	a,	(hl+)
    00001035 66               [ 8] 3482 	ld	h, (hl)
    00001036 6F               [ 4] 3483 	ld	l, a
    00001037 7B               [ 4] 3484 	ld	a, e
    00001038 95               [ 4] 3485 	sub	a, l
    00001039 5F               [ 4] 3486 	ld	e, a
    0000103A 7A               [ 4] 3487 	ld	a, d
    0000103B 9C               [ 4] 3488 	sbc	a, h
    0000103C F8 04            [12] 3489 	ldhl	sp,	#4
    0000103E 32               [ 8] 3490 	ld	(hl-), a
    0000103F 73               [ 8] 3491 	ld	(hl), e
    00001040 18 13            [12] 3492 	jr	00113$
    00001042                       3493 00112$:
    00001042 F8 07            [12] 3494 	ldhl	sp,#7
    00001044 2A               [ 8] 3495 	ld	a, (hl+)
    00001045 5F               [ 4] 3496 	ld	e, a
    00001046 56               [ 8] 3497 	ld	d, (hl)
    00001047 F8 05            [12] 3498 	ldhl	sp,	#5
    00001049 2A               [ 8] 3499 	ld	a,	(hl+)
    0000104A 66               [ 8] 3500 	ld	h, (hl)
    0000104B 6F               [ 4] 3501 	ld	l, a
    0000104C 7B               [ 4] 3502 	ld	a, e
    0000104D 95               [ 4] 3503 	sub	a, l
    0000104E 5F               [ 4] 3504 	ld	e, a
    0000104F 7A               [ 4] 3505 	ld	a, d
    00001050 9C               [ 4] 3506 	sbc	a, h
    00001051 F8 04            [12] 3507 	ldhl	sp,	#4
    00001053 32               [ 8] 3508 	ld	(hl-), a
    00001054 73               [ 8] 3509 	ld	(hl), e
    00001055                       3510 00113$:
    00001055 11r13r07         [12] 3511 	ld	de, #_player_y
    00001058 F8 0B            [12] 3512 	ldhl	sp,	#11
    0000105A 6E               [ 8] 3513 	ld	l, (hl)
    0000105B 26 00            [ 8] 3514 	ld	h, #0x00
    0000105D 19               [ 8] 3515 	add	hl, de
    0000105E 4D               [ 4] 3516 	ld	c, l
    0000105F 44               [ 4] 3517 	ld	b, h
    00001060 0A               [ 8] 3518 	ld	a, (bc)
    00001061 5F               [ 4] 3519 	ld	e, a
    00001062 F8 05            [12] 3520 	ldhl	sp,	#5
    00001064 7B               [ 4] 3521 	ld	a, e
    00001065 22               [ 8] 3522 	ld	(hl+), a
    00001066 36 00            [12] 3523 	ld	(hl), #0x00
    00001068 F8 09            [12] 3524 	ldhl	sp,	#9
    0000106A 4E               [ 8] 3525 	ld	c, (hl)
    0000106B 06 00            [ 8] 3526 	ld	b, #0x00
    0000106D 7E               [ 8] 3527 	ld	a, (hl)
    0000106E 93               [ 4] 3528 	sub	a, e
    0000106F 30 10            [12] 3529 	jr	NC, 00114$
    00001071 F8 05            [12] 3530 	ldhl	sp,#5
    00001073 2A               [ 8] 3531 	ld	a, (hl+)
    00001074 5F               [ 4] 3532 	ld	e, a
    00001075 2A               [ 8] 3533 	ld	a, (hl+)
    00001076 23               [ 8] 3534 	inc	hl
    00001077 57               [ 4] 3535 	ld	d, a
    00001078 7B               [ 4] 3536 	ld	a, e
    00001079 91               [ 4] 3537 	sub	a, c
    0000107A 5F               [ 4] 3538 	ld	e, a
    0000107B 7A               [ 4] 3539 	ld	a, d
    0000107C 98               [ 4] 3540 	sbc	a, b
    0000107D 32               [ 8] 3541 	ld	(hl-), a
    0000107E 73               [ 8] 3542 	ld	(hl), e
    0000107F 18 0E            [12] 3543 	jr	00115$
    00001081                       3544 00114$:
    00001081 F8 05            [12] 3545 	ldhl	sp,#5
    00001083 2A               [ 8] 3546 	ld	a, (hl+)
    00001084 5F               [ 4] 3547 	ld	e, a
    00001085 2A               [ 8] 3548 	ld	a, (hl+)
    00001086 23               [ 8] 3549 	inc	hl
    00001087 57               [ 4] 3550 	ld	d, a
    00001088 79               [ 4] 3551 	ld	a, c
    00001089 93               [ 4] 3552 	sub	a, e
    0000108A 5F               [ 4] 3553 	ld	e, a
    0000108B 78               [ 4] 3554 	ld	a, b
    0000108C 9A               [ 4] 3555 	sbc	a, d
    0000108D 32               [ 8] 3556 	ld	(hl-), a
    0000108E 73               [ 8] 3557 	ld	(hl), e
    0000108F                       3558 00115$:
    0000108F F8 03            [12] 3559 	ldhl	sp,#3
    00001091 2A               [ 8] 3560 	ld	a, (hl+)
    00001092 5F               [ 4] 3561 	ld	e, a
    00001093 56               [ 8] 3562 	ld	d, (hl)
    00001094 F8 07            [12] 3563 	ldhl	sp,	#7
    00001096 2A               [ 8] 3564 	ld	a,	(hl+)
    00001097 66               [ 8] 3565 	ld	h, (hl)
    00001098 6F               [ 4] 3566 	ld	l, a
    00001099 19               [ 8] 3567 	add	hl, de
    0000109A 4D               [ 4] 3568 	ld	c, l
    0000109B 44               [ 4] 3569 	ld	b, h
                                   3570 ;src/dandy_core.c:589: if (dist < min_dist) {
    0000109C F8 01            [12] 3571 	ldhl	sp,	#1
    0000109E 79               [ 4] 3572 	ld	a, c
    0000109F 96               [ 8] 3573 	sub	a, (hl)
    000010A0 23               [ 8] 3574 	inc	hl
    000010A1 78               [ 4] 3575 	ld	a, b
    000010A2 9E               [ 8] 3576 	sbc	a, (hl)
    000010A3 30 0B            [12] 3577 	jr	NC, 00109$
                                   3578 ;src/dandy_core.c:590: min_dist = dist;
    000010A5 F8 01            [12] 3579 	ldhl	sp,	#1
    000010A7 79               [ 4] 3580 	ld	a, c
    000010A8 22               [ 8] 3581 	ld	(hl+), a
    000010A9 70               [ 8] 3582 	ld	(hl), b
                                   3583 ;src/dandy_core.c:591: nearest = p;
    000010AA F8 0B            [12] 3584 	ldhl	sp,	#11
    000010AC 7E               [ 8] 3585 	ld	a, (hl)
    000010AD F8 00            [12] 3586 	ldhl	sp,	#0
    000010AF 77               [ 8] 3587 	ld	(hl), a
    000010B0                       3588 00109$:
                                   3589 ;src/dandy_core.c:585: for (uint8_t p = 0; p < MAX_PLAYERS; ++p) {
    000010B0 F8 0B            [12] 3590 	ldhl	sp,	#11
    000010B2 34               [12] 3591 	inc	(hl)
    000010B3 C3rC6r0F         [16] 3592 	jp	00108$
    000010B6                       3593 00106$:
                                   3594 ;src/dandy_core.c:595: return nearest;
    000010B6 F8 00            [12] 3595 	ldhl	sp,	#0
    000010B8 7E               [ 8] 3596 	ld	a, (hl)
                                   3597 ;src/dandy_core.c:596: }
    000010B9 E8 0C            [16] 3598 	add	sp, #12
    000010BB C9               [16] 3599 	ret
                                   3600 ;src/dandy_core.c:598: static void move_monsters(void) {
                                   3601 ;	---------------------------------
                                   3602 ; Function move_monsters
                                   3603 ; ---------------------------------
    000010BC                       3604 _move_monsters:
    000010BC E8 D4            [16] 3605 	add	sp, #-44
                                   3606 ;src/dandy_core.c:602: monster_rotor++;
    000010BE 21r09r07         [12] 3607 	ld	hl, #_monster_rotor
    000010C1 34               [12] 3608 	inc	(hl)
                                   3609 ;src/dandy_core.c:603: if (monster_rotor >= 16) {
    000010C2 7E               [ 8] 3610 	ld	a, (hl)
    000010C3 D6 10            [ 8] 3611 	sub	a, #0x10
    000010C5 38 02            [12] 3612 	jr	C, 00176$
                                   3613 ;src/dandy_core.c:604: monster_rotor = 0;
    000010C7 36 00            [12] 3614 	ld	(hl), #0x00
                                   3615 ;src/dandy_core.c:611: for (uint8_t p = 0; p < MAX_PLAYERS; ++p) {
    000010C9                       3616 00176$:
    000010C9 F8 2B            [12] 3617 	ldhl	sp,	#43
    000010CB 36 00            [12] 3618 	ld	(hl), #0x00
    000010CD                       3619 00155$:
    000010CD F8 2B            [12] 3620 	ldhl	sp,	#43
    000010CF 7E               [ 8] 3621 	ld	a, (hl)
    000010D0 D6 04            [ 8] 3622 	sub	a, #0x04
    000010D2 D2r65r11         [16] 3623 	jp	NC, 00105$
                                   3624 ;src/dandy_core.c:612: if (player_joined[p]) {
    000010D5 11r0Ar07         [12] 3625 	ld	de, #_player_joined
    000010D8 6E               [ 8] 3626 	ld	l, (hl)
    000010D9 26 00            [ 8] 3627 	ld	h, #0x00
    000010DB 19               [ 8] 3628 	add	hl, de
    000010DC 4D               [ 4] 3629 	ld	c, l
    000010DD 44               [ 4] 3630 	ld	b, h
    000010DE 0A               [ 8] 3631 	ld	a, (bc)
    000010DF CB 47            [ 8] 3632 	bit	0,a
    000010E1 28 7C            [12] 3633 	jr	Z, 00156$
                                   3634 ;src/dandy_core.c:614: get_camera_target(p, &target_x, &target_y);
    000010E3 F8 10            [12] 3635 	ldhl	sp,	#16
    000010E5 4D               [ 4] 3636 	ld	c, l
    000010E6 54               [ 4] 3637 	ld	d, h
    000010E7 21 12 00         [12] 3638 	ld	hl, #18
    000010EA 39               [ 8] 3639 	add	hl, sp
    000010EB E5               [16] 3640 	push	hl
    000010EC 59               [ 4] 3641 	ld	e, c
    000010ED F8 2D            [12] 3642 	ldhl	sp,	#45
    000010EF 7E               [ 8] 3643 	ld	a, (hl)
    000010F0 CDr1Er04         [24] 3644 	call	_get_camera_target
                                   3645 ;src/dandy_core.c:616: vp_lefts[p] = clamp(target_x - 10, 0, DANDY_LEVEL_WIDTH - 20);
    000010F3 F8 2B            [12] 3646 	ldhl	sp,	#43
    000010F5 3A               [ 8] 3647 	ld	a, (hl-)
    000010F6 2B               [ 8] 3648 	dec	hl
    000010F7 4F               [ 4] 3649 	ld	c, a
    000010F8 06 00            [ 8] 3650 	ld	b, #0x00
    000010FA CB 21            [ 8] 3651 	sla	c
    000010FC CB 10            [ 8] 3652 	rl	b
    000010FE 79               [ 4] 3653 	ld	a, c
    000010FF 22               [ 8] 3654 	ld	(hl+), a
    00001100 70               [ 8] 3655 	ld	(hl), b
    00001101 E5               [16] 3656 	push	hl
    00001102 21 02 00         [12] 3657 	ld	hl, #2
    00001105 39               [ 8] 3658 	add	hl, sp
    00001106 5D               [ 4] 3659 	ld	e, l
    00001107 54               [ 4] 3660 	ld	d, h
    00001108 E1               [12] 3661 	pop	hl
    00001109 F8 29            [12] 3662 	ldhl	sp,	#41
    0000110B 2A               [ 8] 3663 	ld	a,	(hl+)
    0000110C 66               [ 8] 3664 	ld	h, (hl)
    0000110D 6F               [ 4] 3665 	ld	l, a
    0000110E 19               [ 8] 3666 	add	hl, de
    0000110F 5D               [ 4] 3667 	ld	e, l
    00001110 54               [ 4] 3668 	ld	d, h
    00001111 F8 10            [12] 3669 	ldhl	sp,	#16
    00001113 2A               [ 8] 3670 	ld	a, (hl+)
    00001114 4F               [ 4] 3671 	ld	c, a
    00001115 46               [ 8] 3672 	ld	b, (hl)
    00001116 79               [ 4] 3673 	ld	a, c
    00001117 C6 F6            [ 8] 3674 	add	a, #0xf6
    00001119 6F               [ 4] 3675 	ld	l, a
    0000111A 78               [ 4] 3676 	ld	a, b
    0000111B CE FF            [ 8] 3677 	adc	a, #0xff
    0000111D 67               [ 4] 3678 	ld	h, a
    0000111E D5               [16] 3679 	push	de
    0000111F 01 28 00         [12] 3680 	ld	bc, #0x0028
    00001122 C5               [16] 3681 	push	bc
    00001123 01 00 00         [12] 3682 	ld	bc, #0x0000
    00001126 5D               [ 4] 3683 	ld	e, l
    00001127 54               [ 4] 3684 	ld	d, h
    00001128 CDrABr16         [24] 3685 	call	_clamp
    0000112B D1               [12] 3686 	pop	de
    0000112C 79               [ 4] 3687 	ld	a, c
    0000112D 12               [ 8] 3688 	ld	(de), a
    0000112E 13               [ 8] 3689 	inc	de
    0000112F 78               [ 4] 3690 	ld	a, b
    00001130 12               [ 8] 3691 	ld	(de), a
                                   3692 ;src/dandy_core.c:617: vp_tops[p] = clamp(target_y - 5, 0, DANDY_LEVEL_HEIGHT - 10);
    00001131 E5               [16] 3693 	push	hl
    00001132 21 0A 00         [12] 3694 	ld	hl, #10
    00001135 39               [ 8] 3695 	add	hl, sp
    00001136 5D               [ 4] 3696 	ld	e, l
    00001137 54               [ 4] 3697 	ld	d, h
    00001138 E1               [12] 3698 	pop	hl
    00001139 F8 29            [12] 3699 	ldhl	sp,	#41
    0000113B 2A               [ 8] 3700 	ld	a,	(hl+)
    0000113C 66               [ 8] 3701 	ld	h, (hl)
    0000113D 6F               [ 4] 3702 	ld	l, a
    0000113E 19               [ 8] 3703 	add	hl, de
    0000113F 5D               [ 4] 3704 	ld	e, l
    00001140 54               [ 4] 3705 	ld	d, h
    00001141 F8 12            [12] 3706 	ldhl	sp,	#18
    00001143 2A               [ 8] 3707 	ld	a, (hl+)
    00001144 4E               [ 8] 3708 	ld	c, (hl)
    00001145 C6 FB            [ 8] 3709 	add	a, #0xfb
    00001147 6F               [ 4] 3710 	ld	l, a
    00001148 79               [ 4] 3711 	ld	a, c
    00001149 CE FF            [ 8] 3712 	adc	a, #0xff
    0000114B 67               [ 4] 3713 	ld	h, a
    0000114C D5               [16] 3714 	push	de
    0000114D 01 14 00         [12] 3715 	ld	bc, #0x0014
    00001150 C5               [16] 3716 	push	bc
    00001151 01 00 00         [12] 3717 	ld	bc, #0x0000
    00001154 5D               [ 4] 3718 	ld	e, l
    00001155 54               [ 4] 3719 	ld	d, h
    00001156 CDrABr16         [24] 3720 	call	_clamp
    00001159 D1               [12] 3721 	pop	de
    0000115A 79               [ 4] 3722 	ld	a, c
    0000115B 12               [ 8] 3723 	ld	(de), a
    0000115C 13               [ 8] 3724 	inc	de
    0000115D 78               [ 4] 3725 	ld	a, b
    0000115E 12               [ 8] 3726 	ld	(de), a
    0000115F                       3727 00156$:
                                   3728 ;src/dandy_core.c:611: for (uint8_t p = 0; p < MAX_PLAYERS; ++p) {
    0000115F F8 2B            [12] 3729 	ldhl	sp,	#43
    00001161 34               [12] 3730 	inc	(hl)
    00001162 C3rCDr10         [16] 3731 	jp	00155$
    00001165                       3732 00105$:
                                   3733 ;src/dandy_core.c:622: uint8_t x_start = monster_rotor % dx;
    00001165 FAr09r07         [16] 3734 	ld	a, (#_monster_rotor)
    00001168 E6 03            [ 8] 3735 	and	a, #0x03
    0000116A F8 14            [12] 3736 	ldhl	sp,	#20
    0000116C 77               [ 8] 3737 	ld	(hl), a
                                   3738 ;src/dandy_core.c:623: uint8_t y_start = monster_rotor / dx;
    0000116D 1E 04            [ 8] 3739 	ld	e, #0x04
    0000116F FAr09r07         [16] 3740 	ld	a, (_monster_rotor)
                                   3741 ;src/dandy_core.c:625: for (uint8_t my = y_start; my < DANDY_LEVEL_HEIGHT; my += dy) {
    00001172 CDr00r00         [24] 3742 	call	__divuchar
    00001175 F8 29            [12] 3743 	ldhl	sp,	#41
    00001177 71               [ 8] 3744 	ld	(hl), c
    00001178                       3745 00169$:
    00001178 F8 29            [12] 3746 	ldhl	sp,	#41
    0000117A 7E               [ 8] 3747 	ld	a, (hl)
    0000117B D6 1E            [ 8] 3748 	sub	a, #0x1e
    0000117D D2r61r15         [16] 3749 	jp	NC, 00171$
                                   3750 ;src/dandy_core.c:626: uint16_t row_offset = row_offsets[my];
    00001180 7E               [ 8] 3751 	ld	a, (hl)
    00001181 F8 15            [12] 3752 	ldhl	sp,	#21
    00001183 22               [ 8] 3753 	ld	(hl+), a
    00001184 AF               [ 4] 3754 	xor	a, a
    00001185 32               [ 8] 3755 	ld	(hl-), a
    00001186 4E               [ 8] 3756 	ld	c, (hl)
    00001187 06 00            [ 8] 3757 	ld	b, #0x00
    00001189 CB 21            [ 8] 3758 	sla	c
    0000118B CB 10            [ 8] 3759 	rl	b
    0000118D 21r28r00         [12] 3760 	ld	hl, #_row_offsets
    00001190 09               [ 8] 3761 	add	hl, bc
    00001191 5D               [ 4] 3762 	ld	e, l
    00001192 54               [ 4] 3763 	ld	d, h
    00001193 1A               [ 8] 3764 	ld	a, (de)
    00001194 F8 17            [12] 3765 	ldhl	sp,	#23
    00001196 22               [ 8] 3766 	ld	(hl+), a
    00001197 13               [ 8] 3767 	inc	de
    00001198 1A               [ 8] 3768 	ld	a, (de)
    00001199 77               [ 8] 3769 	ld	(hl), a
                                   3770 ;src/dandy_core.c:627: for (uint8_t mx = x_start; mx < DANDY_LEVEL_WIDTH; mx += dx) {
    0000119A F8 14            [12] 3771 	ldhl	sp,	#20
    0000119C 7E               [ 8] 3772 	ld	a, (hl)
    0000119D F8 2A            [12] 3773 	ldhl	sp,	#42
    0000119F 77               [ 8] 3774 	ld	(hl), a
    000011A0                       3775 00167$:
    000011A0 F8 2A            [12] 3776 	ldhl	sp,	#42
                                   3777 ;src/dandy_core.c:628: uint16_t pos = row_offset + mx;
    000011A2 7E               [ 8] 3778 	ld	a,(hl)
    000011A3 FE 3C            [ 8] 3779 	cp	a,#0x3c
    000011A5 D2r58r15         [16] 3780 	jp	NC,00170$
    000011A8 F8 23            [12] 3781 	ldhl	sp,	#35
    000011AA 22               [ 8] 3782 	ld	(hl+), a
    000011AB 36 00            [12] 3783 	ld	(hl), #0x00
    000011AD F8 17            [12] 3784 	ldhl	sp,	#23
    000011AF 7E               [ 8] 3785 	ld	a, (hl)
    000011B0 F8 25            [12] 3786 	ldhl	sp,	#37
    000011B2 77               [ 8] 3787 	ld	(hl), a
    000011B3 F8 18            [12] 3788 	ldhl	sp,	#24
    000011B5 7E               [ 8] 3789 	ld	a, (hl)
    000011B6 F8 26            [12] 3790 	ldhl	sp,	#38
    000011B8 32               [ 8] 3791 	ld	(hl-), a
    000011B9 2A               [ 8] 3792 	ld	a, (hl+)
    000011BA 5F               [ 4] 3793 	ld	e, a
    000011BB 56               [ 8] 3794 	ld	d, (hl)
    000011BC F8 23            [12] 3795 	ldhl	sp,	#35
    000011BE 2A               [ 8] 3796 	ld	a,	(hl+)
    000011BF 66               [ 8] 3797 	ld	h, (hl)
    000011C0 6F               [ 4] 3798 	ld	l, a
    000011C1 19               [ 8] 3799 	add	hl, de
    000011C2 E5               [16] 3800 	push	hl
    000011C3 7D               [ 4] 3801 	ld	a, l
    000011C4 F8 29            [12] 3802 	ldhl	sp,	#41
    000011C6 77               [ 8] 3803 	ld	(hl), a
    000011C7 E1               [12] 3804 	pop	hl
    000011C8 7C               [ 4] 3805 	ld	a, h
    000011C9 F8 28            [12] 3806 	ldhl	sp,	#40
                                   3807 ;src/dandy_core.c:629: uint8_t tile = dandy_map[pos];
    000011CB 32               [ 8] 3808 	ld	(hl-), a
    000011CC 2A               [ 8] 3809 	ld	a, (hl+)
    000011CD 5F               [ 4] 3810 	ld	e, a
    000011CE 56               [ 8] 3811 	ld	d, (hl)
    000011CF 21r00r00         [12] 3812 	ld	hl, #_dandy_map
    000011D2 19               [ 8] 3813 	add	hl, de
    000011D3 E5               [16] 3814 	push	hl
    000011D4 7D               [ 4] 3815 	ld	a, l
    000011D5 F8 1B            [12] 3816 	ldhl	sp,	#27
    000011D7 77               [ 8] 3817 	ld	(hl), a
    000011D8 E1               [12] 3818 	pop	hl
    000011D9 7C               [ 4] 3819 	ld	a, h
    000011DA F8 1A            [12] 3820 	ldhl	sp,	#26
    000011DC 32               [ 8] 3821 	ld	(hl-), a
    000011DD 2A               [ 8] 3822 	ld	a, (hl+)
    000011DE 5F               [ 4] 3823 	ld	e, a
    000011DF 2A               [ 8] 3824 	ld	a, (hl+)
    000011E0 57               [ 4] 3825 	ld	d, a
    000011E1 1A               [ 8] 3826 	ld	a, (de)
                                   3827 ;src/dandy_core.c:632: if ((tile >= TILE_MONSTER1 && tile <= TILE_MONSTER3) ||
    000011E2 22               [ 8] 3828 	ld	(hl+), a
    000011E3 D6 09            [ 8] 3829 	sub	a, #0x09
    000011E5 3E 00            [ 8] 3830 	ld	a, #0x00
    000011E7 17               [ 4] 3831 	rla
    000011E8 32               [ 8] 3832 	ld	(hl-), a
    000011E9 3E 0B            [ 8] 3833 	ld	a, #0x0b
    000011EB 96               [ 8] 3834 	sub	a, (hl)
    000011EC 23               [ 8] 3835 	inc	hl
    000011ED 23               [ 8] 3836 	inc	hl
    000011EE 3E 00            [ 8] 3837 	ld	a, #0x00
    000011F0 17               [ 4] 3838 	rla
                                   3839 ;src/dandy_core.c:633: (tile >= TILE_GENERATOR1 && tile <= TILE_GENERATOR3)) {
    000011F1 32               [ 8] 3840 	ld	(hl-), a
    000011F2 2B               [ 8] 3841 	dec	hl
    000011F3 7E               [ 8] 3842 	ld	a, (hl)
    000011F4 D6 0D            [ 8] 3843 	sub	a, #0x0d
    000011F6 3E 00            [ 8] 3844 	ld	a, #0x00
    000011F8 17               [ 4] 3845 	rla
    000011F9 F8 1E            [12] 3846 	ldhl	sp,	#30
    000011FB 77               [ 8] 3847 	ld	(hl), a
    000011FC 3E 0F            [ 8] 3848 	ld	a, #0x0f
    000011FE F8 1B            [12] 3849 	ldhl	sp,	#27
    00001200 96               [ 8] 3850 	sub	a, (hl)
    00001201 3E 00            [ 8] 3851 	ld	a, #0x00
    00001203 17               [ 4] 3852 	rla
    00001204 F8 1F            [12] 3853 	ldhl	sp,	#31
    00001206 77               [ 8] 3854 	ld	(hl), a
                                   3855 ;src/dandy_core.c:639: if (mx >= vp_lefts[p] && mx < vp_lefts[p] + 20 &&
    00001207 F8 2A            [12] 3856 	ldhl	sp,	#42
    00001209 7E               [ 8] 3857 	ld	a, (hl)
    0000120A F8 20            [12] 3858 	ldhl	sp,	#32
    0000120C 22               [ 8] 3859 	ld	(hl+), a
    0000120D 36 00            [12] 3860 	ld	(hl), #0x00
    0000120F F8 2A            [12] 3861 	ldhl	sp,	#42
    00001211 7E               [ 8] 3862 	ld	a, (hl)
    00001212 F8 22            [12] 3863 	ldhl	sp,	#34
    00001214 22               [ 8] 3864 	ld	(hl+), a
    00001215 36 00            [12] 3865 	ld	(hl), #0x00
                                   3866 ;src/dandy_core.c:640: my >= vp_tops[p] && my < vp_tops[p] + 10) {
    00001217 F8 29            [12] 3867 	ldhl	sp,	#41
    00001219 7E               [ 8] 3868 	ld	a, (hl)
    0000121A F8 24            [12] 3869 	ldhl	sp,	#36
    0000121C 22               [ 8] 3870 	ld	(hl+), a
    0000121D 36 00            [12] 3871 	ld	(hl), #0x00
                                   3872 ;src/dandy_core.c:632: if ((tile >= TILE_MONSTER1 && tile <= TILE_MONSTER3) ||
    0000121F F8 1C            [12] 3873 	ldhl	sp,	#28
    00001221 CB 46            [12] 3874 	bit	0, (hl)
    00001223 20 05            [12] 3875 	jr	NZ, 00120$
    00001225 23               [ 8] 3876 	inc	hl
    00001226 CB 46            [12] 3877 	bit	0, (hl)
    00001228 28 0D            [12] 3878 	jr	Z, 00116$
    0000122A                       3879 00120$:
                                   3880 ;src/dandy_core.c:633: (tile >= TILE_GENERATOR1 && tile <= TILE_GENERATOR3)) {
    0000122A F8 1E            [12] 3881 	ldhl	sp,	#30
    0000122C CB 46            [12] 3882 	bit	0, (hl)
    0000122E C2r10r13         [16] 3883 	jp	NZ, 00117$
    00001231 23               [ 8] 3884 	inc	hl
    00001232 CB 46            [12] 3885 	bit	0, (hl)
    00001234 C2r10r13         [16] 3886 	jp	NZ, 00117$
    00001237                       3887 00116$:
                                   3888 ;src/dandy_core.c:636: bool is_visible = false;
    00001237 F8 26            [12] 3889 	ldhl	sp,	#38
    00001239 36 00            [12] 3890 	ld	(hl), #0x00
                                   3891 ;src/dandy_core.c:637: for (uint8_t p = 0; p < MAX_PLAYERS; ++p) {
    0000123B F8 2B            [12] 3892 	ldhl	sp,	#43
    0000123D 36 00            [12] 3893 	ld	(hl), #0x00
    0000123F                       3894 00158$:
    0000123F F8 2B            [12] 3895 	ldhl	sp,	#43
    00001241 7E               [ 8] 3896 	ld	a, (hl)
    00001242 D6 04            [ 8] 3897 	sub	a, #0x04
    00001244 D2r09r13         [16] 3898 	jp	NC, 00113$
                                   3899 ;src/dandy_core.c:638: if (player_joined[p]) {
    00001247 11r0Ar07         [12] 3900 	ld	de, #_player_joined
    0000124A 6E               [ 8] 3901 	ld	l, (hl)
    0000124B 26 00            [ 8] 3902 	ld	h, #0x00
    0000124D 19               [ 8] 3903 	add	hl, de
    0000124E 4D               [ 4] 3904 	ld	c, l
    0000124F 44               [ 4] 3905 	ld	b, h
    00001250 0A               [ 8] 3906 	ld	a, (bc)
    00001251 4F               [ 4] 3907 	ld	c, a
    00001252 CB 41            [ 8] 3908 	bit	0, c
    00001254 CAr03r13         [16] 3909 	jp	Z, 00159$
                                   3910 ;src/dandy_core.c:639: if (mx >= vp_lefts[p] && mx < vp_lefts[p] + 20 &&
    00001257 F8 2B            [12] 3911 	ldhl	sp,	#43
    00001259 4E               [ 8] 3912 	ld	c, (hl)
    0000125A AF               [ 4] 3913 	xor	a, a
    0000125B CB 21            [ 8] 3914 	sla	c
    0000125D 8F               [ 4] 3915 	adc	a, a
    0000125E F8 27            [12] 3916 	ldhl	sp,	#39
    00001260 71               [ 8] 3917 	ld	(hl), c
    00001261 23               [ 8] 3918 	inc	hl
    00001262 77               [ 8] 3919 	ld	(hl), a
    00001263 E5               [16] 3920 	push	hl
    00001264 21 02 00         [12] 3921 	ld	hl, #2
    00001267 39               [ 8] 3922 	add	hl, sp
    00001268 5D               [ 4] 3923 	ld	e, l
    00001269 54               [ 4] 3924 	ld	d, h
    0000126A E1               [12] 3925 	pop	hl
    0000126B F8 27            [12] 3926 	ldhl	sp,	#39
    0000126D 2A               [ 8] 3927 	ld	a,	(hl+)
    0000126E 66               [ 8] 3928 	ld	h, (hl)
    0000126F 6F               [ 4] 3929 	ld	l, a
    00001270 19               [ 8] 3930 	add	hl, de
    00001271 2A               [ 8] 3931 	ld	a, (hl+)
    00001272 4F               [ 4] 3932 	ld	c, a
    00001273 46               [ 8] 3933 	ld	b, (hl)
    00001274 F8 20            [12] 3934 	ldhl	sp,	#32
    00001276 2A               [ 8] 3935 	ld	a, (hl+)
    00001277 91               [ 4] 3936 	sub	a, c
    00001278 7E               [ 8] 3937 	ld	a, (hl)
    00001279 98               [ 4] 3938 	sbc	a, b
    0000127A 56               [ 8] 3939 	ld	d, (hl)
    0000127B 78               [ 4] 3940 	ld	a, b
    0000127C 5F               [ 4] 3941 	ld	e, a
    0000127D CB 7B            [ 8] 3942 	bit	7, e
    0000127F 28 07            [12] 3943 	jr	Z, 00417$
    00001281 CB 7A            [ 8] 3944 	bit	7, d
    00001283 20 08            [12] 3945 	jr	NZ, 00418$
    00001285 BF               [ 4] 3946 	cp	a, a
    00001286 18 05            [12] 3947 	jr	00418$
    00001288                       3948 00417$:
    00001288 CB 7A            [ 8] 3949 	bit	7, d
    0000128A 28 01            [12] 3950 	jr	Z, 00418$
    0000128C 37               [ 4] 3951 	scf
    0000128D                       3952 00418$:
    0000128D 38 74            [12] 3953 	jr	C, 00159$
    0000128F 21 14 00         [12] 3954 	ld	hl, #0x0014
    00001292 09               [ 8] 3955 	add	hl, bc
    00001293 4D               [ 4] 3956 	ld	c, l
    00001294 44               [ 4] 3957 	ld	b, h
    00001295 F8 22            [12] 3958 	ldhl	sp,	#34
    00001297 2A               [ 8] 3959 	ld	a, (hl+)
    00001298 91               [ 4] 3960 	sub	a, c
    00001299 7E               [ 8] 3961 	ld	a, (hl)
    0000129A 98               [ 4] 3962 	sbc	a, b
    0000129B 56               [ 8] 3963 	ld	d, (hl)
    0000129C 78               [ 4] 3964 	ld	a, b
    0000129D 5F               [ 4] 3965 	ld	e, a
    0000129E CB 7B            [ 8] 3966 	bit	7, e
    000012A0 28 07            [12] 3967 	jr	Z, 00419$
    000012A2 CB 7A            [ 8] 3968 	bit	7, d
    000012A4 20 08            [12] 3969 	jr	NZ, 00420$
    000012A6 BF               [ 4] 3970 	cp	a, a
    000012A7 18 05            [12] 3971 	jr	00420$
    000012A9                       3972 00419$:
    000012A9 CB 7A            [ 8] 3973 	bit	7, d
    000012AB 28 01            [12] 3974 	jr	Z, 00420$
    000012AD 37               [ 4] 3975 	scf
    000012AE                       3976 00420$:
    000012AE 30 53            [12] 3977 	jr	NC, 00159$
                                   3978 ;src/dandy_core.c:640: my >= vp_tops[p] && my < vp_tops[p] + 10) {
    000012B0 E5               [16] 3979 	push	hl
    000012B1 21 0A 00         [12] 3980 	ld	hl, #10
    000012B4 39               [ 8] 3981 	add	hl, sp
    000012B5 5D               [ 4] 3982 	ld	e, l
    000012B6 54               [ 4] 3983 	ld	d, h
    000012B7 E1               [12] 3984 	pop	hl
    000012B8 F8 27            [12] 3985 	ldhl	sp,	#39
    000012BA 2A               [ 8] 3986 	ld	a,	(hl+)
    000012BB 66               [ 8] 3987 	ld	h, (hl)
    000012BC 6F               [ 4] 3988 	ld	l, a
    000012BD 19               [ 8] 3989 	add	hl, de
    000012BE 2A               [ 8] 3990 	ld	a, (hl+)
    000012BF 4F               [ 4] 3991 	ld	c, a
    000012C0 46               [ 8] 3992 	ld	b, (hl)
    000012C1 F8 24            [12] 3993 	ldhl	sp,	#36
    000012C3 2A               [ 8] 3994 	ld	a, (hl+)
    000012C4 91               [ 4] 3995 	sub	a, c
    000012C5 7E               [ 8] 3996 	ld	a, (hl)
    000012C6 98               [ 4] 3997 	sbc	a, b
    000012C7 56               [ 8] 3998 	ld	d, (hl)
    000012C8 78               [ 4] 3999 	ld	a, b
    000012C9 5F               [ 4] 4000 	ld	e, a
    000012CA CB 7B            [ 8] 4001 	bit	7, e
    000012CC 28 07            [12] 4002 	jr	Z, 00421$
    000012CE CB 7A            [ 8] 4003 	bit	7, d
    000012D0 20 08            [12] 4004 	jr	NZ, 00422$
    000012D2 BF               [ 4] 4005 	cp	a, a
    000012D3 18 05            [12] 4006 	jr	00422$
    000012D5                       4007 00421$:
    000012D5 CB 7A            [ 8] 4008 	bit	7, d
    000012D7 28 01            [12] 4009 	jr	Z, 00422$
    000012D9 37               [ 4] 4010 	scf
    000012DA                       4011 00422$:
    000012DA 38 27            [12] 4012 	jr	C, 00159$
    000012DC 21 0A 00         [12] 4013 	ld	hl, #0x000a
    000012DF 09               [ 8] 4014 	add	hl, bc
    000012E0 4D               [ 4] 4015 	ld	c, l
    000012E1 44               [ 4] 4016 	ld	b, h
    000012E2 F8 15            [12] 4017 	ldhl	sp,	#21
    000012E4 2A               [ 8] 4018 	ld	a, (hl+)
    000012E5 91               [ 4] 4019 	sub	a, c
    000012E6 7E               [ 8] 4020 	ld	a, (hl)
    000012E7 98               [ 4] 4021 	sbc	a, b
    000012E8 56               [ 8] 4022 	ld	d, (hl)
    000012E9 78               [ 4] 4023 	ld	a, b
    000012EA 5F               [ 4] 4024 	ld	e, a
    000012EB CB 7B            [ 8] 4025 	bit	7, e
    000012ED 28 07            [12] 4026 	jr	Z, 00423$
    000012EF CB 7A            [ 8] 4027 	bit	7, d
    000012F1 20 08            [12] 4028 	jr	NZ, 00424$
    000012F3 BF               [ 4] 4029 	cp	a, a
    000012F4 18 05            [12] 4030 	jr	00424$
    000012F6                       4031 00423$:
    000012F6 CB 7A            [ 8] 4032 	bit	7, d
    000012F8 28 01            [12] 4033 	jr	Z, 00424$
    000012FA 37               [ 4] 4034 	scf
    000012FB                       4035 00424$:
    000012FB 30 06            [12] 4036 	jr	NC, 00159$
                                   4037 ;src/dandy_core.c:641: is_visible = true;
    000012FD F8 26            [12] 4038 	ldhl	sp,	#38
    000012FF 36 01            [12] 4039 	ld	(hl), #0x01
                                   4040 ;src/dandy_core.c:642: break;
    00001301 18 06            [12] 4041 	jr	00113$
    00001303                       4042 00159$:
                                   4043 ;src/dandy_core.c:637: for (uint8_t p = 0; p < MAX_PLAYERS; ++p) {
    00001303 F8 2B            [12] 4044 	ldhl	sp,	#43
    00001305 34               [12] 4045 	inc	(hl)
    00001306 C3r3Fr12         [16] 4046 	jp	00158$
    00001309                       4047 00113$:
                                   4048 ;src/dandy_core.c:646: if (!is_visible) {
    00001309 F8 26            [12] 4049 	ldhl	sp,	#38
    0000130B CB 46            [12] 4050 	bit	0, (hl)
    0000130D CAr4Fr15         [16] 4051 	jp	Z, 00151$
                                   4052 ;src/dandy_core.c:647: continue; // Freeze this off-screen monster/generator!
    00001310                       4053 00117$:
                                   4054 ;src/dandy_core.c:660: uint16_t n_pos = row_offsets[my + dir_delta_y[dd]] + (mx + dir_delta_x[dd]);
    00001310 F8 29            [12] 4055 	ldhl	sp,	#41
    00001312 2A               [ 8] 4056 	ld	a, (hl+)
    00001313 23               [ 8] 4057 	inc	hl
    00001314 77               [ 8] 4058 	ld	(hl), a
                                   4059 ;src/dandy_core.c:651: if (tile >= TILE_MONSTER1 && tile <= TILE_MONSTER3) {
    00001315 F8 1C            [12] 4060 	ldhl	sp,	#28
    00001317 CB 46            [12] 4061 	bit	0, (hl)
    00001319 C2rAAr14         [16] 4062 	jp	NZ, 00148$
    0000131C 23               [ 8] 4063 	inc	hl
    0000131D CB 46            [12] 4064 	bit	0, (hl)
    0000131F C2rAAr14         [16] 4065 	jp	NZ, 00148$
                                   4066 ;src/dandy_core.c:653: uint8_t target_p = get_nearest_player(mx, my);
    00001322 F8 29            [12] 4067 	ldhl	sp,	#41
    00001324 2A               [ 8] 4068 	ld	a, (hl+)
    00001325 5F               [ 4] 4069 	ld	e, a
    00001326 7E               [ 8] 4070 	ld	a, (hl)
    00001327 CDrB3r0F         [24] 4071 	call	_get_nearest_player
    0000132A 5F               [ 4] 4072 	ld	e, a
                                   4073 ;src/dandy_core.c:654: int8_t p_dy = to_delta(player_y[target_p], my);
    0000132B 21r13r07         [12] 4074 	ld	hl, #_player_y
    0000132E 16 00            [ 8] 4075 	ld	d, #0x00
    00001330 19               [ 8] 4076 	add	hl, de
    00001331 7E               [ 8] 4077 	ld	a, (hl)
    00001332 16 00            [ 8] 4078 	ld	d, #0x00
    00001334 D5               [16] 4079 	push	de
    00001335 F8 26            [12] 4080 	ldhl	sp,	#38
    00001337 4E               [ 8] 4081 	ld	c, (hl)
    00001338 06 00            [ 8] 4082 	ld	b, #0x00
    0000133A 5F               [ 4] 4083 	ld	e, a
    0000133B CDrF6r16         [24] 4084 	call	_to_delta
    0000133E F8 2A            [12] 4085 	ldhl	sp,	#42
    00001340 77               [ 8] 4086 	ld	(hl), a
    00001341 D1               [12] 4087 	pop	de
                                   4088 ;src/dandy_core.c:655: int8_t p_dx = to_delta(player_x[target_p], mx);
    00001342 6B               [ 4] 4089 	ld	l, e
    00001343 26 00            [ 8] 4090 	ld	h, #0x00
    00001345 11r0Fr07         [12] 4091 	ld	de, #_player_x
    00001348 19               [ 8] 4092 	add	hl, de
    00001349 5E               [ 8] 4093 	ld	e, (hl)
    0000134A AF               [ 4] 4094 	xor	a, a
    0000134B F8 20            [12] 4095 	ldhl	sp,	#32
    0000134D 4E               [ 8] 4096 	ld	c, (hl)
    0000134E 06 00            [ 8] 4097 	ld	b, #0x00
    00001350 57               [ 4] 4098 	ld	d, a
    00001351 CDrF6r16         [24] 4099 	call	_to_delta
    00001354 4F               [ 4] 4100 	ld	c, a
                                   4101 ;src/dandy_core.c:656: int8_t m_dir = delta_to_dir[p_dy + 1][p_dx + 1];
    00001355 F8 28            [12] 4102 	ldhl	sp,	#40
    00001357 7E               [ 8] 4103 	ld	a, (hl)
    00001358 3C               [ 4] 4104 	inc	a
    00001359 5F               [ 4] 4105 	ld	e, a
    0000135A 07               [ 4] 4106 	rlca
    0000135B 9F               [ 4] 4107 	sbc	a, a
    0000135C 57               [ 4] 4108 	ld	d, a
    0000135D 6B               [ 4] 4109 	ld	l, e
    0000135E 62               [ 4] 4110 	ld	h, d
    0000135F 29               [ 8] 4111 	add	hl, hl
    00001360 19               [ 8] 4112 	add	hl, de
    00001361 11r87r00         [12] 4113 	ld	de, #_delta_to_dir
    00001364 19               [ 8] 4114 	add	hl, de
    00001365 79               [ 4] 4115 	ld	a, c
    00001366 3C               [ 4] 4116 	inc	a
    00001367 85               [ 4] 4117 	add	a, l
    00001368 6F               [ 4] 4118 	ld	l, a
    00001369 3E 00            [ 8] 4119 	ld	a, #0x00
    0000136B 8C               [ 4] 4120 	adc	a, h
    0000136C 67               [ 4] 4121 	ld	h, a
    0000136D 7E               [ 8] 4122 	ld	a, (hl)
    0000136E F8 24            [12] 4123 	ldhl	sp,	#36
    00001370 77               [ 8] 4124 	ld	(hl), a
                                   4125 ;src/dandy_core.c:658: for (uint8_t d = 0; d < 3; ++d) {
    00001371 F8 28            [12] 4126 	ldhl	sp,	#40
    00001373 36 00            [12] 4127 	ld	(hl), #0x00
    00001375                       4128 00161$:
    00001375 F8 28            [12] 4129 	ldhl	sp,	#40
    00001377 7E               [ 8] 4130 	ld	a, (hl)
    00001378 D6 03            [ 8] 4131 	sub	a, #0x03
    0000137A D2r4Fr15         [16] 4132 	jp	NC, 00151$
                                   4133 ;src/dandy_core.c:659: int8_t dd = (m_dir + search_order[d]) & 7;
    0000137D 11r74r00         [12] 4134 	ld	de, #_search_order
    00001380 6E               [ 8] 4135 	ld	l, (hl)
    00001381 26 00            [ 8] 4136 	ld	h, #0x00
    00001383 19               [ 8] 4137 	add	hl, de
    00001384 4D               [ 4] 4138 	ld	c, l
    00001385 44               [ 4] 4139 	ld	b, h
    00001386 0A               [ 8] 4140 	ld	a, (bc)
    00001387 F8 24            [12] 4141 	ldhl	sp,	#36
    00001389 86               [ 8] 4142 	add	a, (hl)
    0000138A E6 07            [ 8] 4143 	and	a, #0x07
                                   4144 ;src/dandy_core.c:660: uint16_t n_pos = row_offsets[my + dir_delta_y[dd]] + (mx + dir_delta_x[dd]);
    0000138C F8 27            [12] 4145 	ldhl	sp,	#39
    0000138E 77               [ 8] 4146 	ld	(hl), a
    0000138F 11r6Cr00         [12] 4147 	ld	de, #_dir_delta_y
    00001392 6E               [ 8] 4148 	ld	l, (hl)
    00001393 26 00            [ 8] 4149 	ld	h, #0x00
    00001395 19               [ 8] 4150 	add	hl, de
    00001396 4D               [ 4] 4151 	ld	c, l
    00001397 44               [ 4] 4152 	ld	b, h
    00001398 0A               [ 8] 4153 	ld	a, (bc)
    00001399 F8 2B            [12] 4154 	ldhl	sp,	#43
    0000139B 86               [ 8] 4155 	add	a, (hl)
    0000139C 6F               [ 4] 4156 	ld	l, a
    0000139D 07               [ 4] 4157 	rlca
    0000139E 9F               [ 4] 4158 	sbc	a, a
    0000139F 67               [ 4] 4159 	ld	h, a
    000013A0 29               [ 8] 4160 	add	hl, hl
    000013A1 11r28r00         [12] 4161 	ld	de, #_row_offsets
    000013A4 19               [ 8] 4162 	add	hl, de
    000013A5 2A               [ 8] 4163 	ld	a, (hl+)
    000013A6 4F               [ 4] 4164 	ld	c, a
    000013A7 46               [ 8] 4165 	ld	b, (hl)
    000013A8 F8 27            [12] 4166 	ldhl	sp,	#39
    000013AA 5E               [ 8] 4167 	ld	e, (hl)
    000013AB 16 00            [ 8] 4168 	ld	d, #0x00
    000013AD 21r64r00         [12] 4169 	ld	hl, #_dir_delta_x
    000013B0 19               [ 8] 4170 	add	hl, de
    000013B1 5D               [ 4] 4171 	ld	e, l
    000013B2 54               [ 4] 4172 	ld	d, h
    000013B3 1A               [ 8] 4173 	ld	a, (de)
    000013B4 5F               [ 4] 4174 	ld	e, a
    000013B5 07               [ 4] 4175 	rlca
    000013B6 9F               [ 4] 4176 	sbc	a, a
    000013B7 57               [ 4] 4177 	ld	d, a
    000013B8 F8 22            [12] 4178 	ldhl	sp,	#34
    000013BA 2A               [ 8] 4179 	ld	a,	(hl+)
    000013BB 66               [ 8] 4180 	ld	h, (hl)
    000013BC 6F               [ 4] 4181 	ld	l, a
    000013BD 19               [ 8] 4182 	add	hl, de
    000013BE 09               [ 8] 4183 	add	hl, bc
    000013BF 4D               [ 4] 4184 	ld	c, l
    000013C0 44               [ 4] 4185 	ld	b, h
                                   4186 ;src/dandy_core.c:661: uint8_t n_tile = dandy_map[n_pos];
    000013C1 21r00r00         [12] 4187 	ld	hl, #_dandy_map
    000013C4 09               [ 8] 4188 	add	hl, bc
    000013C5 E5               [16] 4189 	push	hl
    000013C6 7D               [ 4] 4190 	ld	a, l
    000013C7 F8 27            [12] 4191 	ldhl	sp,	#39
    000013C9 77               [ 8] 4192 	ld	(hl), a
    000013CA E1               [12] 4193 	pop	hl
    000013CB 7C               [ 4] 4194 	ld	a, h
    000013CC F8 26            [12] 4195 	ldhl	sp,	#38
    000013CE 32               [ 8] 4196 	ld	(hl-), a
    000013CF 2A               [ 8] 4197 	ld	a, (hl+)
    000013D0 5F               [ 4] 4198 	ld	e, a
    000013D1 2A               [ 8] 4199 	ld	a, (hl+)
    000013D2 57               [ 4] 4200 	ld	d, a
    000013D3 1A               [ 8] 4201 	ld	a, (de)
                                   4202 ;src/dandy_core.c:663: if (IS_PLAYER(n_tile)) {
    000013D4 77               [ 8] 4203 	ld	(hl), a
    000013D5 D6 18            [ 8] 4204 	sub	a, #0x18
    000013D7 DAr79r14         [16] 4205 	jp	C, 00133$
    000013DA 3E 37            [ 8] 4206 	ld	a, #0x37
    000013DC 96               [ 8] 4207 	sub	a, (hl)
    000013DD DAr79r14         [16] 4208 	jp	C, 00133$
                                   4209 ;src/dandy_core.c:665: uint8_t hit_p = (n_tile - TILE_PLAYER1) >> 3;
    000013E0 7E               [ 8] 4210 	ld	a, (hl)
    000013E1 06 00            [ 8] 4211 	ld	b, #0x00
    000013E3 C6 E8            [ 8] 4212 	add	a, #0xe8
    000013E5 4F               [ 4] 4213 	ld	c, a
    000013E6 78               [ 4] 4214 	ld	a, b
    000013E7 CE FF            [ 8] 4215 	adc	a, #0xff
    000013E9 47               [ 4] 4216 	ld	b, a
    000013EA 3E 03            [ 8] 4217 	ld	a, #0x03
    000013EC                       4218 00425$:
    000013EC CB 28            [ 8] 4219 	sra	b
    000013EE CB 19            [ 8] 4220 	rr	c
    000013F0 3D               [ 4] 4221 	dec	a
    000013F1 20 F9            [12] 4222 	jr	NZ, 00425$
                                   4223 ;src/dandy_core.c:666: if (player_joined[hit_p]) {
    000013F3 21r0Ar07         [12] 4224 	ld	hl, #_player_joined
    000013F6 06 00            [ 8] 4225 	ld	b, #0x00
    000013F8 09               [ 8] 4226 	add	hl, bc
    000013F9 46               [ 8] 4227 	ld	b, (hl)
    000013FA CB 40            [ 8] 4228 	bit	0, b
    000013FC CAr4Fr15         [16] 4229 	jp	Z, 00151$
                                   4230 ;src/dandy_core.c:667: dandy_map[pos] = TILE_SPACE;
    000013FF F8 19            [12] 4231 	ldhl	sp,	#25
    00001401 2A               [ 8] 4232 	ld	a, (hl+)
    00001402 66               [ 8] 4233 	ld	h, (hl)
    00001403 6F               [ 4] 4234 	ld	l, a
    00001404 36 00            [12] 4235 	ld	(hl), #0x00
                                   4236 ;src/dandy_core.c:668: player_health[hit_p] -= 10 * (tile - TILE_MONSTER1 + 1);
    00001406 AF               [ 4] 4237 	xor	a, a
    00001407 47               [ 4] 4238 	ld	b, a
    00001408 CB 21            [ 8] 4239 	sla	c
    0000140A CB 10            [ 8] 4240 	rl	b
    0000140C 21r17r07         [12] 4241 	ld	hl, #_player_health
    0000140F 09               [ 8] 4242 	add	hl, bc
    00001410 E5               [16] 4243 	push	hl
    00001411 7D               [ 4] 4244 	ld	a, l
    00001412 F8 29            [12] 4245 	ldhl	sp,	#41
    00001414 77               [ 8] 4246 	ld	(hl), a
    00001415 E1               [12] 4247 	pop	hl
    00001416 7C               [ 4] 4248 	ld	a, h
    00001417 F8 28            [12] 4249 	ldhl	sp,	#40
    00001419 32               [ 8] 4250 	ld	(hl-), a
    0000141A 2A               [ 8] 4251 	ld	a, (hl+)
    0000141B 5F               [ 4] 4252 	ld	e, a
    0000141C 56               [ 8] 4253 	ld	d, (hl)
    0000141D 1A               [ 8] 4254 	ld	a, (de)
    0000141E 4F               [ 4] 4255 	ld	c, a
    0000141F 13               [ 8] 4256 	inc	de
    00001420 1A               [ 8] 4257 	ld	a, (de)
    00001421 47               [ 4] 4258 	ld	b, a
    00001422 F8 1B            [12] 4259 	ldhl	sp,	#27
    00001424 5E               [ 8] 4260 	ld	e, (hl)
    00001425 16 00            [ 8] 4261 	ld	d, #0x00
    00001427 21 F8 FF         [12] 4262 	ld	hl, #0xfff8
    0000142A 19               [ 8] 4263 	add	hl, de
    0000142B 5D               [ 4] 4264 	ld	e, l
    0000142C 54               [ 4] 4265 	ld	d, h
    0000142D 29               [ 8] 4266 	add	hl, hl
    0000142E 29               [ 8] 4267 	add	hl, hl
    0000142F 19               [ 8] 4268 	add	hl, de
    00001430 29               [ 8] 4269 	add	hl, hl
    00001431 79               [ 4] 4270 	ld	a, c
    00001432 95               [ 4] 4271 	sub	a, l
    00001433 4F               [ 4] 4272 	ld	c, a
    00001434 78               [ 4] 4273 	ld	a, b
    00001435 9C               [ 4] 4274 	sbc	a, h
    00001436 47               [ 4] 4275 	ld	b, a
    00001437 F8 27            [12] 4276 	ldhl	sp,	#39
    00001439 2A               [ 8] 4277 	ld	a, (hl+)
    0000143A 66               [ 8] 4278 	ld	h, (hl)
    0000143B 6F               [ 4] 4279 	ld	l, a
    0000143C 79               [ 4] 4280 	ld	a, c
    0000143D 22               [ 8] 4281 	ld	(hl+), a
    0000143E 70               [ 8] 4282 	ld	(hl), b
                                   4283 ;src/dandy_core.c:669: if (player_health[hit_p] <= 0) {
    0000143F 58               [ 4] 4284 	ld	e, b
    00001440 AF               [ 4] 4285 	xor	a, a
    00001441 57               [ 4] 4286 	ld	d, a
    00001442 B9               [ 4] 4287 	cp	a, c
    00001443 98               [ 4] 4288 	sbc	a, b
    00001444 CB 7B            [ 8] 4289 	bit	7, e
    00001446 28 07            [12] 4290 	jr	Z, 00427$
    00001448 CB 7A            [ 8] 4291 	bit	7, d
    0000144A 20 08            [12] 4292 	jr	NZ, 00428$
    0000144C BF               [ 4] 4293 	cp	a, a
    0000144D 18 05            [12] 4294 	jr	00428$
    0000144F                       4295 00427$:
    0000144F CB 7A            [ 8] 4296 	bit	7, d
    00001451 28 01            [12] 4297 	jr	Z, 00428$
    00001453 37               [ 4] 4298 	scf
    00001454                       4299 00428$:
    00001454 38 16            [12] 4300 	jr	C, 00122$
                                   4301 ;src/dandy_core.c:670: player_health[hit_p] = 0;
    00001456 F8 27            [12] 4302 	ldhl	sp,	#39
    00001458 2A               [ 8] 4303 	ld	a, (hl+)
    00001459 66               [ 8] 4304 	ld	h, (hl)
    0000145A 6F               [ 4] 4305 	ld	l, a
    0000145B AF               [ 4] 4306 	xor	a, a
    0000145C 22               [ 8] 4307 	ld	(hl+), a
    0000145D 77               [ 8] 4308 	ld	(hl), a
                                   4309 ;src/dandy_core.c:671: dandy_map[n_pos] = TILE_SPACE; // Clear player's tile from the map immediately
    0000145E F8 25            [12] 4310 	ldhl	sp,	#37
    00001460 2A               [ 8] 4311 	ld	a, (hl+)
    00001461 66               [ 8] 4312 	ld	h, (hl)
    00001462 6F               [ 4] 4313 	ld	l, a
    00001463 36 00            [12] 4314 	ld	(hl), #0x00
                                   4315 ;src/dandy_core.c:672: hal_play_sound(SOUND_DIE);
    00001465 3E 05            [ 8] 4316 	ld	a, #0x05
    00001467 CDr00r00         [24] 4317 	call	_hal_play_sound
    0000146A 18 05            [12] 4318 	jr	00123$
    0000146C                       4319 00122$:
                                   4320 ;src/dandy_core.c:674: hal_play_sound(SOUND_HIT);
    0000146C 3E 01            [ 8] 4321 	ld	a, #0x01
    0000146E CDr00r00         [24] 4322 	call	_hal_play_sound
    00001471                       4323 00123$:
                                   4324 ;src/dandy_core.c:676: is_dirty = true;
    00001471 21r43r07         [12] 4325 	ld	hl, #_is_dirty
    00001474 36 01            [12] 4326 	ld	(hl), #0x01
                                   4327 ;src/dandy_core.c:678: break;
    00001476 C3r4Fr15         [16] 4328 	jp	00151$
    00001479                       4329 00133$:
                                   4330 ;src/dandy_core.c:679: } else if (n_tile == TILE_SPACE) {
    00001479 F8 27            [12] 4331 	ldhl	sp,	#39
    0000147B 7E               [ 8] 4332 	ld	a, (hl)
    0000147C B7               [ 4] 4333 	or	a, a
    0000147D 20 18            [12] 4334 	jr	NZ, 00130$
                                   4335 ;src/dandy_core.c:680: dandy_map[pos] = TILE_SPACE;
    0000147F F8 19            [12] 4336 	ldhl	sp,	#25
    00001481 2A               [ 8] 4337 	ld	a, (hl+)
    00001482 66               [ 8] 4338 	ld	h, (hl)
    00001483 6F               [ 4] 4339 	ld	l, a
    00001484 36 00            [12] 4340 	ld	(hl), #0x00
                                   4341 ;src/dandy_core.c:681: dandy_map[n_pos] = tile;
    00001486 F8 25            [12] 4342 	ldhl	sp,	#37
    00001488 2A               [ 8] 4343 	ld	a, (hl+)
    00001489 5F               [ 4] 4344 	ld	e, a
    0000148A 56               [ 8] 4345 	ld	d, (hl)
    0000148B F8 1B            [12] 4346 	ldhl	sp,	#27
    0000148D 7E               [ 8] 4347 	ld	a, (hl)
    0000148E 12               [ 8] 4348 	ld	(de), a
                                   4349 ;src/dandy_core.c:682: is_dirty = true;
    0000148F 21r43r07         [12] 4350 	ld	hl, #_is_dirty
    00001492 36 01            [12] 4351 	ld	(hl), #0x01
                                   4352 ;src/dandy_core.c:683: break;
    00001494 C3r4Fr15         [16] 4353 	jp	00151$
    00001497                       4354 00130$:
                                   4355 ;src/dandy_core.c:684: } else if (n_tile >= TILE_ARROW && n_tile <= TILE_ARROW + 7) {
    00001497 F8 27            [12] 4356 	ldhl	sp,	#39
    00001499 7E               [ 8] 4357 	ld	a, (hl)
    0000149A D6 10            [ 8] 4358 	sub	a, #0x10
    0000149C 38 06            [12] 4359 	jr	C, 00134$
    0000149E 3E 17            [ 8] 4360 	ld	a, #0x17
    000014A0 96               [ 8] 4361 	sub	a, (hl)
    000014A1 D2r4Fr15         [16] 4362 	jp	NC, 00151$
                                   4363 ;src/dandy_core.c:685: break;
    000014A4                       4364 00134$:
                                   4365 ;src/dandy_core.c:658: for (uint8_t d = 0; d < 3; ++d) {
    000014A4 F8 28            [12] 4366 	ldhl	sp,	#40
    000014A6 34               [12] 4367 	inc	(hl)
    000014A7 C3r75r13         [16] 4368 	jp	00161$
    000014AA                       4369 00148$:
                                   4370 ;src/dandy_core.c:688: } else if (tile >= TILE_GENERATOR1 && tile <= TILE_GENERATOR3) {
    000014AA F8 1E            [12] 4371 	ldhl	sp,	#30
    000014AC CB 46            [12] 4372 	bit	0, (hl)
    000014AE C2r4Fr15         [16] 4373 	jp	NZ, 00151$
    000014B1 23               [ 8] 4374 	inc	hl
    000014B2 CB 46            [12] 4375 	bit	0, (hl)
    000014B4 C2r4Fr15         [16] 4376 	jp	NZ, 00151$
                                   4377 ;src/dandy_core.c:690: uint8_t lsb = rand_seed & 1;
    000014B7 FArC8r07         [16] 4378 	ld	a, (_move_monsters_rand_seed_80002_267)
    000014BA E6 01            [ 8] 4379 	and	a, #0x01
    000014BC 4F               [ 4] 4380 	ld	c, a
                                   4381 ;src/dandy_core.c:691: rand_seed >>= 1;
    000014BD 21rC9r07         [12] 4382 	ld	hl, #_move_monsters_rand_seed_80002_267 + 1
    000014C0 CB 3E            [16] 4383 	srl	(hl)
    000014C2 2B               [ 8] 4384 	dec	hl
    000014C3 CB 1E            [16] 4385 	rr	(hl)
                                   4386 ;src/dandy_core.c:692: if (lsb) {
    000014C5 79               [ 4] 4387 	ld	a, c
    000014C6 B7               [ 4] 4388 	or	a, a
    000014C7 28 08            [12] 4389 	jr	Z, 00138$
                                   4390 ;src/dandy_core.c:693: rand_seed ^= 0xB400u;
    000014C9 2A               [ 8] 4391 	ld	a, (hl+)
    000014CA 4F               [ 4] 4392 	ld	c, a
    000014CB 3A               [ 8] 4393 	ld	a, (hl-)
    000014CC EE B4            [ 8] 4394 	xor	a, #0xb4
    000014CE 71               [ 8] 4395 	ld	(hl), c
    000014CF 23               [ 8] 4396 	inc	hl
    000014D0 77               [ 8] 4397 	ld	(hl), a
    000014D1                       4398 00138$:
                                   4399 ;src/dandy_core.c:696: if ((rand_seed & 7) < 4) {
    000014D1 FArC8r07         [16] 4400 	ld	a, (_move_monsters_rand_seed_80002_267)
    000014D4 21rC9r07         [12] 4401 	ld	hl, #_move_monsters_rand_seed_80002_267 + 1
    000014D7 E6 07            [ 8] 4402 	and	a, #0x07
    000014D9 47               [ 4] 4403 	ld	b, a
    000014DA 0E 00            [ 8] 4404 	ld	c, #0x00
    000014DC 78               [ 4] 4405 	ld	a, b
    000014DD D6 04            [ 8] 4406 	sub	a, #0x04
    000014DF 30 6E            [12] 4407 	jr	NC, 00151$
                                   4408 ;src/dandy_core.c:697: uint8_t spawn_dir = (rand_seed & 3) * 2;
    000014E1 2B               [ 8] 4409 	dec	hl
    000014E2 7E               [ 8] 4410 	ld	a, (hl)
    000014E3 E6 03            [ 8] 4411 	and	a, #0x03
    000014E5 87               [ 4] 4412 	add	a, a
    000014E6 F8 26            [12] 4413 	ldhl	sp,	#38
    000014E8 77               [ 8] 4414 	ld	(hl), a
                                   4415 ;src/dandy_core.c:698: for (uint8_t dd = 0; dd < 8; dd += 2) {
    000014E9 0E 00            [ 8] 4416 	ld	c, #0x00
    000014EB                       4417 00164$:
    000014EB 79               [ 4] 4418 	ld	a, c
    000014EC D6 08            [ 8] 4419 	sub	a, #0x08
    000014EE 30 5F            [12] 4420 	jr	NC, 00151$
                                   4421 ;src/dandy_core.c:699: uint8_t check_dir = (spawn_dir + dd) % 8;
    000014F0 F8 26            [12] 4422 	ldhl	sp,	#38
    000014F2 7E               [ 8] 4423 	ld	a, (hl)
    000014F3 41               [ 4] 4424 	ld	b, c
    000014F4 80               [ 4] 4425 	add	a, b
    000014F5 E6 07            [ 8] 4426 	and	a, #0x07
                                   4427 ;src/dandy_core.c:700: uint16_t g_pos = row_offsets[my + dir_delta_y[check_dir]] + (mx + dir_delta_x[check_dir]);
    000014F7 47               [ 4] 4428 	ld	b, a
    000014F8 C6r6C            [ 8] 4429 	add	a,#<(_dir_delta_y)
    000014FA 6F               [ 4] 4430 	ld	l, a
    000014FB 3Es00            [ 8] 4431 	ld	a, #>(_dir_delta_y)
    000014FD CE 00            [ 8] 4432 	adc	a, #0x00
    000014FF 67               [ 4] 4433 	ld	h, a
    00001500 7E               [ 8] 4434 	ld	a, (hl)
    00001501 F8 2B            [12] 4435 	ldhl	sp,	#43
    00001503 86               [ 8] 4436 	add	a, (hl)
    00001504 6F               [ 4] 4437 	ld	l, a
    00001505 07               [ 4] 4438 	rlca
    00001506 9F               [ 4] 4439 	sbc	a, a
    00001507 67               [ 4] 4440 	ld	h, a
    00001508 29               [ 8] 4441 	add	hl, hl
    00001509 11r28r00         [12] 4442 	ld	de, #_row_offsets
    0000150C 19               [ 8] 4443 	add	hl, de
    0000150D 5D               [ 4] 4444 	ld	e, l
    0000150E 54               [ 4] 4445 	ld	d, h
    0000150F 1A               [ 8] 4446 	ld	a, (de)
    00001510 F8 27            [12] 4447 	ldhl	sp,	#39
    00001512 22               [ 8] 4448 	ld	(hl+), a
    00001513 13               [ 8] 4449 	inc	de
    00001514 1A               [ 8] 4450 	ld	a, (de)
    00001515 77               [ 8] 4451 	ld	(hl), a
    00001516 68               [ 4] 4452 	ld	l, b
    00001517 26 00            [ 8] 4453 	ld	h, #0x00
    00001519 11r64r00         [12] 4454 	ld	de, #_dir_delta_x
    0000151C 19               [ 8] 4455 	add	hl, de
    0000151D 7E               [ 8] 4456 	ld	a, (hl)
    0000151E 5F               [ 4] 4457 	ld	e, a
    0000151F 07               [ 4] 4458 	rlca
    00001520 9F               [ 4] 4459 	sbc	a, a
    00001521 57               [ 4] 4460 	ld	d, a
    00001522 F8 22            [12] 4461 	ldhl	sp,	#34
    00001524 2A               [ 8] 4462 	ld	a,	(hl+)
    00001525 66               [ 8] 4463 	ld	h, (hl)
    00001526 6F               [ 4] 4464 	ld	l, a
    00001527 19               [ 8] 4465 	add	hl, de
    00001528 45               [ 4] 4466 	ld	b, l
    00001529 7C               [ 4] 4467 	ld	a, h
    0000152A F8 27            [12] 4468 	ldhl	sp,	#39
    0000152C 5E               [ 8] 4469 	ld	e, (hl)
    0000152D 23               [ 8] 4470 	inc	hl
    0000152E 56               [ 8] 4471 	ld	d, (hl)
    0000152F 68               [ 4] 4472 	ld	l, b
    00001530 67               [ 4] 4473 	ld	h, a
    00001531 19               [ 8] 4474 	add	hl, de
                                   4475 ;src/dandy_core.c:701: if (dandy_map[g_pos] == TILE_SPACE) {
    00001532 7D               [ 4] 4476 	ld	a, l
    00001533 C6r00            [ 8] 4477 	add	a, #<(_dandy_map)
    00001535 5F               [ 4] 4478 	ld	e, a
    00001536 7C               [ 4] 4479 	ld	a, h
    00001537 CEs00            [ 8] 4480 	adc	a, #>(_dandy_map)
    00001539 57               [ 4] 4481 	ld	d, a
    0000153A 1A               [ 8] 4482 	ld	a, (de)
    0000153B B7               [ 4] 4483 	or	a, a
    0000153C 20 0D            [12] 4484 	jr	NZ, 00165$
                                   4485 ;src/dandy_core.c:702: dandy_map[g_pos] = TILE_MONSTER1 + (tile - TILE_GENERATOR1);
    0000153E F8 1B            [12] 4486 	ldhl	sp,	#27
    00001540 7E               [ 8] 4487 	ld	a, (hl)
    00001541 C6 FC            [ 8] 4488 	add	a, #0xfc
    00001543 12               [ 8] 4489 	ld	(de), a
                                   4490 ;src/dandy_core.c:703: is_dirty = true;
    00001544 21r43r07         [12] 4491 	ld	hl, #_is_dirty
    00001547 36 01            [12] 4492 	ld	(hl), #0x01
                                   4493 ;src/dandy_core.c:704: break;
    00001549 18 04            [12] 4494 	jr	00151$
    0000154B                       4495 00165$:
                                   4496 ;src/dandy_core.c:698: for (uint8_t dd = 0; dd < 8; dd += 2) {
    0000154B 0C               [ 4] 4497 	inc	c
    0000154C 0C               [ 4] 4498 	inc	c
    0000154D 18 9C            [12] 4499 	jr	00164$
    0000154F                       4500 00151$:
                                   4501 ;src/dandy_core.c:627: for (uint8_t mx = x_start; mx < DANDY_LEVEL_WIDTH; mx += dx) {
    0000154F F8 2A            [12] 4502 	ldhl	sp,	#42
    00001551 34               [12] 4503 	inc	(hl)
    00001552 34               [12] 4504 	inc	(hl)
    00001553 34               [12] 4505 	inc	(hl)
    00001554 34               [12] 4506 	inc	(hl)
    00001555 C3rA0r11         [16] 4507 	jp	00167$
    00001558                       4508 00170$:
                                   4509 ;src/dandy_core.c:625: for (uint8_t my = y_start; my < DANDY_LEVEL_HEIGHT; my += dy) {
    00001558 F8 29            [12] 4510 	ldhl	sp,	#41
    0000155A 34               [12] 4511 	inc	(hl)
    0000155B 34               [12] 4512 	inc	(hl)
    0000155C 34               [12] 4513 	inc	(hl)
    0000155D 34               [12] 4514 	inc	(hl)
    0000155E C3r78r11         [16] 4515 	jp	00169$
    00001561                       4516 00171$:
                                   4517 ;src/dandy_core.c:711: }
    00001561 E8 2C            [16] 4518 	add	sp, #44
    00001563 C9               [16] 4519 	ret
                                   4520 ;src/dandy_core.c:714: static void iterative_flood_fill(uint8_t start_x, uint8_t start_y, uint8_t oc, uint8_t nc) {
                                   4521 ;	---------------------------------
                                   4522 ; Function iterative_flood_fill
                                   4523 ; ---------------------------------
    00001564                       4524 _iterative_flood_fill:
    00001564 E8 F4            [16] 4525 	add	sp, #-12
    00001566 F8 0B            [12] 4526 	ldhl	sp,	#11
    00001568 32               [ 8] 4527 	ld	(hl-), a
    00001569 73               [ 8] 4528 	ld	(hl), e
                                   4529 ;src/dandy_core.c:715: if (oc == nc || dandy_map[row_offsets[start_y] + start_x] != oc) return;
    0000156A F8 0E            [12] 4530 	ldhl	sp,	#14
    0000156C 2A               [ 8] 4531 	ld	a, (hl+)
    0000156D 96               [ 8] 4532 	sub	a, (hl)
    0000156E CArA6r16         [16] 4533 	jp	Z, 00126$
    00001571 F8 0A            [12] 4534 	ldhl	sp,	#10
    00001573 4E               [ 8] 4535 	ld	c, (hl)
    00001574 AF               [ 4] 4536 	xor	a, a
    00001575 69               [ 4] 4537 	ld	l, c
    00001576 67               [ 4] 4538 	ld	h, a
    00001577 29               [ 8] 4539 	add	hl, hl
    00001578 11r28r00         [12] 4540 	ld	de, #_row_offsets
    0000157B 19               [ 8] 4541 	add	hl, de
    0000157C 2A               [ 8] 4542 	ld	a, (hl+)
    0000157D 4F               [ 4] 4543 	ld	c, a
    0000157E 46               [ 8] 4544 	ld	b, (hl)
    0000157F F8 0B            [12] 4545 	ldhl	sp,	#11
    00001581 6E               [ 8] 4546 	ld	l, (hl)
    00001582 26 00            [ 8] 4547 	ld	h, #0x00
    00001584 09               [ 8] 4548 	add	hl, bc
    00001585 7D               [ 4] 4549 	ld	a, l
    00001586 C6r00            [ 8] 4550 	add	a, #<(_dandy_map)
    00001588 4F               [ 4] 4551 	ld	c, a
    00001589 7C               [ 4] 4552 	ld	a, h
    0000158A CEs00            [ 8] 4553 	adc	a, #>(_dandy_map)
    0000158C 47               [ 4] 4554 	ld	b, a
    0000158D 0A               [ 8] 4555 	ld	a, (bc)
    0000158E 5F               [ 4] 4556 	ld	e, a
    0000158F F8 0E            [12] 4557 	ldhl	sp,	#14
    00001591 7E               [ 8] 4558 	ld	a, (hl)
    00001592 93               [ 4] 4559 	sub	a, e
    00001593 C2rA6r16         [16] 4560 	jp	NZ, 00126$
                                   4561 ;src/dandy_core.c:717: flood_stack_ptr = 0;
    00001596 AF               [ 4] 4562 	xor	a, a
    00001597 EAr00r00         [16] 4563 	ld	(#_flood_stack_ptr),a
                                   4564 ;src/dandy_core.c:720: dandy_map[row_offsets[start_y] + start_x] = nc;
    0000159A F8 0F            [12] 4565 	ldhl	sp,	#15
    0000159C 7E               [ 8] 4566 	ld	a, (hl)
    0000159D 02               [ 8] 4567 	ld	(bc), a
                                   4568 ;src/dandy_core.c:721: flood_push(start_x, start_y);
    0000159E F8 0A            [12] 4569 	ldhl	sp,	#10
    000015A0 2A               [ 8] 4570 	ld	a, (hl+)
    000015A1 5F               [ 4] 4571 	ld	e, a
    000015A2 7E               [ 8] 4572 	ld	a, (hl)
    000015A3 CDr00r00         [24] 4573 	call	_flood_push
                                   4574 ;src/dandy_core.c:723: while (flood_stack_ptr > 0) {
    000015A6                       4575 00119$:
    000015A6 21r00r00         [12] 4576 	ld	hl, #_flood_stack_ptr
    000015A9 5E               [ 8] 4577 	ld	e, (hl)
    000015AA AF               [ 4] 4578 	xor	a, a
    000015AB 57               [ 4] 4579 	ld	d, a
    000015AC 96               [ 8] 4580 	sub	a, (hl)
    000015AD CB 7B            [ 8] 4581 	bit	7, e
    000015AF 28 07            [12] 4582 	jr	Z, 00222$
    000015B1 CB 7A            [ 8] 4583 	bit	7, d
    000015B3 20 08            [12] 4584 	jr	NZ, 00223$
    000015B5 BF               [ 4] 4585 	cp	a, a
    000015B6 18 05            [12] 4586 	jr	00223$
    000015B8                       4587 00222$:
    000015B8 CB 7A            [ 8] 4588 	bit	7, d
    000015BA 28 01            [12] 4589 	jr	Z, 00223$
    000015BC 37               [ 4] 4590 	scf
    000015BD                       4591 00223$:
    000015BD D2rA6r16         [16] 4592 	jp	NC, 00126$
                                   4593 ;src/dandy_core.c:725: flood_stack_ptr--;
    000015C0 21r00r00         [12] 4594 	ld	hl, #_flood_stack_ptr
    000015C3 35               [12] 4595 	dec	(hl)
                                   4596 ;src/dandy_core.c:726: uint8_t x = flood_stack_x[flood_stack_ptr];
    000015C4 7E               [ 8] 4597 	ld	a, (hl)
    000015C5 4F               [ 4] 4598 	ld	c, a
    000015C6 07               [ 4] 4599 	rlca
    000015C7 9F               [ 4] 4600 	sbc	a, a
    000015C8 47               [ 4] 4601 	ld	b, a
    000015C9 21r44r07         [12] 4602 	ld	hl, #_flood_stack_x
    000015CC 09               [ 8] 4603 	add	hl, bc
    000015CD 7E               [ 8] 4604 	ld	a, (hl)
    000015CE F8 00            [12] 4605 	ldhl	sp,	#0
    000015D0 77               [ 8] 4606 	ld	(hl), a
                                   4607 ;src/dandy_core.c:727: uint8_t y = flood_stack_y[flood_stack_ptr];
    000015D1 21r84r07         [12] 4608 	ld	hl, #_flood_stack_y
    000015D4 09               [ 8] 4609 	add	hl, bc
    000015D5 7E               [ 8] 4610 	ld	a, (hl)
    000015D6 F8 01            [12] 4611 	ldhl	sp,	#1
    000015D8 77               [ 8] 4612 	ld	(hl), a
                                   4613 ;src/dandy_core.c:730: for (int8_t dy = -1; dy <= 1; ++dy) {
    000015D9 0E FF            [ 8] 4614 	ld	c, #0xff
    000015DB                       4615 00125$:
    000015DB 59               [ 4] 4616 	ld	e, c
    000015DC 3E 01            [ 8] 4617 	ld	a,#0x01
    000015DE 57               [ 4] 4618 	ld	d,a
    000015DF 91               [ 4] 4619 	sub	a, c
    000015E0 CB 7B            [ 8] 4620 	bit	7, e
    000015E2 28 07            [12] 4621 	jr	Z, 00224$
    000015E4 CB 7A            [ 8] 4622 	bit	7, d
    000015E6 20 08            [12] 4623 	jr	NZ, 00225$
    000015E8 BF               [ 4] 4624 	cp	a, a
    000015E9 18 05            [12] 4625 	jr	00225$
    000015EB                       4626 00224$:
    000015EB CB 7A            [ 8] 4627 	bit	7, d
    000015ED 28 01            [12] 4628 	jr	Z, 00225$
    000015EF 37               [ 4] 4629 	scf
    000015F0                       4630 00225$:
    000015F0 38 B4            [12] 4631 	jr	C, 00119$
                                   4632 ;src/dandy_core.c:731: int16_t ny = (int16_t)y + dy;
    000015F2 F8 01            [12] 4633 	ldhl	sp,	#1
    000015F4 6E               [ 8] 4634 	ld	l, (hl)
    000015F5 79               [ 4] 4635 	ld	a, c
    000015F6 5F               [ 4] 4636 	ld	e, a
    000015F7 07               [ 4] 4637 	rlca
    000015F8 9F               [ 4] 4638 	sbc	a, a
    000015F9 57               [ 4] 4639 	ld	d, a
    000015FA 26 00            [ 8] 4640 	ld	h, #0x00
    000015FC 19               [ 8] 4641 	add	hl, de
    000015FD 45               [ 4] 4642 	ld	b, l
    000015FE 7C               [ 4] 4643 	ld	a, h
    000015FF F8 02            [12] 4644 	ldhl	sp,	#2
    00001601 70               [ 8] 4645 	ld	(hl), b
    00001602 23               [ 8] 4646 	inc	hl
                                   4647 ;src/dandy_core.c:732: if (ny < 0 || ny >= DANDY_LEVEL_HEIGHT) continue;
    00001603 32               [ 8] 4648 	ld	(hl-), a
    00001604 7E               [ 8] 4649 	ld	a, (hl)
    00001605 F8 08            [12] 4650 	ldhl	sp,	#8
    00001607 77               [ 8] 4651 	ld	(hl), a
    00001608 F8 03            [12] 4652 	ldhl	sp,	#3
    0000160A 7E               [ 8] 4653 	ld	a, (hl)
    0000160B F8 09            [12] 4654 	ldhl	sp,	#9
    0000160D 77               [ 8] 4655 	ld	(hl), a
    0000160E CB 7E            [12] 4656 	bit	7, (hl)
    00001610 C2rA2r16         [16] 4657 	jp	NZ, 00117$
    00001613 2B               [ 8] 4658 	dec	hl
    00001614 2A               [ 8] 4659 	ld	a, (hl+)
    00001615 D6 1E            [ 8] 4660 	sub	a, #0x1e
    00001617 7E               [ 8] 4661 	ld	a, (hl)
    00001618 DE 00            [ 8] 4662 	sbc	a, #0x00
    0000161A D2rA2r16         [16] 4663 	jp	NC, 00117$
                                   4664 ;src/dandy_core.c:734: uint16_t row_offset = row_offsets[ny];
    0000161D E1               [12] 4665 	pop	hl
    0000161E D1               [12] 4666 	pop	de
    0000161F D5               [16] 4667 	push	de
    00001620 E5               [16] 4668 	push	hl
    00001621 CB 23            [ 8] 4669 	sla	e
    00001623 CB 12            [ 8] 4670 	rl	d
    00001625 21r28r00         [12] 4671 	ld	hl, #_row_offsets
    00001628 19               [ 8] 4672 	add	hl, de
    00001629 5D               [ 4] 4673 	ld	e, l
    0000162A 54               [ 4] 4674 	ld	d, h
    0000162B 1A               [ 8] 4675 	ld	a, (de)
    0000162C F8 04            [12] 4676 	ldhl	sp,	#4
    0000162E 22               [ 8] 4677 	ld	(hl+), a
    0000162F 13               [ 8] 4678 	inc	de
    00001630 1A               [ 8] 4679 	ld	a, (de)
    00001631 77               [ 8] 4680 	ld	(hl), a
                                   4681 ;src/dandy_core.c:736: for (int8_t dx = -1; dx <= 1; ++dx) {
    00001632 06 FF            [ 8] 4682 	ld	b, #0xff
    00001634                       4683 00123$:
    00001634 58               [ 4] 4684 	ld	e, b
    00001635 3E 01            [ 8] 4685 	ld	a,#0x01
    00001637 57               [ 4] 4686 	ld	d,a
    00001638 90               [ 4] 4687 	sub	a, b
    00001639 CB 7B            [ 8] 4688 	bit	7, e
    0000163B 28 07            [12] 4689 	jr	Z, 00227$
    0000163D CB 7A            [ 8] 4690 	bit	7, d
    0000163F 20 08            [12] 4691 	jr	NZ, 00228$
    00001641 BF               [ 4] 4692 	cp	a, a
    00001642 18 05            [12] 4693 	jr	00228$
    00001644                       4694 00227$:
    00001644 CB 7A            [ 8] 4695 	bit	7, d
    00001646 28 01            [12] 4696 	jr	Z, 00228$
    00001648 37               [ 4] 4697 	scf
    00001649                       4698 00228$:
    00001649 38 57            [12] 4699 	jr	C, 00117$
                                   4700 ;src/dandy_core.c:737: if (dx == 0 && dy == 0) continue;
    0000164B 78               [ 4] 4701 	ld	a, b
    0000164C B7               [ 4] 4702 	or	a, a
    0000164D 20 03            [12] 4703 	jr	NZ, 00108$
    0000164F B1               [ 4] 4704 	or	a, c
    00001650 28 4D            [12] 4705 	jr	Z, 00115$
    00001652                       4706 00108$:
                                   4707 ;src/dandy_core.c:739: int16_t nx = (int16_t)x + dx;
    00001652 F8 00            [12] 4708 	ldhl	sp,	#0
    00001654 5E               [ 8] 4709 	ld	e, (hl)
    00001655 78               [ 4] 4710 	ld	a, b
    00001656 6F               [ 4] 4711 	ld	l, a
    00001657 07               [ 4] 4712 	rlca
    00001658 9F               [ 4] 4713 	sbc	a, a
    00001659 67               [ 4] 4714 	ld	h, a
    0000165A 16 00            [ 8] 4715 	ld	d, #0x00
    0000165C 19               [ 8] 4716 	add	hl, de
    0000165D 5D               [ 4] 4717 	ld	e, l
    0000165E 7C               [ 4] 4718 	ld	a, h
    0000165F F8 06            [12] 4719 	ldhl	sp,	#6
    00001661 73               [ 8] 4720 	ld	(hl), e
    00001662 23               [ 8] 4721 	inc	hl
                                   4722 ;src/dandy_core.c:740: if (nx < 0 || nx >= DANDY_LEVEL_WIDTH) continue;
    00001663 32               [ 8] 4723 	ld	(hl-), a
    00001664 2A               [ 8] 4724 	ld	a, (hl+)
    00001665 23               [ 8] 4725 	inc	hl
    00001666 32               [ 8] 4726 	ld	(hl-), a
    00001667 2A               [ 8] 4727 	ld	a, (hl+)
    00001668 23               [ 8] 4728 	inc	hl
    00001669 77               [ 8] 4729 	ld	(hl), a
    0000166A CB 7E            [12] 4730 	bit	7, (hl)
    0000166C 20 31            [12] 4731 	jr	NZ, 00115$
    0000166E 2B               [ 8] 4732 	dec	hl
    0000166F 2A               [ 8] 4733 	ld	a, (hl+)
    00001670 D6 3C            [ 8] 4734 	sub	a, #0x3c
    00001672 7E               [ 8] 4735 	ld	a, (hl)
    00001673 DE 00            [ 8] 4736 	sbc	a, #0x00
    00001675 30 28            [12] 4737 	jr	NC, 00115$
                                   4738 ;src/dandy_core.c:742: uint16_t pos = row_offset + nx;
    00001677 F8 06            [12] 4739 	ldhl	sp,	#6
    00001679 2A               [ 8] 4740 	ld	a, (hl+)
    0000167A 5F               [ 4] 4741 	ld	e, a
    0000167B 56               [ 8] 4742 	ld	d, (hl)
    0000167C F8 04            [12] 4743 	ldhl	sp,	#4
    0000167E 2A               [ 8] 4744 	ld	a,	(hl+)
    0000167F 66               [ 8] 4745 	ld	h, (hl)
    00001680 6F               [ 4] 4746 	ld	l, a
    00001681 19               [ 8] 4747 	add	hl, de
    00001682 5D               [ 4] 4748 	ld	e, l
    00001683 54               [ 4] 4749 	ld	d, h
                                   4750 ;src/dandy_core.c:743: if (dandy_map[pos] == oc) {
    00001684 21r00r00         [12] 4751 	ld	hl, #_dandy_map
    00001687 19               [ 8] 4752 	add	hl, de
    00001688 5D               [ 4] 4753 	ld	e, l
    00001689 54               [ 4] 4754 	ld	d, h
    0000168A 1A               [ 8] 4755 	ld	a, (de)
    0000168B F8 0E            [12] 4756 	ldhl	sp,	#14
    0000168D 96               [ 8] 4757 	sub	a, (hl)
    0000168E 20 0F            [12] 4758 	jr	NZ, 00115$
                                   4759 ;src/dandy_core.c:744: dandy_map[pos] = nc; // Mark immediately to prevent double-queuing!
    00001690 F8 0F            [12] 4760 	ldhl	sp,	#15
    00001692 7E               [ 8] 4761 	ld	a, (hl)
    00001693 12               [ 8] 4762 	ld	(de), a
                                   4763 ;src/dandy_core.c:745: flood_push((uint8_t)nx, (uint8_t)ny);
    00001694 F8 02            [12] 4764 	ldhl	sp,	#2
    00001696 5E               [ 8] 4765 	ld	e, (hl)
    00001697 F8 06            [12] 4766 	ldhl	sp,	#6
    00001699 7E               [ 8] 4767 	ld	a, (hl)
    0000169A C5               [16] 4768 	push	bc
    0000169B CDr00r00         [24] 4769 	call	_flood_push
    0000169E C1               [12] 4770 	pop	bc
    0000169F                       4771 00115$:
                                   4772 ;src/dandy_core.c:736: for (int8_t dx = -1; dx <= 1; ++dx) {
    0000169F 04               [ 4] 4773 	inc	b
    000016A0 18 92            [12] 4774 	jr	00123$
    000016A2                       4775 00117$:
                                   4776 ;src/dandy_core.c:730: for (int8_t dy = -1; dy <= 1; ++dy) {
    000016A2 0C               [ 4] 4777 	inc	c
    000016A3 C3rDBr15         [16] 4778 	jp	00125$
    000016A6                       4779 00126$:
                                   4780 ;src/dandy_core.c:750: }
    000016A6 E8 0C            [16] 4781 	add	sp, #12
    000016A8 E1               [12] 4782 	pop	hl
    000016A9 F1               [12] 4783 	pop	af
    000016AA E9               [ 4] 4784 	jp	(hl)
                                   4785 ;src/dandy_core.c:754: static int16_t clamp(int16_t val, int16_t min, int16_t max) {
                                   4786 ;	---------------------------------
                                   4787 ; Function clamp
                                   4788 ; ---------------------------------
    000016AB                       4789 _clamp:
    000016AB D5               [16] 4790 	push	de
                                   4791 ;src/dandy_core.c:755: if (val < min) return min;
    000016AC F8 00            [12] 4792 	ldhl	sp,	#0
    000016AE 2A               [ 8] 4793 	ld	a, (hl+)
    000016AF 91               [ 4] 4794 	sub	a, c
    000016B0 7E               [ 8] 4795 	ld	a, (hl)
    000016B1 98               [ 4] 4796 	sbc	a, b
    000016B2 56               [ 8] 4797 	ld	d, (hl)
    000016B3 78               [ 4] 4798 	ld	a, b
    000016B4 5F               [ 4] 4799 	ld	e, a
    000016B5 CB 7B            [ 8] 4800 	bit	7, e
    000016B7 28 07            [12] 4801 	jr	Z, 00121$
    000016B9 CB 7A            [ 8] 4802 	bit	7, d
    000016BB 20 08            [12] 4803 	jr	NZ, 00122$
    000016BD BF               [ 4] 4804 	cp	a, a
    000016BE 18 05            [12] 4805 	jr	00122$
    000016C0                       4806 00121$:
    000016C0 CB 7A            [ 8] 4807 	bit	7, d
    000016C2 28 01            [12] 4808 	jr	Z, 00122$
    000016C4 37               [ 4] 4809 	scf
    000016C5                       4810 00122$:
    000016C5 38 2A            [12] 4811 	jr	C, 00105$
                                   4812 ;src/dandy_core.c:756: if (val > max) return max;
    000016C7 F8 04            [12] 4813 	ldhl	sp,	#4
    000016C9 5D               [ 4] 4814 	ld	e, l
    000016CA 54               [ 4] 4815 	ld	d, h
    000016CB F8 00            [12] 4816 	ldhl	sp,	#0
    000016CD 1A               [ 8] 4817 	ld	a, (de)
    000016CE 13               [ 8] 4818 	inc	de
    000016CF 96               [ 8] 4819 	sub	a, (hl)
    000016D0 23               [ 8] 4820 	inc	hl
    000016D1 1A               [ 8] 4821 	ld	a, (de)
    000016D2 9E               [ 8] 4822 	sbc	a, (hl)
    000016D3 1A               [ 8] 4823 	ld	a, (de)
    000016D4 57               [ 4] 4824 	ld	d, a
    000016D5 5E               [ 8] 4825 	ld	e, (hl)
    000016D6 CB 7B            [ 8] 4826 	bit	7, e
    000016D8 28 07            [12] 4827 	jr	Z, 00123$
    000016DA CB 7A            [ 8] 4828 	bit	7, d
    000016DC 20 08            [12] 4829 	jr	NZ, 00124$
    000016DE BF               [ 4] 4830 	cp	a, a
    000016DF 18 05            [12] 4831 	jr	00124$
    000016E1                       4832 00123$:
    000016E1 CB 7A            [ 8] 4833 	bit	7, d
    000016E3 28 01            [12] 4834 	jr	Z, 00124$
    000016E5 37               [ 4] 4835 	scf
    000016E6                       4836 00124$:
    000016E6 30 07            [12] 4837 	jr	NC, 00104$
    000016E8 F8 04            [12] 4838 	ldhl	sp,	#4
    000016EA 2A               [ 8] 4839 	ld	a, (hl+)
    000016EB 4F               [ 4] 4840 	ld	c, a
    000016EC 46               [ 8] 4841 	ld	b, (hl)
    000016ED 18 02            [12] 4842 	jr	00105$
    000016EF                       4843 00104$:
                                   4844 ;src/dandy_core.c:757: return val;
    000016EF C1               [12] 4845 	pop	bc
    000016F0 C5               [16] 4846 	push	bc
    000016F1                       4847 00105$:
                                   4848 ;src/dandy_core.c:758: }
    000016F1 33               [ 8] 4849 	inc	sp
    000016F2 33               [ 8] 4850 	inc	sp
    000016F3 E1               [12] 4851 	pop	hl
    000016F4 F1               [12] 4852 	pop	af
    000016F5 E9               [ 4] 4853 	jp	(hl)
                                   4854 ;src/dandy_core.c:760: static int8_t to_delta(int16_t target, int16_t current) {
                                   4855 ;	---------------------------------
                                   4856 ; Function to_delta
                                   4857 ; ---------------------------------
    000016F6                       4858 _to_delta:
    000016F6 6B               [ 4] 4859 	ld	l, e
    000016F7 62               [ 4] 4860 	ld	h, d
                                   4861 ;src/dandy_core.c:761: if (target > current) return 1;
    000016F8 5C               [ 4] 4862 	ld	e, h
    000016F9 50               [ 4] 4863 	ld	d, b
    000016FA 79               [ 4] 4864 	ld	a, c
    000016FB 95               [ 4] 4865 	sub	a, l
    000016FC 78               [ 4] 4866 	ld	a, b
    000016FD 9C               [ 4] 4867 	sbc	a, h
    000016FE CB 7B            [ 8] 4868 	bit	7, e
    00001700 28 07            [12] 4869 	jr	Z, 00121$
    00001702 CB 7A            [ 8] 4870 	bit	7, d
    00001704 20 08            [12] 4871 	jr	NZ, 00122$
    00001706 BF               [ 4] 4872 	cp	a, a
    00001707 18 05            [12] 4873 	jr	00122$
    00001709                       4874 00121$:
    00001709 CB 7A            [ 8] 4875 	bit	7, d
    0000170B 28 01            [12] 4876 	jr	Z, 00122$
    0000170D 37               [ 4] 4877 	scf
    0000170E                       4878 00122$:
    0000170E 30 03            [12] 4879 	jr	NC, 00102$
    00001710 3E 01            [ 8] 4880 	ld	a, #0x01
    00001712 C9               [16] 4881 	ret
    00001713                       4882 00102$:
                                   4883 ;src/dandy_core.c:762: if (target < current) return -1;
    00001713 58               [ 4] 4884 	ld	e, b
    00001714 54               [ 4] 4885 	ld	d, h
    00001715 7D               [ 4] 4886 	ld	a, l
    00001716 91               [ 4] 4887 	sub	a, c
    00001717 7C               [ 4] 4888 	ld	a, h
    00001718 98               [ 4] 4889 	sbc	a, b
    00001719 CB 7B            [ 8] 4890 	bit	7, e
    0000171B 28 07            [12] 4891 	jr	Z, 00123$
    0000171D CB 7A            [ 8] 4892 	bit	7, d
    0000171F 20 08            [12] 4893 	jr	NZ, 00124$
    00001721 BF               [ 4] 4894 	cp	a, a
    00001722 18 05            [12] 4895 	jr	00124$
    00001724                       4896 00123$:
    00001724 CB 7A            [ 8] 4897 	bit	7, d
    00001726 28 01            [12] 4898 	jr	Z, 00124$
    00001728 37               [ 4] 4899 	scf
    00001729                       4900 00124$:
    00001729 30 03            [12] 4901 	jr	NC, 00104$
    0000172B 3E FF            [ 8] 4902 	ld	a, #0xff
    0000172D C9               [16] 4903 	ret
    0000172E                       4904 00104$:
                                   4905 ;src/dandy_core.c:763: return 0;
    0000172E AF               [ 4] 4906 	xor	a, a
                                   4907 ;src/dandy_core.c:764: }
    0000172F C9               [16] 4908 	ret
                                   4909 ;src/dandy_core.c:766: void dandy_join_player(uint8_t p_idx) {
                                   4910 ;	---------------------------------
                                   4911 ; Function dandy_join_player
                                   4912 ; ---------------------------------
    00001730                       4913 _dandy_join_player::
    00001730 E8 FC            [16] 4914 	add	sp, #-4
                                   4915 ;src/dandy_core.c:767: if (p_idx >= MAX_PLAYERS) return;
    00001732 4F               [ 4] 4916 	ld	c, a
    00001733 D6 04            [ 8] 4917 	sub	a, #0x04
    00001735 D2rC2r17         [16] 4918 	jp	NC, 00105$
                                   4919 ;src/dandy_core.c:768: if (!player_joined[p_idx]) {
    00001738 21r0Ar07         [12] 4920 	ld	hl, #_player_joined
    0000173B 06 00            [ 8] 4921 	ld	b, #0x00
    0000173D 09               [ 8] 4922 	add	hl, bc
    0000173E CB 46            [12] 4923 	bit	0, (hl)
    00001740 C2rC2r17         [16] 4924 	jp	NZ, 00105$
                                   4925 ;src/dandy_core.c:769: player_joined[p_idx] = true;
    00001743 36 01            [12] 4926 	ld	(hl), #0x01
                                   4927 ;src/dandy_core.c:770: player_health[p_idx] = 100;
    00001745 69               [ 4] 4928 	ld	l, c
    00001746 26 00            [ 8] 4929 	ld	h, #0x00
    00001748 29               [ 8] 4930 	add	hl, hl
    00001749 5D               [ 4] 4931 	ld	e, l
    0000174A 54               [ 4] 4932 	ld	d, h
    0000174B 21r17r07         [12] 4933 	ld	hl, #_player_health
    0000174E 19               [ 8] 4934 	add	hl, de
    0000174F 3E 64            [ 8] 4935 	ld	a, #0x64
    00001751 22               [ 8] 4936 	ld	(hl+), a
    00001752 36 00            [12] 4937 	ld	(hl), #0x00
                                   4938 ;src/dandy_core.c:771: player_score[p_idx] = 0;
    00001754 21r1Fr07         [12] 4939 	ld	hl, #_player_score
    00001757 19               [ 8] 4940 	add	hl, de
    00001758 AF               [ 4] 4941 	xor	a, a
    00001759 22               [ 8] 4942 	ld	(hl+), a
    0000175A 77               [ 8] 4943 	ld	(hl), a
                                   4944 ;src/dandy_core.c:772: player_bombs[p_idx] = 0;
    0000175B 21r27r07         [12] 4945 	ld	hl, #_player_bombs
    0000175E 06 00            [ 8] 4946 	ld	b, #0x00
    00001760 09               [ 8] 4947 	add	hl, bc
    00001761 36 00            [12] 4948 	ld	(hl), #0x00
                                   4949 ;src/dandy_core.c:773: player_keys[p_idx] = 0;
    00001763 21r2Br07         [12] 4950 	ld	hl, #_player_keys
    00001766 06 00            [ 8] 4951 	ld	b, #0x00
    00001768 09               [ 8] 4952 	add	hl, bc
    00001769 36 00            [12] 4953 	ld	(hl), #0x00
                                   4954 ;src/dandy_core.c:774: player_dir[p_idx] = 0;
    0000176B 11r2Fr07         [12] 4955 	ld	de, #_player_dir
    0000176E 69               [ 4] 4956 	ld	l, c
    0000176F 26 00            [ 8] 4957 	ld	h, #0x00
    00001771 19               [ 8] 4958 	add	hl, de
    00001772 33               [ 8] 4959 	inc	sp
    00001773 33               [ 8] 4960 	inc	sp
    00001774 36 00            [12] 4961 	ld	(hl), #0x00
    00001776 E5               [16] 4962 	push	hl
                                   4963 ;src/dandy_core.c:775: arrow_dir[p_idx] = -1;
    00001777 21r3Fr07         [12] 4964 	ld	hl, #_arrow_dir
    0000177A 06 00            [ 8] 4965 	ld	b, #0x00
    0000177C 09               [ 8] 4966 	add	hl, bc
    0000177D 36 FF            [12] 4967 	ld	(hl), #0xff
                                   4968 ;src/dandy_core.c:778: uint8_t px = player_x[p_idx];
    0000177F 21r0Fr07         [12] 4969 	ld	hl, #_player_x
    00001782 06 00            [ 8] 4970 	ld	b, #0x00
    00001784 09               [ 8] 4971 	add	hl, bc
    00001785 46               [ 8] 4972 	ld	b, (hl)
                                   4973 ;src/dandy_core.c:779: uint8_t py = player_y[p_idx];
    00001786 11r13r07         [12] 4974 	ld	de, #_player_y+0
    00001789 69               [ 4] 4975 	ld	l, c
    0000178A 26 00            [ 8] 4976 	ld	h, #0x00
    0000178C 19               [ 8] 4977 	add	hl, de
    0000178D 5E               [ 8] 4978 	ld	e, (hl)
                                   4979 ;src/dandy_core.c:782: dandy_map[row_offsets[py] + px] = GET_PLAYER_TILE(p_idx, player_dir[p_idx]);
    0000178E AF               [ 4] 4980 	xor	a, a
    0000178F 6B               [ 4] 4981 	ld	l, e
    00001790 67               [ 4] 4982 	ld	h, a
    00001791 29               [ 8] 4983 	add	hl, hl
    00001792 11r28r00         [12] 4984 	ld	de, #_row_offsets
    00001795 19               [ 8] 4985 	add	hl, de
    00001796 2A               [ 8] 4986 	ld	a,	(hl+)
    00001797 66               [ 8] 4987 	ld	h, (hl)
    00001798 6F               [ 4] 4988 	ld	l, a
    00001799 58               [ 4] 4989 	ld	e, b
    0000179A 16 00            [ 8] 4990 	ld	d, #0x00
    0000179C 19               [ 8] 4991 	add	hl, de
    0000179D 5D               [ 4] 4992 	ld	e, l
    0000179E 54               [ 4] 4993 	ld	d, h
    0000179F 21r00r00         [12] 4994 	ld	hl, #_dandy_map
    000017A2 19               [ 8] 4995 	add	hl, de
    000017A3 E5               [16] 4996 	push	hl
    000017A4 7D               [ 4] 4997 	ld	a, l
    000017A5 F8 04            [12] 4998 	ldhl	sp,	#4
    000017A7 77               [ 8] 4999 	ld	(hl), a
    000017A8 E1               [12] 5000 	pop	hl
    000017A9 7C               [ 4] 5001 	ld	a, h
    000017AA F8 03            [12] 5002 	ldhl	sp,	#3
    000017AC 77               [ 8] 5003 	ld	(hl), a
    000017AD 79               [ 4] 5004 	ld	a, c
    000017AE 87               [ 4] 5005 	add	a, a
    000017AF 87               [ 4] 5006 	add	a, a
    000017B0 87               [ 4] 5007 	add	a, a
    000017B1 C6 18            [ 8] 5008 	add	a, #0x18
    000017B3 4F               [ 4] 5009 	ld	c, a
    000017B4 D1               [12] 5010 	pop	de
    000017B5 D5               [16] 5011 	push	de
    000017B6 1A               [ 8] 5012 	ld	a, (de)
    000017B7 81               [ 4] 5013 	add	a, c
    000017B8 D1               [12] 5014 	pop	de
    000017B9 E1               [12] 5015 	pop	hl
    000017BA E5               [16] 5016 	push	hl
    000017BB D5               [16] 5017 	push	de
    000017BC 77               [ 8] 5018 	ld	(hl), a
                                   5019 ;src/dandy_core.c:783: is_dirty = true;
    000017BD 21r43r07         [12] 5020 	ld	hl, #_is_dirty
    000017C0 36 01            [12] 5021 	ld	(hl), #0x01
    000017C2                       5022 00105$:
                                   5023 ;src/dandy_core.c:785: }
    000017C2 E8 04            [16] 5024 	add	sp, #4
    000017C4 C9               [16] 5025 	ret
                                   5026 ;src/dandy_core.c:787: bool dandy_is_player_joined(uint8_t p_idx) {
                                   5027 ;	---------------------------------
                                   5028 ; Function dandy_is_player_joined
                                   5029 ; ---------------------------------
    000017C5                       5030 _dandy_is_player_joined::
                                   5031 ;src/dandy_core.c:788: if (p_idx >= MAX_PLAYERS) return false;
    000017C5 4F               [ 4] 5032 	ld	c, a
    000017C6 D6 04            [ 8] 5033 	sub	a, #0x04
    000017C8 38 02            [12] 5034 	jr	C, 00102$
    000017CA AF               [ 4] 5035 	xor	a, a
    000017CB C9               [16] 5036 	ret
    000017CC                       5037 00102$:
                                   5038 ;src/dandy_core.c:789: return player_joined[p_idx];
    000017CC 21r0Ar07         [12] 5039 	ld	hl, #_player_joined
    000017CF 06 00            [ 8] 5040 	ld	b, #0x00
    000017D1 09               [ 8] 5041 	add	hl, bc
    000017D2 7E               [ 8] 5042 	ld	a, (hl)
                                   5043 ;src/dandy_core.c:790: }
    000017D3 C9               [16] 5044 	ret
                                   5045 	.area _CODE
                                   5046 	.area _INITIALIZER
    00000000                       5047 __xinit__flood_stack_ptr:
    00000000 00                    5048 	.db #0x00	;  0
                                   5049 	.area _CABS (ABS)
