                                      1 ;--------------------------------------------------------
                                      2 ; File Created by SDCC : free open source ISO C Compiler
                                      3 ; Version 4.5.1 #15267 (Linux)
                                      4 ;--------------------------------------------------------
                                      5 	.module levels
                                      6 	
                                      7 ;--------------------------------------------------------
                                      8 ; Public variables in this module
                                      9 ;--------------------------------------------------------
                                     10 	.globl _dandy_level_sizes
                                     11 	.globl _dandy_levels
                                     12 	.globl _dandy_level_25
                                     13 	.globl _dandy_level_24
                                     14 	.globl _dandy_level_23
                                     15 	.globl _dandy_level_22
                                     16 	.globl _dandy_level_21
                                     17 	.globl _dandy_level_20
                                     18 	.globl _dandy_level_19
                                     19 	.globl _dandy_level_18
                                     20 	.globl _dandy_level_17
                                     21 	.globl _dandy_level_16
                                     22 	.globl _dandy_level_15
                                     23 	.globl _dandy_level_14
                                     24 	.globl _dandy_level_13
                                     25 	.globl _dandy_level_12
                                     26 	.globl _dandy_level_11
                                     27 	.globl _dandy_level_10
                                     28 	.globl _dandy_level_9
                                     29 	.globl _dandy_level_8
                                     30 	.globl _dandy_level_7
                                     31 	.globl _dandy_level_6
                                     32 	.globl _dandy_level_5
                                     33 	.globl _dandy_level_4
                                     34 	.globl _dandy_level_3
                                     35 	.globl _dandy_level_2
                                     36 	.globl _dandy_level_1
                                     37 	.globl _dandy_level_0
                                     38 ;--------------------------------------------------------
                                     39 ; special function registers
                                     40 ;--------------------------------------------------------
                                     41 	.area _HRAM
                                     42 ;--------------------------------------------------------
                                     43 ; ram data
                                     44 ;--------------------------------------------------------
                                     45 	.area _DATA
                                     46 ;--------------------------------------------------------
                                     47 ; ram data
                                     48 ;--------------------------------------------------------
                                     49 	.area _INITIALIZED
                                     50 ;--------------------------------------------------------
                                     51 ; absolute external ram data
                                     52 ;--------------------------------------------------------
                                     53 	.area _DABS (ABS)
                                     54 ;--------------------------------------------------------
                                     55 ; global & static initialisations
                                     56 ;--------------------------------------------------------
                                     57 	.area _HOME
                                     58 	.area _GSINIT
                                     59 	.area _GSFINAL
                                     60 	.area _GSINIT
                                     61 ;--------------------------------------------------------
                                     62 ; Home
                                     63 ;--------------------------------------------------------
                                     64 	.area _HOME
                                     65 	.area _HOME
                                     66 ;--------------------------------------------------------
                                     67 ; code
                                     68 ;--------------------------------------------------------
                                     69 	.area _CODE_1
                                     70 	.area _CODE_1
    00000000                         71 _dandy_level_0:
    00000000 E8                      72 	.db #0xe8	; 232
    00000001 00                      73 	.db #0x00	; 0
    00000002 39                      74 	.db #0x39	; 57	'9'
    00000003 72                      75 	.db #0x72	; 114	'r'
    00000004 00                      76 	.db #0x00	; 0
    00000005 01                      77 	.db #0x01	; 1
    00000006 CF                      78 	.db #0xcf	; 207
    00000007 3C                      79 	.db #0x3c	; 60
    00000008 F3                      80 	.db #0xf3	; 243
    00000009 CF                      81 	.db #0xcf	; 207
    0000000A 20                      82 	.db #0x20	; 32
    0000000B 00                      83 	.db #0x00	; 0
    0000000C 1C                      84 	.db #0x1c	; 28
    0000000D F3                      85 	.db #0xf3	; 243
    0000000E CF                      86 	.db #0xcf	; 207
    0000000F 3D                      87 	.db #0x3d	; 61
    00000010 74                      88 	.db #0x74	; 116	't'
    00000011 00                      89 	.db #0x00	; 0
    00000012 72                      90 	.db #0x72	; 114	'r'
    00000013 E4                      91 	.db #0xe4	; 228
    00000014 00                      92 	.db #0x00	; 0
    00000015 D4                      93 	.db #0xd4	; 212
    00000016 00                      94 	.db #0x00	; 0
    00000017 00                      95 	.db #0x00	; 0
    00000018 02                      96 	.db #0x02	; 2
    00000019 AA                      97 	.db #0xaa	; 170
    0000001A A1                      98 	.db #0xa1	; 161
    0000001B 55                      99 	.db #0x55	; 85	'U'
    0000001C 55                     100 	.db #0x55	; 85	'U'
    0000001D 55                     101 	.db #0x55	; 85	'U'
    0000001E 55                     102 	.db #0x55	; 85	'U'
    0000001F 55                     103 	.db #0x55	; 85	'U'
    00000020 00                     104 	.db #0x00	; 0
    00000021 DC                     105 	.db #0xdc	; 220
    00000022 37                     106 	.db #0x37	; 55	'7'
    00000023 06                     107 	.db #0x06	; 6
    00000024 E1                     108 	.db #0xe1	; 225
    00000025 B8                     109 	.db #0xb8	; 184
    00000026 81                     110 	.db #0x81	; 129
    00000027 0B                     111 	.db #0x0b	; 11
    00000028 7B                     112 	.db #0x7b	; 123
    00000029 7B                     113 	.db #0x7b	; 123
    0000002A 7B                     114 	.db #0x7b	; 123
    0000002B 7B                     115 	.db #0x7b	; 123
    0000002C 7B                     116 	.db #0x7b	; 123
    0000002D 7B                     117 	.db #0x7b	; 123
    0000002E 7B                     118 	.db #0x7b	; 123
    0000002F 7A                     119 	.db #0x7a	; 122	'z'
    00000030 AA                     120 	.db #0xaa	; 170
    00000031 72                     121 	.db #0x72	; 114	'r'
    00000032 2A                     122 	.db #0x2a	; 42
    00000033 AA                     123 	.db #0xaa	; 170
    00000034 AA                     124 	.db #0xaa	; 170
    00000035 AA                     125 	.db #0xaa	; 170
    00000036 AA                     126 	.db #0xaa	; 170
    00000037 23                     127 	.db #0x23	; 35
    00000038 D2                     128 	.db #0xd2	; 210
    00000039 11                     129 	.db #0x11	; 17
    0000003A D3                     130 	.db #0xd3	; 211
    0000003B A7                     131 	.db #0xa7	; 167
    0000003C 4E                     132 	.db #0x4e	; 78	'N'
    0000003D 9D                     133 	.db #0x9d	; 157
    0000003E 3A                     134 	.db #0x3a	; 58
    0000003F 75                     135 	.db #0x75	; 117	'u'
    00000040 BE                     136 	.db #0xbe	; 190
    00000041 E2                     137 	.db #0xe2	; 226
    00000042 B9                     138 	.db #0xb9	; 185
    00000043 15                     139 	.db #0x15	; 21
    00000044 55                     140 	.db #0x55	; 85	'U'
    00000045 55                     141 	.db #0x55	; 85	'U'
    00000046 55                     142 	.db #0x55	; 85	'U'
    00000047 55                     143 	.db #0x55	; 85	'U'
    00000048 10                     144 	.db #0x10	; 16
    00000049 21                     145 	.db #0x21	; 33
    0000004A 24                     146 	.db #0x24	; 36
    0000004B 92                     147 	.db #0x92	; 146
    0000004C 49                     148 	.db #0x49	; 73	'I'
    0000004D 41                     149 	.db #0x41	; 65	'A'
    0000004E 72                     150 	.db #0x72	; 114	'r'
    0000004F 2A                     151 	.db #0x2a	; 42
    00000050 AA                     152 	.db #0xaa	; 170
    00000051 AA                     153 	.db #0xaa	; 170
    00000052 AA                     154 	.db #0xaa	; 170
    00000053 AA                     155 	.db #0xaa	; 170
    00000054 20                     156 	.db #0x20	; 32
    00000055 42                     157 	.db #0x42	; 66	'B'
    00000056 3A                     158 	.db #0x3a	; 58
    00000057 74                     159 	.db #0x74	; 116	't'
    00000058 E9                     160 	.db #0xe9	; 233
    00000059 D3                     161 	.db #0xd3	; 211
    0000005A A7                     162 	.db #0xa7	; 167
    0000005B 4E                     163 	.db #0x4e	; 78	'N'
    0000005C B7                     164 	.db #0xb7	; 183
    0000005D 9A                     165 	.db #0x9a	; 154
    0000005E 10                     166 	.db #0x10	; 16
    0000005F 40                     167 	.db #0x40	; 64
    00000060 00                     168 	.db #0x00	; 0
    00000061 1A                     169 	.db #0x1a	; 26
    00000062 C5                     170 	.db #0xc5	; 197
    00000063 4A                     171 	.db #0x4a	; 74	'J'
    00000064 84                     172 	.db #0x84	; 132
    00000065 92                     173 	.db #0x92	; 146
    00000066 49                     174 	.db #0x49	; 73	'I'
    00000067 25                     175 	.db #0x25	; 37
    00000068 04                     176 	.db #0x04	; 4
    00000069 10                     177 	.db #0x10	; 16
    0000006A 00                     178 	.db #0x00	; 0
    0000006B 07                     179 	.db #0x07	; 7
    0000006C 30                     180 	.db #0x30	; 48	'0'
    0000006D 48                     181 	.db #0x48	; 72	'H'
    0000006E 11                     182 	.db #0x11	; 17
    0000006F D3                     183 	.db #0xd3	; 211
    00000070 A7                     184 	.db #0xa7	; 167
    00000071 4E                     185 	.db #0x4e	; 78	'N'
    00000072 9D                     186 	.db #0x9d	; 157
    00000073 3A                     187 	.db #0x3a	; 58
    00000074 75                     188 	.db #0x75	; 117	'u'
    00000075 BC                     189 	.db #0xbc	; 188
    00000076 28                     190 	.db #0x28	; 40
    00000077 20                     191 	.db #0x20	; 32
    00000078 00                     192 	.db #0x00	; 0
    00000079 0E                     193 	.db #0x0e	; 14
    0000007A 60                     194 	.db #0x60	; 96
    0000007B 90                     195 	.db #0x90	; 144
    0000007C 24                     196 	.db #0x24	; 36
    0000007D 92                     197 	.db #0x92	; 146
    0000007E 49                     198 	.db #0x49	; 73	'I'
    0000007F 2A                     199 	.db #0x2a	; 42
    00000080 AA                     200 	.db #0xaa	; 170
    00000081 AA                     201 	.db #0xaa	; 170
    00000082 AA                     202 	.db #0xaa	; 170
    00000083 A8                     203 	.db #0xa8	; 168
    00000084 00                     204 	.db #0x00	; 0
    00000085 4E                     205 	.db #0x4e	; 78	'N'
    00000086 5C                     206 	.db #0x5c	; 92
    00000087 C8                     207 	.db #0xc8	; 200
    00000088 19                     208 	.db #0x19	; 25
    00000089 1D                     209 	.db #0x1d	; 29
    0000008A 3A                     210 	.db #0x3a	; 58
    0000008B 74                     211 	.db #0x74	; 116	't'
    0000008C E9                     212 	.db #0xe9	; 233
    0000008D D3                     213 	.db #0xd3	; 211
    0000008E A7                     214 	.db #0xa7	; 167
    0000008F 5B                     215 	.db #0x5b	; 91
    00000090 D5                     216 	.db #0xd5	; 213
    00000091 55                     217 	.db #0x55	; 85	'U'
    00000092 55                     218 	.db #0x55	; 85	'U'
    00000093 55                     219 	.db #0x55	; 85	'U'
    00000094 54                     220 	.db #0x54	; 84	'T'
    00000095 00                     221 	.db #0x00	; 0
    00000096 B9                     222 	.db #0xb9	; 185
    00000097 72                     223 	.db #0x72	; 114	'r'
    00000098 90                     224 	.db #0x90	; 144
    00000099 32                     225 	.db #0x32	; 50	'2'
    0000009A 49                     226 	.db #0x49	; 73	'I'
    0000009B 24                     227 	.db #0x24	; 36
    0000009C 92                     228 	.db #0x92	; 146
    0000009D 88                     229 	.db #0x88	; 136
    0000009E 16                     230 	.db #0x16	; 22
    0000009F FB                     231 	.db #0xfb	; 251
    000000A0 D5                     232 	.db #0xd5	; 213
    000000A1 BE                     233 	.db #0xbe	; 190
    000000A2 F4                     234 	.db #0xf4	; 244
    000000A3 15                     235 	.db #0x15	; 21
    000000A4 15                     236 	.db #0x15	; 21
    000000A5 55                     237 	.db #0x55	; 85	'U'
    000000A6 59                     238 	.db #0x59	; 89	'Y'
    000000A7 65                     239 	.db #0x65	; 101	'e'
    000000A8 91                     240 	.db #0x91	; 145
    000000A9 91                     241 	.db #0x91	; 145
    000000AA D3                     242 	.db #0xd3	; 211
    000000AB A7                     243 	.db #0xa7	; 167
    000000AC 4E                     244 	.db #0x4e	; 78	'N'
    000000AD 9D                     245 	.db #0x9d	; 157
    000000AE 3A                     246 	.db #0x3a	; 58
    000000AF 75                     247 	.db #0x75	; 117	'u'
    000000B0 BC                     248 	.db #0xbc	; 188
    000000B1 49                     249 	.db #0x49	; 73	'I'
    000000B2 22                     250 	.db #0x22	; 34
    000000B3 A2                     251 	.db #0xa2	; 162
    000000B4 80                     252 	.db #0x80	; 128
    000000B5 A1                     253 	.db #0xa1	; 161
    000000B6 C9                     254 	.db #0xc9	; 201
    000000B7 21                     255 	.db #0x21	; 33
    000000B8 C3                     256 	.db #0xc3	; 195
    000000B9 24                     257 	.db #0x24	; 36
    000000BA 92                     258 	.db #0x92	; 146
    000000BB 49                     259 	.db #0x49	; 73	'I'
    000000BC 28                     260 	.db #0x28	; 40
    000000BD B9                     261 	.db #0xb9	; 185
    000000BE 97                     262 	.db #0x97	; 151
    000000BF 31                     263 	.db #0x31	; 49	'1'
    000000C0 51                     264 	.db #0x51	; 81	'Q'
    000000C1 40                     265 	.db #0x40	; 64
    000000C2 2A                     266 	.db #0x2a	; 42
    000000C3 AA                     267 	.db #0xaa	; 170
    000000C4 A8                     268 	.db #0xa8	; 168
    000000C5 10                     269 	.db #0x10	; 16
    000000C6 00                     270 	.db #0x00	; 0
    000000C7 04                     271 	.db #0x04	; 4
    000000C8 49                     272 	.db #0x49	; 73	'I'
    000000C9 20                     273 	.db #0x20	; 32
    000000CA 14                     274 	.db #0x14	; 20
    000000CB 00                     275 	.db #0x00	; 0
    000000CC 00                     276 	.db #0x00	; 0
    000000CD 15                     277 	.db #0x15	; 21
    000000CE 55                     278 	.db #0x55	; 85	'U'
    000000CF 55                     279 	.db #0x55	; 85	'U'
    000000D0 55                     280 	.db #0x55	; 85	'U'
    000000D1 55                     281 	.db #0x55	; 85	'U'
    000000D2 5D                     282 	.db #0x5d	; 93
    000000D3 24                     283 	.db #0x24	; 36
    000000D4 90                     284 	.db #0x90	; 144
    000000D5 0A                     285 	.db #0x0a	; 10
    000000D6 AA                     286 	.db #0xaa	; 170
    000000D7 AA                     287 	.db #0xaa	; 170
    000000D8 AA                     288 	.db #0xaa	; 170
    000000D9 AA                     289 	.db #0xaa	; 170
    000000DA 80                     290 	.db #0x80	; 128
    000000DB 00                     291 	.db #0x00	; 0
    000000DC 76                     292 	.db #0x76	; 118	'v'
    000000DD 20                     293 	.db #0x20	; 32
    000000DE 49                     294 	.db #0x49	; 73	'I'
    000000DF 21                     295 	.db #0x21	; 33
    000000E0 98                     296 	.db #0x98	; 152
    000000E1 80                     297 	.db #0x80	; 128
    000000E2 00                     298 	.db #0x00	; 0
    000000E3 94                     299 	.db #0x94	; 148
    000000E4 00                     300 	.db #0x00	; 0
    000000E5 00                     301 	.db #0x00	; 0
    000000E6 20                     302 	.db #0x20	; 32
    000000E7 40                     303 	.db #0x40	; 64
    000000E8 80                     304 	.db #0x80	; 128
    000000E9 45                     305 	.db #0x45	; 69	'E'
    000000EA 55                     306 	.db #0x55	; 85	'U'
    000000EB 55                     307 	.db #0x55	; 85	'U'
    000000EC 13                     308 	.db #0x13	; 19
    000000ED B8                     309 	.db #0xb8	; 184
    000000EE 55                     310 	.db #0x55	; 85	'U'
    000000EF 55                     311 	.db #0x55	; 85	'U'
    000000F0 55                     312 	.db #0x55	; 85	'U'
    000000F1 55                     313 	.db #0x55	; 85	'U'
    000000F2 55                     314 	.db #0x55	; 85	'U'
    000000F3 55                     315 	.db #0x55	; 85	'U'
    000000F4 55                     316 	.db #0x55	; 85	'U'
    000000F5 40                     317 	.db #0x40	; 64
    000000F6 20                     318 	.db #0x20	; 32
    000000F7 01                     319 	.db #0x01	; 1
    000000F8 15                     320 	.db #0x15	; 21
    000000F9 40                     321 	.db #0x40	; 64
    000000FA 00                     322 	.db #0x00	; 0
    000000FB 00                     323 	.db #0x00	; 0
    000000FC 00                     324 	.db #0x00	; 0
    000000FD 00                     325 	.db #0x00	; 0
    000000FE 20                     326 	.db #0x20	; 32
    000000FF 01                     327 	.db #0x01	; 1
    00000100 72                     328 	.db #0x72	; 114	'r'
    00000101 37                     329 	.db #0x37	; 55	'7'
    00000102 00                     330 	.db #0x00	; 0
    00000103 00                     331 	.db #0x00	; 0
    00000104 01                     332 	.db #0x01	; 1
    00000105 55                     333 	.db #0x55	; 85	'U'
    00000106 55                     334 	.db #0x55	; 85	'U'
    00000107 55                     335 	.db #0x55	; 85	'U'
    00000108 55                     336 	.db #0x55	; 85	'U'
    00000109 55                     337 	.db #0x55	; 85	'U'
    0000010A 55                     338 	.db #0x55	; 85	'U'
    0000010B 05                     339 	.db #0x05	; 5
    0000010C C9                     340 	.db #0xc9	; 201
    0000010D BE                     341 	.db #0xbe	; 190
    0000010E FB                     342 	.db #0xfb	; 251
    0000010F EE                     343 	.db #0xee	; 238
    00000110 36                     344 	.db #0x36	; 54	'6'
    00000111 D8                     345 	.db #0xd8	; 216
    00000112 8A                     346 	.db #0x8a	; 138
    00000113 81                     347 	.db #0x81	; 129
    00000114 55                     348 	.db #0x55	; 85	'U'
    00000115 40                     349 	.db #0x40	; 64
    00000116 15                     350 	.db #0x15	; 21
    00000117 40                     351 	.db #0x40	; 64
    00000118 00                     352 	.db #0x00	; 0
    00000119 53                     353 	.db #0x53	; 83	'S'
    0000011A 76                     354 	.db #0x76	; 118	'v'
    0000011B E0                     355 	.db #0xe0	; 224
    0000011C D8                     356 	.db #0xd8	; 216
    0000011D 91                     357 	.db #0x91	; 145
    0000011E 05                     358 	.db #0x05	; 5
    0000011F 50                     359 	.db #0x50	; 80	'P'
    00000120 00                     360 	.db #0x00	; 0
    00000121 00                     361 	.db #0x00	; 0
    00000122 00                     362 	.db #0x00	; 0
    00000123 14                     363 	.db #0x14	; 20
    00000124 6F                     364 	.db #0x6f	; 111	'o'
    00000125 BE                     365 	.db #0xbe	; 190
    00000126 E1                     366 	.db #0xe1	; 225
    00000127 B6                     367 	.db #0xb6	; 182
    00000128 CA                     368 	.db #0xca	; 202
    00000129 88                     369 	.db #0x88	; 136
    0000012A 54                     370 	.db #0x54	; 84	'T'
    0000012B 01                     371 	.db #0x01	; 1
    0000012C 00                     372 	.db #0x00	; 0
    0000012D 02                     373 	.db #0x02	; 2
    0000012E AA                     374 	.db #0xaa	; 170
    0000012F 05                     375 	.db #0x05	; 5
    00000130 0D                     376 	.db #0x0d	; 13
    00000131 DB                     377 	.db #0xdb	; 219
    00000132 8D                     378 	.db #0x8d	; 141
    00000133 89                     379 	.db #0x89	; 137
    00000134 11                     380 	.db #0x11	; 17
    00000135 50                     381 	.db #0x50	; 80	'P'
    00000136 41                     382 	.db #0x41	; 65	'A'
    00000137 02                     383 	.db #0x02	; 2
    00000138 A8                     384 	.db #0xa8	; 168
    00000139 2A                     385 	.db #0x2a	; 42
    0000013A A0                     386 	.db #0xa0	; 160
    0000013B 53                     387 	.db #0x53	; 83	'S'
    0000013C 7D                     388 	.db #0x7d	; 125
    0000013D F7                     389 	.db #0xf7	; 247
    0000013E DC                     390 	.db #0xdc	; 220
    0000013F 36                     391 	.db #0x36	; 54	'6'
    00000140 D9                     392 	.db #0xd9	; 217
    00000141 22                     393 	.db #0x22	; 34
    00000142 54                     394 	.db #0x54	; 84	'T'
    00000143 2A                     395 	.db #0x2a	; 42
    00000144 08                     396 	.db #0x08	; 8
    00000145 15                     397 	.db #0x15	; 21
    00000146 41                     398 	.db #0x41	; 65	'A'
    00000147 55                     399 	.db #0x55	; 85	'U'
    00000148 02                     400 	.db #0x02	; 2
    00000149 86                     401 	.db #0x86	; 134
    0000014A E0                     402 	.db #0xe0	; 224
    0000014B 00                     403 	.db #0x00	; 0
    0000014C 00                     404 	.db #0x00	; 0
    0000014D 01                     405 	.db #0x01	; 1
    0000014E 02                     406 	.db #0x02	; 2
    0000014F A8                     407 	.db #0xa8	; 168
    00000150 2A                     408 	.db #0x2a	; 42
    00000151 A7                     409 	.db #0xa7	; 167
    00000152 62                     410 	.db #0x62	; 98	'b'
    00000153 8F                     411 	.db #0x8f	; 143
    00000154 3C                     412 	.db #0x3c	; 60
    00000155 F0                     413 	.db #0xf0	; 240
    00000156 00                     414 	.db #0x00	; 0
    00000157 00                     415 	.db #0x00	; 0
    00000158 00                     416 	.db #0x00	; 0
    00000159 5C                     417 	.db #0x5c	; 92
    0000015A F2                     418 	.db #0xf2	; 242
    0000015B E7                     419 	.db #0xe7	; 231
    0000015C 9A                     420 	.db #0x9a	; 154
    0000015D AE                     421 	.db #0xae	; 174
    0000015E BA                     422 	.db #0xba	; 186
    0000015F EB                     423 	.db #0xeb	; 235
    00000160 AA                     424 	.db #0xaa	; 170
    00000161 AB                     425 	.db #0xab	; 171
    00000162 B0                     426 	.db #0xb0	; 176
    00000163 A2                     427 	.db #0xa2	; 162
    00000164 A0                     428 	.db #0xa0	; 160
    00000165                        429 _dandy_level_1:
    00000165 00                     430 	.db #0x00	; 0
    00000166 00                     431 	.db #0x00	; 0
    00000167 00                     432 	.db #0x00	; 0
    00000168 AE                     433 	.db #0xae	; 174
    00000169 4E                     434 	.db #0x4e	; 78	'N'
    0000016A 40                     435 	.db #0x40	; 64
    0000016B 07                     436 	.db #0x07	; 7
    0000016C 25                     437 	.db #0x25	; 37
    0000016D C8                     438 	.db #0xc8	; 200
    0000016E 04                     439 	.db #0x04	; 4
    0000016F 00                     440 	.db #0x00	; 0
    00000170 00                     441 	.db #0x00	; 0
    00000171 00                     442 	.db #0x00	; 0
    00000172 14                     443 	.db #0x14	; 20
    00000173 55                     444 	.db #0x55	; 85	'U'
    00000174 55                     445 	.db #0x55	; 85	'U'
    00000175 4A                     446 	.db #0x4a	; 74	'J'
    00000176 AA                     447 	.db #0xaa	; 170
    00000177 AA                     448 	.db #0xaa	; 170
    00000178 AA                     449 	.db #0xaa	; 170
    00000179 4C                     450 	.db #0x4c	; 76	'L'
    0000017A C0                     451 	.db #0xc0	; 192
    0000017B 00                     452 	.db #0x00	; 0
    0000017C 00                     453 	.db #0x00	; 0
    0000017D 05                     454 	.db #0x05	; 5
    0000017E 15                     455 	.db #0x15	; 21
    0000017F A8                     456 	.db #0xa8	; 168
    00000180 00                     457 	.db #0x00	; 0
    00000181 00                     458 	.db #0x00	; 0
    00000182 20                     459 	.db #0x20	; 32
    00000183 00                     460 	.db #0x00	; 0
    00000184 00                     461 	.db #0x00	; 0
    00000185 00                     462 	.db #0x00	; 0
    00000186 28                     463 	.db #0x28	; 40
    00000187 A2                     464 	.db #0xa2	; 162
    00000188 A5                     465 	.db #0xa5	; 165
    00000189 52                     466 	.db #0x52	; 82	'R'
    0000018A A8                     467 	.db #0xa8	; 168
    0000018B 92                     468 	.db #0x92	; 146
    0000018C 90                     469 	.db #0x90	; 144
    0000018D 55                     470 	.db #0x55	; 85	'U'
    0000018E 55                     471 	.db #0x55	; 85	'U'
    0000018F 55                     472 	.db #0x55	; 85	'U'
    00000190 55                     473 	.db #0x55	; 85	'U'
    00000191 00                     474 	.db #0x00	; 0
    00000192 51                     475 	.db #0x51	; 81	'Q'
    00000193 42                     476 	.db #0x42	; 66	'B'
    00000194 72                     477 	.db #0x72	; 114	'r'
    00000195 48                     478 	.db #0x48	; 72	'H'
    00000196 E5                     479 	.db #0xe5	; 229
    00000197 CC                     480 	.db #0xcc	; 204
    00000198 12                     481 	.db #0x12	; 18
    00000199 0B                     482 	.db #0x0b	; 11
    0000019A 9E                     483 	.db #0x9e	; 158
    0000019B 40                     484 	.db #0x40	; 64
    0000019C 02                     485 	.db #0x02	; 2
    0000019D 80                     486 	.db #0x80	; 128
    0000019E 28                     487 	.db #0x28	; 40
    0000019F A9                     488 	.db #0xa9	; 169
    000001A0 2A                     489 	.db #0x2a	; 42
    000001A1 95                     490 	.db #0x95	; 149
    000001A2 4A                     491 	.db #0x4a	; 74	'J'
    000001A3 52                     492 	.db #0x52	; 82	'R'
    000001A4 41                     493 	.db #0x41	; 65	'A'
    000001A5 39                     494 	.db #0x39	; 57	'9'
    000001A6 00                     495 	.db #0x00	; 0
    000001A7 05                     496 	.db #0x05	; 5
    000001A8 00                     497 	.db #0x00	; 0
    000001A9 50                     498 	.db #0x50	; 80	'P'
    000001AA 00                     499 	.db #0x00	; 0
    000001AB 00                     500 	.db #0x00	; 0
    000001AC 73                     501 	.db #0x73	; 115	's'
    000001AD 24                     502 	.db #0x24	; 36
    000001AE 11                     503 	.db #0x11	; 17
    000001AF 55                     504 	.db #0x55	; 85	'U'
    000001B0 55                     505 	.db #0x55	; 85	'U'
    000001B1 54                     506 	.db #0x54	; 84	'T'
    000001B2 50                     507 	.db #0x50	; 80	'P'
    000001B3 05                     508 	.db #0x05	; 5
    000001B4 00                     509 	.db #0x00	; 0
    000001B5 92                     510 	.db #0x92	; 146
    000001B6 55                     511 	.db #0x55	; 85	'U'
    000001B7 55                     512 	.db #0x55	; 85	'U'
    000001B8 24                     513 	.db #0x24	; 36
    000001B9 11                     514 	.db #0x11	; 17
    000001BA 0E                     515 	.db #0x0e	; 14
    000001BB 9D                     516 	.db #0x9d	; 157
    000001BC 05                     517 	.db #0x05	; 5
    000001BD 14                     518 	.db #0x14	; 20
    000001BE 01                     519 	.db #0x01	; 1
    000001BF 50                     520 	.db #0x50	; 80	'P'
    000001C0 AB                     521 	.db #0xab	; 171
    000001C1 9B                     522 	.db #0x9b	; 155
    000001C2 98                     523 	.db #0x98	; 152
    000001C3 00                     524 	.db #0x00	; 0
    000001C4 90                     525 	.db #0x90	; 144
    000001C5 44                     526 	.db #0x44	; 68	'D'
    000001C6 1D                     527 	.db #0x1d	; 29
    000001C7 3A                     528 	.db #0x3a	; 58
    000001C8 0A                     529 	.db #0x0a	; 10
    000001C9 28                     530 	.db #0x28	; 40
    000001CA 02                     531 	.db #0x02	; 2
    000001CB AA                     532 	.db #0xaa	; 170
    000001CC AA                     533 	.db #0xaa	; 170
    000001CD AA                     534 	.db #0xaa	; 170
    000001CE AA                     535 	.db #0xaa	; 170
    000001CF AA                     536 	.db #0xaa	; 170
    000001D0 48                     537 	.db #0x48	; 72	'H'
    000001D1 22                     538 	.db #0x22	; 34
    000001D2 2A                     539 	.db #0x2a	; 42
    000001D3 A8                     540 	.db #0xa8	; 168
    000001D4 28                     541 	.db #0x28	; 40
    000001D5 A0                     542 	.db #0xa0	; 160
    000001D6 00                     543 	.db #0x00	; 0
    000001D7 00                     544 	.db #0x00	; 0
    000001D8 01                     545 	.db #0x01	; 1
    000001D9 90                     546 	.db #0x90	; 144
    000001DA 04                     547 	.db #0x04	; 4
    000001DB 45                     548 	.db #0x45	; 69	'E'
    000001DC BE                     549 	.db #0xbe	; 190
    000001DD FB                     550 	.db #0xfb	; 251
    000001DE A8                     551 	.db #0xa8	; 168
    000001DF 29                     552 	.db #0x29	; 41
    000001E0 40                     553 	.db #0x40	; 64
    000001E1 00                     554 	.db #0x00	; 0
    000001E2 00                     555 	.db #0x00	; 0
    000001E3 03                     556 	.db #0x03	; 3
    000001E4 22                     557 	.db #0x22	; 34
    000001E5 04                     558 	.db #0x04	; 4
    000001E6 45                     559 	.db #0x45	; 69	'E'
    000001E7 B6                     560 	.db #0xb6	; 182
    000001E8 CD                     561 	.db #0xcd	; 205
    000001E9 14                     562 	.db #0x14	; 20
    000001EA 12                     563 	.db #0x12	; 18
    000001EB 00                     564 	.db #0x00	; 0
    000001EC AA                     565 	.db #0xaa	; 170
    000001ED AA                     566 	.db #0xaa	; 170
    000001EE AA                     567 	.db #0xaa	; 170
    000001EF A0                     568 	.db #0xa0	; 160
    000001F0 32                     569 	.db #0x32	; 50	'2'
    000001F1 20                     570 	.db #0x20	; 32
    000001F2 44                     571 	.db #0x44	; 68	'D'
    000001F3 5B                     572 	.db #0x5b	; 91
    000001F4 EF                     573 	.db #0xef	; 239
    000001F5 BB                     574 	.db #0xbb	; 187
    000001F6 7A                     575 	.db #0x7a	; 122	'z'
    000001F7 08                     576 	.db #0x08	; 8
    000001F8 01                     577 	.db #0x01	; 1
    000001F9 40                     578 	.db #0x40	; 64
    000001FA 00                     579 	.db #0x00	; 0
    000001FB 09                     580 	.db #0x09	; 9
    000001FC 91                     581 	.db #0x91	; 145
    000001FD 02                     582 	.db #0x02	; 2
    000001FE 22                     583 	.db #0x22	; 34
    000001FF EF                     584 	.db #0xef	; 239
    00000200 BE                     585 	.db #0xbe	; 190
    00000201 F7                     586 	.db #0xf7	; 247
    00000202 A1                     587 	.db #0xa1	; 161
    00000203 50                     588 	.db #0x50	; 80	'P'
    00000204 05                     589 	.db #0x05	; 5
    00000205 01                     590 	.db #0x01	; 1
    00000206 54                     591 	.db #0x54	; 84	'T'
    00000207 03                     592 	.db #0x03	; 3
    00000208 99                     593 	.db #0x99	; 153
    00000209 91                     594 	.db #0x91	; 145
    0000020A 02                     595 	.db #0x02	; 2
    0000020B 22                     596 	.db #0x22	; 34
    0000020C EF                     597 	.db #0xef	; 239
    0000020D BE                     598 	.db #0xbe	; 190
    0000020E E8                     599 	.db #0xe8	; 232
    0000020F 54                     600 	.db #0x54	; 84	'T'
    00000210 01                     601 	.db #0x01	; 1
    00000211 40                     602 	.db #0x40	; 64
    00000212 27                     603 	.db #0x27	; 39
    00000213 20                     604 	.db #0x20	; 32
    00000214 14                     605 	.db #0x14	; 20
    00000215 C8                     606 	.db #0xc8	; 200
    00000216 81                     607 	.db #0x81	; 129
    00000217 10                     608 	.db #0x10	; 16
    00000218 EF                     609 	.db #0xef	; 239
    00000219 BA                     610 	.db #0xba	; 186
    0000021A 15                     611 	.db #0x15	; 21
    0000021B 00                     612 	.db #0x00	; 0
    0000021C 50                     613 	.db #0x50	; 80	'P'
    0000021D A1                     614 	.db #0xa1	; 161
    0000021E 00                     615 	.db #0x00	; 0
    0000021F 72                     616 	.db #0x72	; 114	'r'
    00000220 19                     617 	.db #0x19	; 25
    00000221 10                     618 	.db #0x10	; 16
    00000222 22                     619 	.db #0x22	; 34
    00000223 0A                     620 	.db #0x0a	; 10
    00000224 0A                     621 	.db #0x0a	; 10
    00000225 00                     622 	.db #0x00	; 0
    00000226 A0                     623 	.db #0xa0	; 160
    00000227 40                     624 	.db #0x40	; 64
    00000228 A8                     625 	.db #0xa8	; 168
    00000229 01                     626 	.db #0x01	; 1
    0000022A 91                     627 	.db #0x91	; 145
    0000022B 02                     628 	.db #0x02	; 2
    0000022C 21                     629 	.db #0x21	; 33
    0000022D 41                     630 	.db #0x41	; 65	'A'
    0000022E 40                     631 	.db #0x40	; 64
    0000022F 14                     632 	.db #0x14	; 20
    00000230 04                     633 	.db #0x04	; 4
    00000231 08                     634 	.db #0x08	; 8
    00000232 0A                     635 	.db #0x0a	; 10
    00000233 A6                     636 	.db #0xa6	; 166
    00000234 44                     637 	.db #0x44	; 68	'D'
    00000235 08                     638 	.db #0x08	; 8
    00000236 8A                     639 	.db #0x8a	; 138
    00000237 0A                     640 	.db #0x0a	; 10
    00000238 00                     641 	.db #0x00	; 0
    00000239 A0                     642 	.db #0xa0	; 160
    0000023A 11                     643 	.db #0x11	; 17
    0000023B B9                     644 	.db #0xb9	; 185
    0000023C 0E                     645 	.db #0x0e	; 14
    0000023D 41                     646 	.db #0x41	; 65	'A'
    0000023E 32                     647 	.db #0x32	; 50	'2'
    0000023F 20                     648 	.db #0x20	; 32
    00000240 45                     649 	.db #0x45	; 69	'E'
    00000241 50                     650 	.db #0x50	; 80	'P'
    00000242 50                     651 	.db #0x50	; 80	'P'
    00000243 05                     652 	.db #0x05	; 5
    00000244 1D                     653 	.db #0x1d	; 29
    00000245 3A                     654 	.db #0x3a	; 58
    00000246 10                     655 	.db #0x10	; 16
    00000247 20                     656 	.db #0x20	; 32
    00000248 0E                     657 	.db #0x0e	; 14
    00000249 66                     658 	.db #0x66	; 102	'f'
    0000024A 44                     659 	.db #0x44	; 68	'D'
    0000024B 08                     660 	.db #0x08	; 8
    0000024C 02                     661 	.db #0x02	; 2
    0000024D A0                     662 	.db #0xa0	; 160
    0000024E 0A                     663 	.db #0x0a	; 10
    0000024F 00                     664 	.db #0x00	; 0
    00000250 41                     665 	.db #0x41	; 65	'A'
    00000251 BC                     666 	.db #0xbc	; 188
    00000252 E5                     667 	.db #0xe5	; 229
    00000253 50                     668 	.db #0x50	; 80	'P'
    00000254 99                     669 	.db #0x99	; 153
    00000255 10                     670 	.db #0x10	; 16
    00000256 2E                     671 	.db #0x2e	; 46
    00000257 79                     672 	.db #0x79	; 121	'y'
    00000258 E7                     673 	.db #0xe7	; 231
    00000259 9E                     674 	.db #0x9e	; 158
    0000025A 79                     675 	.db #0x79	; 121	'y'
    0000025B E7                     676 	.db #0xe7	; 231
    0000025C 9A                     677 	.db #0x9a	; 154
    0000025D 00                     678 	.db #0x00	; 0
    0000025E A1                     679 	.db #0xa1	; 161
    0000025F D3                     680 	.db #0xd3	; 211
    00000260 A7                     681 	.db #0xa7	; 167
    00000261 44                     682 	.db #0x44	; 68	'D'
    00000262 08                     683 	.db #0x08	; 8
    00000263 10                     684 	.db #0x10	; 16
    00000264 99                     685 	.db #0x99	; 153
    00000265 10                     686 	.db #0x10	; 16
    00000266 2A                     687 	.db #0x2a	; 42
    00000267 AA                     688 	.db #0xaa	; 170
    00000268 A8                     689 	.db #0xa8	; 168
    00000269 02                     690 	.db #0x02	; 2
    0000026A 80                     691 	.db #0x80	; 128
    0000026B 04                     692 	.db #0x04	; 4
    0000026C 6E                     693 	.db #0x6e	; 110	'n'
    0000026D 43                     694 	.db #0x43	; 67	'C'
    0000026E 94                     695 	.db #0x94	; 148
    0000026F 0C                     696 	.db #0x0c	; 12
    00000270 8B                     697 	.db #0x8b	; 139
    00000271 67                     698 	.db #0x67	; 103	'g'
    00000272 9E                     699 	.db #0x9e	; 158
    00000273 00                     700 	.db #0x00	; 0
    00000274 00                     701 	.db #0x00	; 0
    00000275 14                     702 	.db #0x14	; 20
    00000276 07                     703 	.db #0x07	; 7
    00000277 4E                     704 	.db #0x4e	; 78	'N'
    00000278 84                     705 	.db #0x84	; 132
    00000279 0A                     706 	.db #0x0a	; 10
    0000027A 84                     707 	.db #0x84	; 132
    0000027B 0C                     708 	.db #0x0c	; 12
    0000027C 8B                     709 	.db #0x8b	; 139
    0000027D 60                     710 	.db #0x60	; 96
    0000027E 00                     711 	.db #0x00	; 0
    0000027F 00                     712 	.db #0x00	; 0
    00000280 A0                     713 	.db #0xa0	; 160
    00000281 DF                     714 	.db #0xdf	; 223
    00000282 7D                     715 	.db #0x7d	; 125
    00000283 F7                     716 	.db #0xf7	; 247
    00000284 04                     717 	.db #0x04	; 4
    00000285 6E                     718 	.db #0x6e	; 110	'n'
    00000286 72                     719 	.db #0x72	; 114	'r'
    00000287 08                     720 	.db #0x08	; 8
    00000288 19                     721 	.db #0x19	; 25
    00000289 16                     722 	.db #0x16	; 22
    0000028A CF                     723 	.db #0xcf	; 207
    0000028B 3C                     724 	.db #0x3c	; 60
    0000028C 00                     725 	.db #0x00	; 0
    0000028D 00                     726 	.db #0x00	; 0
    0000028E A3                     727 	.db #0xa3	; 163
    0000028F 7D                     728 	.db #0x7d	; 125
    00000290 F7                     729 	.db #0xf7	; 247
    00000291 DC                     730 	.db #0xdc	; 220
    00000292 DF                     731 	.db #0xdf	; 223
    00000293 7D                     732 	.db #0x7d	; 125
    00000294 F7                     733 	.db #0xf7	; 247
    00000295 20                     734 	.db #0x20	; 32
    00000296 05                     735 	.db #0x05	; 5
    00000297 5C                     736 	.db #0x5c	; 92
    00000298 86                     737 	.db #0x86	; 134
    00000299 45                     738 	.db #0x45	; 69	'E'
    0000029A B0                     739 	.db #0xb0	; 176
    0000029B 00                     740 	.db #0x00	; 0
    0000029C 01                     741 	.db #0x01	; 1
    0000029D 4D                     742 	.db #0x4d	; 77	'M'
    0000029E F7                     743 	.db #0xf7	; 247
    0000029F DC                     744 	.db #0xdc	; 220
    000002A0 03                     745 	.db #0x03	; 3
    000002A1 7D                     746 	.db #0x7d	; 125
    000002A2 F7                     747 	.db #0xf7	; 247
    000002A3 83                     748 	.db #0x83	; 131
    000002A4 70                     749 	.db #0x70	; 112	'p'
    000002A5 00                     750 	.db #0x00	; 0
    000002A6 C8                     751 	.db #0xc8	; 200
    000002A7 A0                     752 	.db #0xa0	; 160
    000002A8                        753 _dandy_level_2:
    000002A8 DF                     754 	.db #0xdf	; 223
    000002A9 78                     755 	.db #0x78	; 120	'x'
    000002AA 00                     756 	.db #0x00	; 0
    000002AB 02                     757 	.db #0x02	; 2
    000002AC DD                     758 	.db #0xdd	; 221
    000002AD CF                     759 	.db #0xcf	; 207
    000002AE 3C                     760 	.db #0x3c	; 60
    000002AF F3                     761 	.db #0xf3	; 243
    000002B0 CF                     762 	.db #0xcf	; 207
    000002B1 3C                     763 	.db #0x3c	; 60
    000002B2 F3                     764 	.db #0xf3	; 243
    000002B3 CF                     765 	.db #0xcf	; 207
    000002B4 3C                     766 	.db #0x3c	; 60
    000002B5 F3                     767 	.db #0xf3	; 243
    000002B6 CF                     768 	.db #0xcf	; 207
    000002B7 3C                     769 	.db #0x3c	; 60
    000002B8 F3                     770 	.db #0xf3	; 243
    000002B9 CD                     771 	.db #0xcd	; 205
    000002BA B8                     772 	.db #0xb8	; 184
    000002BB 00                     773 	.db #0x00	; 0
    000002BC 06                     774 	.db #0x06	; 6
    000002BD FB                     775 	.db #0xfb	; 251
    000002BE EF                     776 	.db #0xef	; 239
    000002BF 15                     777 	.db #0x15	; 21
    000002C0 55                     778 	.db #0x55	; 85	'U'
    000002C1 50                     779 	.db #0x50	; 80	'P'
    000002C2 F5                     780 	.db #0xf5	; 245
    000002C3 1C                     781 	.db #0x1c	; 28
    000002C4 F3                     782 	.db #0xf3	; 243
    000002C5 CF                     783 	.db #0xcf	; 207
    000002C6 3C                     784 	.db #0x3c	; 60
    000002C7 F3                     785 	.db #0xf3	; 243
    000002C8 CF                     786 	.db #0xcf	; 207
    000002C9 3C                     787 	.db #0x3c	; 60
    000002CA F3                     788 	.db #0xf3	; 243
    000002CB CF                     789 	.db #0xcf	; 207
    000002CC 3C                     790 	.db #0x3c	; 60
    000002CD F3                     791 	.db #0xf3	; 243
    000002CE CF                     792 	.db #0xcf	; 207
    000002CF 3C                     793 	.db #0x3c	; 60
    000002D0 C0                     794 	.db #0xc0	; 192
    000002D1 00                     795 	.db #0x00	; 0
    000002D2 06                     796 	.db #0x06	; 6
    000002D3 FB                     797 	.db #0xfb	; 251
    000002D4 C4                     798 	.db #0xc4	; 196
    000002D5 00                     799 	.db #0x00	; 0
    000002D6 AA                     800 	.db #0xaa	; 170
    000002D7 8A                     801 	.db #0x8a	; 138
    000002D8 AA                     802 	.db #0xaa	; 170
    000002D9 AA                     803 	.db #0xaa	; 170
    000002DA AA                     804 	.db #0xaa	; 170
    000002DB AA                     805 	.db #0xaa	; 170
    000002DC 00                     806 	.db #0x00	; 0
    000002DD 00                     807 	.db #0x00	; 0
    000002DE 01                     808 	.db #0x01	; 1
    000002DF 2A                     809 	.db #0x2a	; 42
    000002E0 AA                     810 	.db #0xaa	; 170
    000002E1 AD                     811 	.db #0xad	; 173
    000002E2 8C                     812 	.db #0x8c	; 140
    000002E3 80                     813 	.db #0x80	; 128
    000002E4 06                     814 	.db #0x06	; 6
    000002E5 DC                     815 	.db #0xdc	; 220
    000002E6 01                     816 	.db #0x01	; 1
    000002E7 90                     817 	.db #0x90	; 144
    000002E8 00                     818 	.db #0x00	; 0
    000002E9 00                     819 	.db #0x00	; 0
    000002EA 08                     820 	.db #0x08	; 8
    000002EB 00                     821 	.db #0x00	; 0
    000002EC 19                     822 	.db #0x19	; 25
    000002ED 00                     823 	.db #0x00	; 0
    000002EE 0D                     824 	.db #0x0d	; 13
    000002EF 80                     825 	.db #0x80	; 128
    000002F0 64                     826 	.db #0x64	; 100	'd'
    000002F1 02                     827 	.db #0x02	; 2
    000002F2 10                     828 	.db #0x10	; 16
    000002F3 05                     829 	.db #0x05	; 5
    000002F4 55                     830 	.db #0x55	; 85	'U'
    000002F5 55                     831 	.db #0x55	; 85	'U'
    000002F6 55                     832 	.db #0x55	; 85	'U'
    000002F7 55                     833 	.db #0x55	; 85	'U'
    000002F8 15                     834 	.db #0x15	; 21
    000002F9 55                     835 	.db #0x55	; 85	'U'
    000002FA 55                     836 	.db #0x55	; 85	'U'
    000002FB 55                     837 	.db #0x55	; 85	'U'
    000002FC 54                     838 	.db #0x54	; 84	'T'
    000002FD 02                     839 	.db #0x02	; 2
    000002FE 10                     840 	.db #0x10	; 16
    000002FF 00                     841 	.db #0x00	; 0
    00000300 00                     842 	.db #0x00	; 0
    00000301 7A                     843 	.db #0x7a	; 122	'z'
    00000302 11                     844 	.db #0x11	; 17
    00000303 CF                     845 	.db #0xcf	; 207
    00000304 3C                     846 	.db #0x3c	; 60
    00000305 F3                     847 	.db #0xf3	; 243
    00000306 CF                     848 	.db #0xcf	; 207
    00000307 3C                     849 	.db #0x3c	; 60
    00000308 F3                     850 	.db #0xf3	; 243
    00000309 CF                     851 	.db #0xcf	; 207
    0000030A 3C                     852 	.db #0x3c	; 60
    0000030B F3                     853 	.db #0xf3	; 243
    0000030C CF                     854 	.db #0xcf	; 207
    0000030D 3C                     855 	.db #0x3c	; 60
    0000030E F3                     856 	.db #0xf3	; 243
    0000030F CD                     857 	.db #0xcd	; 205
    00000310 D7                     858 	.db #0xd7	; 215
    00000311 5D                     859 	.db #0x5d	; 93
    00000312 75                     860 	.db #0x75	; 117	'u'
    00000313 D7                     861 	.db #0xd7	; 215
    00000314 5D                     862 	.db #0x5d	; 93
    00000315 42                     863 	.db #0x42	; 66	'B'
    00000316 EB                     864 	.db #0xeb	; 235
    00000317 AE                     865 	.db #0xae	; 174
    00000318 BA                     866 	.db #0xba	; 186
    00000319 EB                     867 	.db #0xeb	; 235
    0000031A A0                     868 	.db #0xa0	; 160
    0000031B 00                     869 	.db #0x00	; 0
    0000031C 01                     870 	.db #0x01	; 1
    0000031D 6E                     871 	.db #0x6e	; 110	'n'
    0000031E E7                     872 	.db #0xe7	; 231
    0000031F 9E                     873 	.db #0x9e	; 158
    00000320 79                     874 	.db #0x79	; 121	'y'
    00000321 E7                     875 	.db #0xe7	; 231
    00000322 9E                     876 	.db #0x9e	; 158
    00000323 79                     877 	.db #0x79	; 121	'y'
    00000324 E7                     878 	.db #0xe7	; 231
    00000325 9E                     879 	.db #0x9e	; 158
    00000326 79                     880 	.db #0x79	; 121	'y'
    00000327 E7                     881 	.db #0xe7	; 231
    00000328 9E                     882 	.db #0x9e	; 158
    00000329 79                     883 	.db #0x79	; 121	'y'
    0000032A E6                     884 	.db #0xe6	; 230
    0000032B EB                     885 	.db #0xeb	; 235
    0000032C AE                     886 	.db #0xae	; 174
    0000032D BA                     887 	.db #0xba	; 186
    0000032E EB                     888 	.db #0xeb	; 235
    0000032F AD                     889 	.db #0xad	; 173
    00000330 A1                     890 	.db #0xa1	; 161
    00000331 6D                     891 	.db #0x6d	; 109	'm'
    00000332 D7                     892 	.db #0xd7	; 215
    00000333 5D                     893 	.db #0x5d	; 93
    00000334 75                     894 	.db #0x75	; 117	'u'
    00000335 D5                     895 	.db #0xd5	; 213
    00000336 55                     896 	.db #0x55	; 85	'U'
    00000337 56                     897 	.db #0x56	; 86	'V'
    00000338 59                     898 	.db #0x59	; 89	'Y'
    00000339 65                     899 	.db #0x65	; 101	'e'
    0000033A 55                     900 	.db #0x55	; 85	'U'
    0000033B 55                     901 	.db #0x55	; 85	'U'
    0000033C 55                     902 	.db #0x55	; 85	'U'
    0000033D 55                     903 	.db #0x55	; 85	'U'
    0000033E 55                     904 	.db #0x55	; 85	'U'
    0000033F 55                     905 	.db #0x55	; 85	'U'
    00000340 55                     906 	.db #0x55	; 85	'U'
    00000341 55                     907 	.db #0x55	; 85	'U'
    00000342 55                     908 	.db #0x55	; 85	'U'
    00000343 96                     909 	.db #0x96	; 150
    00000344 59                     910 	.db #0x59	; 89	'Y'
    00000345 65                     911 	.db #0x65	; 101	'e'
    00000346 95                     912 	.db #0x95	; 149
    00000347 55                     913 	.db #0x55	; 85	'U'
    00000348 6E                     914 	.db #0x6e	; 110	'n'
    00000349 04                     915 	.db #0x04	; 4
    0000034A 20                     916 	.db #0x20	; 32
    0000034B 37                     917 	.db #0x37	; 55	'7'
    0000034C 80                     918 	.db #0x80	; 128
    0000034D 39                     919 	.db #0x39	; 57	'9'
    0000034E E7                     920 	.db #0xe7	; 231
    0000034F 90                     921 	.db #0x90	; 144
    00000350 0B                     922 	.db #0x0b	; 11
    00000351 70                     923 	.db #0x70	; 112	'p'
    00000352 00                     924 	.db #0x00	; 0
    00000353 0D                     925 	.db #0x0d	; 13
    00000354 C0                     926 	.db #0xc0	; 192
    00000355 42                     927 	.db #0x42	; 66	'B'
    00000356 01                     928 	.db #0x01	; 1
    00000357 00                     929 	.db #0x00	; 0
    00000358 AA                     930 	.db #0xaa	; 170
    00000359 81                     931 	.db #0x81	; 129
    0000035A E2                     932 	.db #0xe2	; 226
    0000035B 00                     933 	.db #0x00	; 0
    0000035C 00                     934 	.db #0x00	; 0
    0000035D 00                     935 	.db #0x00	; 0
    0000035E 52                     936 	.db #0x52	; 82	'R'
    0000035F 80                     937 	.db #0x80	; 128
    00000360 40                     938 	.db #0x40	; 64
    00000361 8D                     939 	.db #0x8d	; 141
    00000362 5A                     940 	.db #0x5a	; 90	'Z'
    00000363 90                     941 	.db #0x90	; 144
    00000364 20                     942 	.db #0x20	; 32
    00000365 00                     943 	.db #0x00	; 0
    00000366 00                     944 	.db #0x00	; 0
    00000367 03                     945 	.db #0x03	; 3
    00000368 E7                     946 	.db #0xe7	; 231
    00000369 C0                     947 	.db #0xc0	; 192
    0000036A 10                     948 	.db #0x10	; 16
    0000036B 73                     949 	.db #0x73	; 115	's'
    0000036C 6A                     950 	.db #0x6a	; 106	'j'
    0000036D 0D                     951 	.db #0x0d	; 13
    0000036E 6E                     952 	.db #0x6e	; 110	'n'
    0000036F 42                     953 	.db #0x42	; 66	'B'
    00000370 00                     954 	.db #0x00	; 0
    00000371 00                     955 	.db #0x00	; 0
    00000372 00                     956 	.db #0x00	; 0
    00000373 00                     957 	.db #0x00	; 0
    00000374 04                     958 	.db #0x04	; 4
    00000375 39                     959 	.db #0x39	; 57	'9'
    00000376 E6                     960 	.db #0xe6	; 230
    00000377 19                     961 	.db #0x19	; 25
    00000378 8B                     962 	.db #0x8b	; 139
    00000379 9E                     963 	.db #0x9e	; 158
    0000037A 44                     964 	.db #0x44	; 68	'D'
    0000037B 00                     965 	.db #0x00	; 0
    0000037C 00                     966 	.db #0x00	; 0
    0000037D 07                     967 	.db #0x07	; 7
    0000037E 00                     968 	.db #0x00	; 0
    0000037F 00                     969 	.db #0x00	; 0
    00000380 41                     970 	.db #0x41	; 65	'A'
    00000381 CD                     971 	.db #0xcd	; 205
    00000382 A8                     972 	.db #0xa8	; 168
    00000383 35                     973 	.db #0x35	; 53	'5'
    00000384 B9                     974 	.db #0xb9	; 185
    00000385 08                     975 	.db #0x08	; 8
    00000386 04                     976 	.db #0x04	; 4
    00000387 20                     977 	.db #0x20	; 32
    00000388 00                     978 	.db #0x00	; 0
    00000389 00                     979 	.db #0x00	; 0
    0000038A 04                     980 	.db #0x04	; 4
    0000038B 08                     981 	.db #0x08	; 8
    0000038C D5                     982 	.db #0xd5	; 213
    0000038D A9                     983 	.db #0xa9	; 169
    0000038E 02                     984 	.db #0x02	; 2
    0000038F 01                     985 	.db #0x01	; 1
    00000390 08                     986 	.db #0x08	; 8
    00000391 00                     987 	.db #0x00	; 0
    00000392 00                     988 	.db #0x00	; 0
    00000393 01                     989 	.db #0x01	; 1
    00000394 3C                     990 	.db #0x3c	; 60
    00000395 05                     991 	.db #0x05	; 5
    00000396 54                     992 	.db #0x54	; 84	'T'
    00000397 02                     993 	.db #0x02	; 2
    00000398 E7                     994 	.db #0xe7	; 231
    00000399 9E                     995 	.db #0x9e	; 158
    0000039A 79                     996 	.db #0x79	; 121	'y'
    0000039B E7                     997 	.db #0xe7	; 231
    0000039C 9E                     998 	.db #0x9e	; 158
    0000039D 61                     999 	.db #0x61	; 97	'a'
    0000039E 73                    1000 	.db #0x73	; 115	's'
    0000039F CF                    1001 	.db #0xcf	; 207
    000003A0 3C                    1002 	.db #0x3c	; 60
    000003A1 F3                    1003 	.db #0xf3	; 243
    000003A2 CE                    1004 	.db #0xce	; 206
    000003A3 E0                    1005 	.db #0xe0	; 224
    000003A4 00                    1006 	.db #0x00	; 0
    000003A5 0D                    1007 	.db #0x0d	; 13
    000003A6 E0                    1008 	.db #0xe0	; 224
    000003A7 0E                    1009 	.db #0x0e	; 14
    000003A8 79                    1010 	.db #0x79	; 121	'y'
    000003A9 E4                    1011 	.db #0xe4	; 228
    000003AA 02                    1012 	.db #0x02	; 2
    000003AB E7                    1013 	.db #0xe7	; 231
    000003AC 9E                    1014 	.db #0x9e	; 158
    000003AD 79                    1015 	.db #0x79	; 121	'y'
    000003AE E7                    1016 	.db #0xe7	; 231
    000003AF 9E                    1017 	.db #0x9e	; 158
    000003B0 61                    1018 	.db #0x61	; 97	'a'
    000003B1 73                    1019 	.db #0x73	; 115	's'
    000003B2 CF                    1020 	.db #0xcf	; 207
    000003B3 3C                    1021 	.db #0x3c	; 60
    000003B4 F3                    1022 	.db #0xf3	; 243
    000003B5 CD                    1023 	.db #0xcd	; 205
    000003B6 55                    1024 	.db #0x55	; 85	'U'
    000003B7 56                    1025 	.db #0x56	; 86	'V'
    000003B8 59                    1026 	.db #0x59	; 89	'Y'
    000003B9 65                    1027 	.db #0x65	; 101	'e'
    000003BA 55                    1028 	.db #0x55	; 85	'U'
    000003BB 55                    1029 	.db #0x55	; 85	'U'
    000003BC 55                    1030 	.db #0x55	; 85	'U'
    000003BD 55                    1031 	.db #0x55	; 85	'U'
    000003BE 65                    1032 	.db #0x65	; 101	'e'
    000003BF 96                    1033 	.db #0x96	; 150
    000003C0 55                    1034 	.db #0x55	; 85	'U'
    000003C1 55                    1035 	.db #0x55	; 85	'U'
    000003C2 55                    1036 	.db #0x55	; 85	'U'
    000003C3 55                    1037 	.db #0x55	; 85	'U'
    000003C4 56                    1038 	.db #0x56	; 86	'V'
    000003C5 59                    1039 	.db #0x59	; 89	'Y'
    000003C6 65                    1040 	.db #0x65	; 101	'e'
    000003C7 55                    1041 	.db #0x55	; 85	'U'
    000003C8 50                    1042 	.db #0x50	; 80	'P'
    000003C9 08                    1043 	.db #0x08	; 8
    000003CA 40                    1044 	.db #0x40	; 64
    000003CB 6F                    1045 	.db #0x6f	; 111	'o'
    000003CC 6E                    1046 	.db #0x6e	; 110	'n'
    000003CD 1D                    1047 	.db #0x1d	; 29
    000003CE 75                    1048 	.db #0x75	; 117	'u'
    000003CF 0B                    1049 	.db #0x0b	; 11
    000003D0 AE                    1050 	.db #0xae	; 174
    000003D1 83                    1051 	.db #0x83	; 131
    000003D2 7B                    1052 	.db #0x7b	; 123
    000003D3 BE                    1053 	.db #0xbe	; 190
    000003D4 FB                    1054 	.db #0xfb	; 251
    000003D5 EC                    1055 	.db #0xec	; 236
    000003D6 1C                    1056 	.db #0x1c	; 28
    000003D7 00                    1057 	.db #0x00	; 0
    000003D8 D9                    1058 	.db #0xd9	; 217
    000003D9 55                    1059 	.db #0x55	; 85	'U'
    000003DA 26                    1060 	.db #0x26	; 38
    000003DB C8                    1061 	.db #0xc8	; 200
    000003DC 04                    1062 	.db #0x04	; 4
    000003DD 0E                    1063 	.db #0x0e	; 14
    000003DE BA                    1064 	.db #0xba	; 186
    000003DF 85                    1065 	.db #0x85	; 133
    000003E0 D7                    1066 	.db #0xd7	; 215
    000003E1 40                    1067 	.db #0x40	; 64
    000003E2 BB                    1068 	.db #0xbb	; 187
    000003E3 EF                    1069 	.db #0xef	; 239
    000003E4 BE                    1070 	.db #0xbe	; 190
    000003E5 C0                    1071 	.db #0xc0	; 192
    000003E6 00                    1072 	.db #0x00	; 0
    000003E7 04                    1073 	.db #0x04	; 4
    000003E8 6C                    1074 	.db #0x6c	; 108	'l'
    000003E9 DA                    1075 	.db #0xda	; 218
    000003EA 1F                    1076 	.db #0x1f	; 31
    000003EB 88                    1077 	.db #0x88	; 136
    000003EC 0D                    1078 	.db #0x0d	; 13
    000003ED A1                    1079 	.db #0xa1	; 161
    000003EE 6C                    1080 	.db #0x6c	; 108	'l'
    000003EF 05                    1081 	.db #0x05	; 5
    000003F0 55                    1082 	.db #0x55	; 85	'U'
    000003F1 00                    1083 	.db #0x00	; 0
    000003F2 02                    1084 	.db #0x02	; 2
    000003F3 A9                    1085 	.db #0xa9	; 169
    000003F4 55                    1086 	.db #0x55	; 85	'U'
    000003F5 50                    1087 	.db #0x50	; 80	'P'
    000003F6 08                    1088 	.db #0x08	; 8
    000003F7 04                    1089 	.db #0x04	; 4
    000003F8 20                    1090 	.db #0x20	; 32
    000003F9 19                    1091 	.db #0x19	; 25
    000003FA 00                    1092 	.db #0x00	; 0
    000003FB 00                    1093 	.db #0x00	; 0
    000003FC 00                    1094 	.db #0x00	; 0
    000003FD 0D                    1095 	.db #0x0d	; 13
    000003FE 00                    1096 	.db #0x00	; 0
    000003FF 10                    1097 	.db #0x10	; 16
    00000400 00                    1098 	.db #0x00	; 0
    00000401 00                    1099 	.db #0x00	; 0
    00000402 C8                    1100 	.db #0xc8	; 200
    00000403 00                    1101 	.db #0x00	; 0
    00000404 37                    1102 	.db #0x37	; 55	'7'
    00000405 1B                    1103 	.db #0x1b	; 27
    00000406 80                    1104 	.db #0x80	; 128
    00000407 00                    1105 	.db #0x00	; 0
    00000408 04                    1106 	.db #0x04	; 4
    00000409 00                    1107 	.db #0x00	; 0
    0000040A 00                    1108 	.db #0x00	; 0
    0000040B 32                    1109 	.db #0x32	; 50	'2'
    0000040C 00                    1110 	.db #0x00	; 0
    0000040D 00                    1111 	.db #0x00	; 0
    0000040E 00                    1112 	.db #0x00	; 0
    0000040F 00                    1113 	.db #0x00	; 0
    00000410 04                    1114 	.db #0x04	; 4
    00000411 00                    1115 	.db #0x00	; 0
    00000412 00                    1116 	.db #0x00	; 0
    00000413 2A                    1117 	.db #0x2a	; 42
    00000414 A8                    1118 	.db #0xa8	; 168
    00000415 00                    1119 	.db #0x00	; 0
    00000416 00                    1120 	.db #0x00	; 0
    00000417 00                    1121 	.db #0x00	; 0
    00000418 02                    1122 	.db #0x02	; 2
    00000419 00                    1123 	.db #0x00	; 0
    0000041A 00                    1124 	.db #0x00	; 0
    0000041B 17                    1125 	.db #0x17	; 23
    0000041C 7D                    1126 	.db #0x7d	; 125
    0000041D F7                    1127 	.db #0xf7	; 247
    0000041E D8                    1128 	.db #0xd8	; 216
    0000041F 00                    1129 	.db #0x00	; 0
    00000420 1B                    1130 	.db #0x1b	; 27
    00000421 80                    1131 	.db #0x80	; 128
    00000422 00                    1132 	.db #0x00	; 0
    00000423 37                    1133 	.db #0x37	; 55	'7'
    00000424 B7                    1134 	.db #0xb7	; 183
    00000425 00                    1135 	.db #0x00	; 0
    00000426 D8                    1136 	.db #0xd8	; 216
    00000427 03                    1137 	.db #0x03	; 3
    00000428 7B                    1138 	.db #0x7b	; 123
    00000429 BE                    1139 	.db #0xbe	; 190
    0000042A FB                    1140 	.db #0xfb	; 251
    0000042B EC                    1141 	.db #0xec	; 236
    0000042C 00                    1142 	.db #0x00	; 0
    0000042D 1B                    1143 	.db #0x1b	; 27
    0000042E 00                    1144 	.db #0x00	; 0
    0000042F                       1145 _dandy_level_3:
    0000042F 97                    1146 	.db #0x97	; 151
    00000430 72                    1147 	.db #0x72	; 114	'r'
    00000431 EE                    1148 	.db #0xee	; 238
    00000432 5D                    1149 	.db #0x5d	; 93
    00000433 CB                    1150 	.db #0xcb	; 203
    00000434 B9                    1151 	.db #0xb9	; 185
    00000435 77                    1152 	.db #0x77	; 119	'w'
    00000436 2E                    1153 	.db #0x2e	; 46
    00000437 E5                    1154 	.db #0xe5	; 229
    00000438 DC                    1155 	.db #0xdc	; 220
    00000439 BB                    1156 	.db #0xbb	; 187
    0000043A 97                    1157 	.db #0x97	; 151
    0000043B 72                    1158 	.db #0x72	; 114	'r'
    0000043C EE                    1159 	.db #0xee	; 238
    0000043D 5D                    1160 	.db #0x5d	; 93
    0000043E CB                    1161 	.db #0xcb	; 203
    0000043F B9                    1162 	.db #0xb9	; 185
    00000440 77                    1163 	.db #0x77	; 119	'w'
    00000441 2E                    1164 	.db #0x2e	; 46
    00000442 ED                    1165 	.db #0xed	; 237
    00000443 04                    1166 	.db #0x04	; 4
    00000444 21                    1167 	.db #0x21	; 33
    00000445 08                    1168 	.db #0x08	; 8
    00000446 42                    1169 	.db #0x42	; 66	'B'
    00000447 10                    1170 	.db #0x10	; 16
    00000448 84                    1171 	.db #0x84	; 132
    00000449 21                    1172 	.db #0x21	; 33
    0000044A 08                    1173 	.db #0x08	; 8
    0000044B 42                    1174 	.db #0x42	; 66	'B'
    0000044C 1B                    1175 	.db #0x1b	; 27
    0000044D 8D                    1176 	.db #0x8d	; 141
    0000044E C6                    1177 	.db #0xc6	; 198
    0000044F E3                    1178 	.db #0xe3	; 227
    00000450 71                    1179 	.db #0x71	; 113	'q'
    00000451 B8                    1180 	.db #0xb8	; 184
    00000452 DC                    1181 	.db #0xdc	; 220
    00000453 6E                    1182 	.db #0x6e	; 110	'n'
    00000454 37                    1183 	.db #0x37	; 55	'7'
    00000455 1B                    1184 	.db #0x1b	; 27
    00000456 8D                    1185 	.db #0x8d	; 141
    00000457 C6                    1186 	.db #0xc6	; 198
    00000458 E3                    1187 	.db #0xe3	; 227
    00000459 71                    1188 	.db #0x71	; 113	'q'
    0000045A B8                    1189 	.db #0xb8	; 184
    0000045B F0                    1190 	.db #0xf0	; 240
    0000045C 78                    1191 	.db #0x78	; 120	'x'
    0000045D 21                    1192 	.db #0x21	; 33
    0000045E 08                    1193 	.db #0x08	; 8
    0000045F 42                    1194 	.db #0x42	; 66	'B'
    00000460 10                    1195 	.db #0x10	; 16
    00000461 84                    1196 	.db #0x84	; 132
    00000462 21                    1197 	.db #0x21	; 33
    00000463 08                    1198 	.db #0x08	; 8
    00000464 42                    1199 	.db #0x42	; 66	'B'
    00000465 11                    1200 	.db #0x11	; 17
    00000466 2E                    1201 	.db #0x2e	; 46
    00000467 E5                    1202 	.db #0xe5	; 229
    00000468 DC                    1203 	.db #0xdc	; 220
    00000469 BB                    1204 	.db #0xbb	; 187
    0000046A 97                    1205 	.db #0x97	; 151
    0000046B 72                    1206 	.db #0x72	; 114	'r'
    0000046C EE                    1207 	.db #0xee	; 238
    0000046D 5D                    1208 	.db #0x5d	; 93
    0000046E CB                    1209 	.db #0xcb	; 203
    0000046F B9                    1210 	.db #0xb9	; 185
    00000470 77                    1211 	.db #0x77	; 119	'w'
    00000471 2E                    1212 	.db #0x2e	; 46
    00000472 E5                    1213 	.db #0xe5	; 229
    00000473 DC                    1214 	.db #0xdc	; 220
    00000474 BB                    1215 	.db #0xbb	; 187
    00000475 97                    1216 	.db #0x97	; 151
    00000476 72                    1217 	.db #0x72	; 114	'r'
    00000477 EE                    1218 	.db #0xee	; 238
    00000478 5D                    1219 	.db #0x5d	; 93
    00000479 C1                    1220 	.db #0xc1	; 193
    0000047A 08                    1221 	.db #0x08	; 8
    0000047B 42                    1222 	.db #0x42	; 66	'B'
    0000047C 10                    1223 	.db #0x10	; 16
    0000047D 84                    1224 	.db #0x84	; 132
    0000047E 21                    1225 	.db #0x21	; 33
    0000047F 08                    1226 	.db #0x08	; 8
    00000480 42                    1227 	.db #0x42	; 66	'B'
    00000481 10                    1228 	.db #0x10	; 16
    00000482 86                    1229 	.db #0x86	; 134
    00000483 E3                    1230 	.db #0xe3	; 227
    00000484 71                    1231 	.db #0x71	; 113	'q'
    00000485 B8                    1232 	.db #0xb8	; 184
    00000486 DC                    1233 	.db #0xdc	; 220
    00000487 6E                    1234 	.db #0x6e	; 110	'n'
    00000488 37                    1235 	.db #0x37	; 55	'7'
    00000489 1B                    1236 	.db #0x1b	; 27
    0000048A 8D                    1237 	.db #0x8d	; 141
    0000048B C6                    1238 	.db #0xc6	; 198
    0000048C E3                    1239 	.db #0xe3	; 227
    0000048D 71                    1240 	.db #0x71	; 113	'q'
    0000048E B8                    1241 	.db #0xb8	; 184
    0000048F DC                    1242 	.db #0xdc	; 220
    00000490 6E                    1243 	.db #0x6e	; 110	'n'
    00000491 3C                    1244 	.db #0x3c	; 60
    00000492 1E                    1245 	.db #0x1e	; 30
    00000493 08                    1246 	.db #0x08	; 8
    00000494 42                    1247 	.db #0x42	; 66	'B'
    00000495 10                    1248 	.db #0x10	; 16
    00000496 84                    1249 	.db #0x84	; 132
    00000497 21                    1250 	.db #0x21	; 33
    00000498 08                    1251 	.db #0x08	; 8
    00000499 42                    1252 	.db #0x42	; 66	'B'
    0000049A 10                    1253 	.db #0x10	; 16
    0000049B 84                    1254 	.db #0x84	; 132
    0000049C 4B                    1255 	.db #0x4b	; 75	'K'
    0000049D A9                    1256 	.db #0xa9	; 169
    0000049E 75                    1257 	.db #0x75	; 117	'u'
    0000049F 2E                    1258 	.db #0x2e	; 46
    000004A0 A5                    1259 	.db #0xa5	; 165
    000004A1 D4                    1260 	.db #0xd4	; 212
    000004A2 BA                    1261 	.db #0xba	; 186
    000004A3 97                    1262 	.db #0x97	; 151
    000004A4 52                    1263 	.db #0x52	; 82	'R'
    000004A5 EA                    1264 	.db #0xea	; 234
    000004A6 5D                    1265 	.db #0x5d	; 93
    000004A7 4B                    1266 	.db #0x4b	; 75	'K'
    000004A8 A9                    1267 	.db #0xa9	; 169
    000004A9 75                    1268 	.db #0x75	; 117	'u'
    000004AA 2E                    1269 	.db #0x2e	; 46
    000004AB E5                    1270 	.db #0xe5	; 229
    000004AC DC                    1271 	.db #0xdc	; 220
    000004AD BB                    1272 	.db #0xbb	; 187
    000004AE 97                    1273 	.db #0x97	; 151
    000004AF 70                    1274 	.db #0x70	; 112	'p'
    000004B0 42                    1275 	.db #0x42	; 66	'B'
    000004B1 10                    1276 	.db #0x10	; 16
    000004B2 84                    1277 	.db #0x84	; 132
    000004B3 21                    1278 	.db #0x21	; 33
    000004B4 08                    1279 	.db #0x08	; 8
    000004B5 42                    1280 	.db #0x42	; 66	'B'
    000004B6 10                    1281 	.db #0x10	; 16
    000004B7 84                    1282 	.db #0x84	; 132
    000004B8 21                    1283 	.db #0x21	; 33
    000004B9 B8                    1284 	.db #0xb8	; 184
    000004BA DC                    1285 	.db #0xdc	; 220
    000004BB 6E                    1286 	.db #0x6e	; 110	'n'
    000004BC 37                    1287 	.db #0x37	; 55	'7'
    000004BD 1B                    1288 	.db #0x1b	; 27
    000004BE 8D                    1289 	.db #0x8d	; 141
    000004BF C6                    1290 	.db #0xc6	; 198
    000004C0 E3                    1291 	.db #0xe3	; 227
    000004C1 71                    1292 	.db #0x71	; 113	'q'
    000004C2 B8                    1293 	.db #0xb8	; 184
    000004C3 DC                    1294 	.db #0xdc	; 220
    000004C4 6E                    1295 	.db #0x6e	; 110	'n'
    000004C5 37                    1296 	.db #0x37	; 55	'7'
    000004C6 1B                    1297 	.db #0x1b	; 27
    000004C7 8D                    1298 	.db #0x8d	; 141
    000004C8 C6                    1299 	.db #0xc6	; 198
    000004C9 E2                    1300 	.db #0xe2	; 226
    000004CA 10                    1301 	.db #0x10	; 16
    000004CB 84                    1302 	.db #0x84	; 132
    000004CC 21                    1303 	.db #0x21	; 33
    000004CD 08                    1304 	.db #0x08	; 8
    000004CE 42                    1305 	.db #0x42	; 66	'B'
    000004CF 10                    1306 	.db #0x10	; 16
    000004D0 84                    1307 	.db #0x84	; 132
    000004D1 21                    1308 	.db #0x21	; 33
    000004D2 12                    1309 	.db #0x12	; 18
    000004D3 E6                    1310 	.db #0xe6	; 230
    000004D4 5C                    1311 	.db #0x5c	; 92
    000004D5 CB                    1312 	.db #0xcb	; 203
    000004D6 99                    1313 	.db #0x99	; 153
    000004D7 73                    1314 	.db #0x73	; 115	's'
    000004D8 2E                    1315 	.db #0x2e	; 46
    000004D9 65                    1316 	.db #0x65	; 101	'e'
    000004DA CC                    1317 	.db #0xcc	; 204
    000004DB B9                    1318 	.db #0xb9	; 185
    000004DC 97                    1319 	.db #0x97	; 151
    000004DD 32                    1320 	.db #0x32	; 50	'2'
    000004DE EA                    1321 	.db #0xea	; 234
    000004DF 5D                    1322 	.db #0x5d	; 93
    000004E0 4B                    1323 	.db #0x4b	; 75	'K'
    000004E1 B9                    1324 	.db #0xb9	; 185
    000004E2 77                    1325 	.db #0x77	; 119	'w'
    000004E3 2E                    1326 	.db #0x2e	; 46
    000004E4 E5                    1327 	.db #0xe5	; 229
    000004E5 DC                    1328 	.db #0xdc	; 220
    000004E6 10                    1329 	.db #0x10	; 16
    000004E7 84                    1330 	.db #0x84	; 132
    000004E8 21                    1331 	.db #0x21	; 33
    000004E9 08                    1332 	.db #0x08	; 8
    000004EA 42                    1333 	.db #0x42	; 66	'B'
    000004EB 10                    1334 	.db #0x10	; 16
    000004EC 84                    1335 	.db #0x84	; 132
    000004ED 21                    1336 	.db #0x21	; 33
    000004EE 08                    1337 	.db #0x08	; 8
    000004EF 6E                    1338 	.db #0x6e	; 110	'n'
    000004F0 37                    1339 	.db #0x37	; 55	'7'
    000004F1 1B                    1340 	.db #0x1b	; 27
    000004F2 8D                    1341 	.db #0x8d	; 141
    000004F3 C6                    1342 	.db #0xc6	; 198
    000004F4 E3                    1343 	.db #0xe3	; 227
    000004F5 71                    1344 	.db #0x71	; 113	'q'
    000004F6 B8                    1345 	.db #0xb8	; 184
    000004F7 DC                    1346 	.db #0xdc	; 220
    000004F8 6E                    1347 	.db #0x6e	; 110	'n'
    000004F9 37                    1348 	.db #0x37	; 55	'7'
    000004FA 1B                    1349 	.db #0x1b	; 27
    000004FB 8D                    1350 	.db #0x8d	; 141
    000004FC C6                    1351 	.db #0xc6	; 198
    000004FD E3                    1352 	.db #0xe3	; 227
    000004FE 71                    1353 	.db #0x71	; 113	'q'
    000004FF B8                    1354 	.db #0xb8	; 184
    00000500 84                    1355 	.db #0x84	; 132
    00000501 21                    1356 	.db #0x21	; 33
    00000502 08                    1357 	.db #0x08	; 8
    00000503 42                    1358 	.db #0x42	; 66	'B'
    00000504 10                    1359 	.db #0x10	; 16
    00000505 84                    1360 	.db #0x84	; 132
    00000506 21                    1361 	.db #0x21	; 33
    00000507 08                    1362 	.db #0x08	; 8
    00000508 44                    1363 	.db #0x44	; 68	'D'
    00000509 B9                    1364 	.db #0xb9	; 185
    0000050A 97                    1365 	.db #0x97	; 151
    0000050B 32                    1366 	.db #0x32	; 50	'2'
    0000050C E6                    1367 	.db #0xe6	; 230
    0000050D 5C                    1368 	.db #0x5c	; 92
    0000050E CB                    1369 	.db #0xcb	; 203
    0000050F 99                    1370 	.db #0x99	; 153
    00000510 73                    1371 	.db #0x73	; 115	's'
    00000511 2E                    1372 	.db #0x2e	; 46
    00000512 65                    1373 	.db #0x65	; 101	'e'
    00000513 CC                    1374 	.db #0xcc	; 204
    00000514 BA                    1375 	.db #0xba	; 186
    00000515 97                    1376 	.db #0x97	; 151
    00000516 52                    1377 	.db #0x52	; 82	'R'
    00000517 EE                    1378 	.db #0xee	; 238
    00000518 5D                    1379 	.db #0x5d	; 93
    00000519 CB                    1380 	.db #0xcb	; 203
    0000051A B9                    1381 	.db #0xb9	; 185
    0000051B 77                    1382 	.db #0x77	; 119	'w'
    0000051C 04                    1383 	.db #0x04	; 4
    0000051D 21                    1384 	.db #0x21	; 33
    0000051E 08                    1385 	.db #0x08	; 8
    0000051F 42                    1386 	.db #0x42	; 66	'B'
    00000520 10                    1387 	.db #0x10	; 16
    00000521 84                    1388 	.db #0x84	; 132
    00000522 21                    1389 	.db #0x21	; 33
    00000523 08                    1390 	.db #0x08	; 8
    00000524 42                    1391 	.db #0x42	; 66	'B'
    00000525 1B                    1392 	.db #0x1b	; 27
    00000526 8D                    1393 	.db #0x8d	; 141
    00000527 C6                    1394 	.db #0xc6	; 198
    00000528 E3                    1395 	.db #0xe3	; 227
    00000529 71                    1396 	.db #0x71	; 113	'q'
    0000052A B8                    1397 	.db #0xb8	; 184
    0000052B DC                    1398 	.db #0xdc	; 220
    0000052C 6E                    1399 	.db #0x6e	; 110	'n'
    0000052D 37                    1400 	.db #0x37	; 55	'7'
    0000052E 1B                    1401 	.db #0x1b	; 27
    0000052F 8D                    1402 	.db #0x8d	; 141
    00000530 C6                    1403 	.db #0xc6	; 198
    00000531 E3                    1404 	.db #0xe3	; 227
    00000532 71                    1405 	.db #0x71	; 113	'q'
    00000533 B8                    1406 	.db #0xb8	; 184
    00000534 DC                    1407 	.db #0xdc	; 220
    00000535 6E                    1408 	.db #0x6e	; 110	'n'
    00000536 21                    1409 	.db #0x21	; 33
    00000537 08                    1410 	.db #0x08	; 8
    00000538 42                    1411 	.db #0x42	; 66	'B'
    00000539 10                    1412 	.db #0x10	; 16
    0000053A 84                    1413 	.db #0x84	; 132
    0000053B 21                    1414 	.db #0x21	; 33
    0000053C 08                    1415 	.db #0x08	; 8
    0000053D 42                    1416 	.db #0x42	; 66	'B'
    0000053E 11                    1417 	.db #0x11	; 17
    0000053F 2E                    1418 	.db #0x2e	; 46
    00000540 65                    1419 	.db #0x65	; 101	'e'
    00000541 CC                    1420 	.db #0xcc	; 204
    00000542 B9                    1421 	.db #0xb9	; 185
    00000543 97                    1422 	.db #0x97	; 151
    00000544 32                    1423 	.db #0x32	; 50	'2'
    00000545 E6                    1424 	.db #0xe6	; 230
    00000546 5C                    1425 	.db #0x5c	; 92
    00000547 CB                    1426 	.db #0xcb	; 203
    00000548 99                    1427 	.db #0x99	; 153
    00000549 73                    1428 	.db #0x73	; 115	's'
    0000054A 2E                    1429 	.db #0x2e	; 46
    0000054B A5                    1430 	.db #0xa5	; 165
    0000054C D4                    1431 	.db #0xd4	; 212
    0000054D BB                    1432 	.db #0xbb	; 187
    0000054E 97                    1433 	.db #0x97	; 151
    0000054F 72                    1434 	.db #0x72	; 114	'r'
    00000550 EE                    1435 	.db #0xee	; 238
    00000551 5D                    1436 	.db #0x5d	; 93
    00000552 C1                    1437 	.db #0xc1	; 193
    00000553 08                    1438 	.db #0x08	; 8
    00000554 42                    1439 	.db #0x42	; 66	'B'
    00000555 10                    1440 	.db #0x10	; 16
    00000556 84                    1441 	.db #0x84	; 132
    00000557 21                    1442 	.db #0x21	; 33
    00000558 08                    1443 	.db #0x08	; 8
    00000559 42                    1444 	.db #0x42	; 66	'B'
    0000055A 10                    1445 	.db #0x10	; 16
    0000055B 86                    1446 	.db #0x86	; 134
    0000055C E3                    1447 	.db #0xe3	; 227
    0000055D 71                    1448 	.db #0x71	; 113	'q'
    0000055E B8                    1449 	.db #0xb8	; 184
    0000055F DC                    1450 	.db #0xdc	; 220
    00000560 6E                    1451 	.db #0x6e	; 110	'n'
    00000561 37                    1452 	.db #0x37	; 55	'7'
    00000562 1B                    1453 	.db #0x1b	; 27
    00000563 8D                    1454 	.db #0x8d	; 141
    00000564 C6                    1455 	.db #0xc6	; 198
    00000565 E3                    1456 	.db #0xe3	; 227
    00000566 71                    1457 	.db #0x71	; 113	'q'
    00000567 B8                    1458 	.db #0xb8	; 184
    00000568 DC                    1459 	.db #0xdc	; 220
    00000569 6E                    1460 	.db #0x6e	; 110	'n'
    0000056A 37                    1461 	.db #0x37	; 55	'7'
    0000056B 1B                    1462 	.db #0x1b	; 27
    0000056C 8D                    1463 	.db #0x8d	; 141
    0000056D 84                    1464 	.db #0x84	; 132
    0000056E 21                    1465 	.db #0x21	; 33
    0000056F 08                    1466 	.db #0x08	; 8
    00000570 42                    1467 	.db #0x42	; 66	'B'
    00000571 10                    1468 	.db #0x10	; 16
    00000572 84                    1469 	.db #0x84	; 132
    00000573 21                    1470 	.db #0x21	; 33
    00000574 08                    1471 	.db #0x08	; 8
    00000575 44                    1472 	.db #0x44	; 68	'D'
    00000576 DB                    1473 	.db #0xdb	; 219
    00000577 6D                    1474 	.db #0x6d	; 109	'm'
    00000578 97                    1475 	.db #0x97	; 151
    00000579 32                    1476 	.db #0x32	; 50	'2'
    0000057A E6                    1477 	.db #0xe6	; 230
    0000057B 5C                    1478 	.db #0x5c	; 92
    0000057C CB                    1479 	.db #0xcb	; 203
    0000057D 99                    1480 	.db #0x99	; 153
    0000057E 73                    1481 	.db #0x73	; 115	's'
    0000057F 2E                    1482 	.db #0x2e	; 46
    00000580 65                    1483 	.db #0x65	; 101	'e'
    00000581 CC                    1484 	.db #0xcc	; 204
    00000582 BA                    1485 	.db #0xba	; 186
    00000583 97                    1486 	.db #0x97	; 151
    00000584 52                    1487 	.db #0x52	; 82	'R'
    00000585 EE                    1488 	.db #0xee	; 238
    00000586 5D                    1489 	.db #0x5d	; 93
    00000587 CB                    1490 	.db #0xcb	; 203
    00000588 B9                    1491 	.db #0xb9	; 185
    00000589 77                    1492 	.db #0x77	; 119	'w'
    0000058A 06                    1493 	.db #0x06	; 6
    0000058B C2                    1494 	.db #0xc2	; 194
    0000058C 10                    1495 	.db #0x10	; 16
    0000058D 84                    1496 	.db #0x84	; 132
    0000058E 21                    1497 	.db #0x21	; 33
    0000058F 08                    1498 	.db #0x08	; 8
    00000590 42                    1499 	.db #0x42	; 66	'B'
    00000591 10                    1500 	.db #0x10	; 16
    00000592 84                    1501 	.db #0x84	; 132
    00000593 21                    1502 	.db #0x21	; 33
    00000594 98                    1503 	.db #0x98	; 152
    00000595 DC                    1504 	.db #0xdc	; 220
    00000596 6E                    1505 	.db #0x6e	; 110	'n'
    00000597 37                    1506 	.db #0x37	; 55	'7'
    00000598 1B                    1507 	.db #0x1b	; 27
    00000599 8D                    1508 	.db #0x8d	; 141
    0000059A C6                    1509 	.db #0xc6	; 198
    0000059B E3                    1510 	.db #0xe3	; 227
    0000059C 71                    1511 	.db #0x71	; 113	'q'
    0000059D B8                    1512 	.db #0xb8	; 184
    0000059E DC                    1513 	.db #0xdc	; 220
    0000059F 6E                    1514 	.db #0x6e	; 110	'n'
    000005A0 37                    1515 	.db #0x37	; 55	'7'
    000005A1 1B                    1516 	.db #0x1b	; 27
    000005A2 8D                    1517 	.db #0x8d	; 141
    000005A3 C6                    1518 	.db #0xc6	; 198
    000005A4 E2                    1519 	.db #0xe2	; 226
    000005A5 10                    1520 	.db #0x10	; 16
    000005A6 84                    1521 	.db #0x84	; 132
    000005A7 21                    1522 	.db #0x21	; 33
    000005A8 08                    1523 	.db #0x08	; 8
    000005A9 42                    1524 	.db #0x42	; 66	'B'
    000005AA 10                    1525 	.db #0x10	; 16
    000005AB 84                    1526 	.db #0x84	; 132
    000005AC 21                    1527 	.db #0x21	; 33
    000005AD 00                    1528 	.db #0x00	; 0
    000005AE                       1529 _dandy_level_4:
    000005AE AA                    1530 	.db #0xaa	; 170
    000005AF AA                    1531 	.db #0xaa	; 170
    000005B0 AA                    1532 	.db #0xaa	; 170
    000005B1 AA                    1533 	.db #0xaa	; 170
    000005B2 AA                    1534 	.db #0xaa	; 170
    000005B3 AA                    1535 	.db #0xaa	; 170
    000005B4 AA                    1536 	.db #0xaa	; 170
    000005B5 AA                    1537 	.db #0xaa	; 170
    000005B6 AA                    1538 	.db #0xaa	; 170
    000005B7 AA                    1539 	.db #0xaa	; 170
    000005B8 AA                    1540 	.db #0xaa	; 170
    000005B9 AA                    1541 	.db #0xaa	; 170
    000005BA AA                    1542 	.db #0xaa	; 170
    000005BB AA                    1543 	.db #0xaa	; 170
    000005BC A3                    1544 	.db #0xa3	; 163
    000005BD AB                    1545 	.db #0xab	; 171
    000005BE 93                    1546 	.db #0x93	; 147
    000005BF C3                    1547 	.db #0xc3	; 195
    000005C0 BF                    1548 	.db #0xbf	; 191
    000005C1 3A                    1549 	.db #0x3a	; 58
    000005C2 3C                    1550 	.db #0x3c	; 60
    000005C3 39                    1551 	.db #0x39	; 57	'9'
    000005C4 F3                    1552 	.db #0xf3	; 243
    000005C5 B2                    1553 	.db #0xb2	; 178
    000005C6 3A                    1554 	.db #0x3a	; 58
    000005C7 F3                    1555 	.db #0xf3	; 243
    000005C8 93                    1556 	.db #0x93	; 147
    000005C9 C3                    1557 	.db #0xc3	; 195
    000005CA BF                    1558 	.db #0xbf	; 191
    000005CB 3A                    1559 	.db #0x3a	; 58
    000005CC 3C                    1560 	.db #0x3c	; 60
    000005CD 3B                    1561 	.db #0x3b	; 59
    000005CE F3                    1562 	.db #0xf3	; 243
    000005CF 93                    1563 	.db #0x93	; 147
    000005D0 C3                    1564 	.db #0xc3	; 195
    000005D1 AF                    1565 	.db #0xaf	; 175
    000005D2 39                    1566 	.db #0x39	; 57	'9'
    000005D3 3C                    1567 	.db #0x3c	; 60
    000005D4 76                    1568 	.db #0x76	; 118	'v'
    000005D5 E9                    1569 	.db #0xe9	; 233
    000005D6 39                    1570 	.db #0x39	; 57	'9'
    000005D7 78                    1571 	.db #0x78	; 120	'x'
    000005D8 ED                    1572 	.db #0xed	; 237
    000005D9 E3                    1573 	.db #0xe3	; 227
    000005DA A7                    1574 	.db #0xa7	; 167
    000005DB 8E                    1575 	.db #0x8e	; 142
    000005DC 5E                    1576 	.db #0x5e	; 94
    000005DD 3B                    1577 	.db #0x3b	; 59
    000005DE 4E                    1578 	.db #0x4e	; 78	'N'
    000005DF 9E                    1579 	.db #0x9e	; 158
    000005E0 39                    1580 	.db #0x39	; 57	'9'
    000005E1 78                    1581 	.db #0x78	; 120	'x'
    000005E2 ED                    1582 	.db #0xed	; 237
    000005E3 E3                    1583 	.db #0xe3	; 227
    000005E4 A7                    1584 	.db #0xa7	; 167
    000005E5 8E                    1585 	.db #0x8e	; 142
    000005E6 DE                    1586 	.db #0xde	; 222
    000005E7 39                    1587 	.db #0x39	; 57	'9'
    000005E8 78                    1588 	.db #0x78	; 120	'x'
    000005E9 E9                    1589 	.db #0xe9	; 233
    000005EA E3                    1590 	.db #0xe3	; 227
    000005EB 97                    1591 	.db #0x97	; 151
    000005EC 8E                    1592 	.db #0x8e	; 142
    000005ED FA                    1593 	.db #0xfa	; 250
    000005EE 23                    1594 	.db #0x23	; 35
    000005EF 9F                    1595 	.db #0x9f	; 159
    000005F0 3B                    1596 	.db #0x3b	; 59
    000005F1 3C                    1597 	.db #0x3c	; 60
    000005F2 3A                    1598 	.db #0x3a	; 58
    000005F3 F3                    1599 	.db #0xf3	; 243
    000005F4 93                    1600 	.db #0x93	; 147
    000005F5 C3                    1601 	.db #0xc3	; 195
    000005F6 BB                    1602 	.db #0xbb	; 187
    000005F7 A3                    1603 	.db #0xa3	; 163
    000005F8 C3                    1604 	.db #0xc3	; 195
    000005F9 9F                    1605 	.db #0x9f	; 159
    000005FA 3B                    1606 	.db #0x3b	; 59
    000005FB 3C                    1607 	.db #0x3c	; 60
    000005FC 3A                    1608 	.db #0x3a	; 58
    000005FD F3                    1609 	.db #0xf3	; 243
    000005FE B3                    1610 	.db #0xb3	; 179
    000005FF C3                    1611 	.db #0xc3	; 195
    00000600 9F                    1612 	.db #0x9f	; 159
    00000601 3A                    1613 	.db #0x3a	; 58
    00000602 3C                    1614 	.db #0x3c	; 60
    00000603 39                    1615 	.db #0x39	; 57	'9'
    00000604 F3                    1616 	.db #0xf3	; 243
    00000605 B7                    1617 	.db #0xb7	; 183
    00000606 9E                    1618 	.db #0x9e	; 158
    00000607 79                    1619 	.db #0x79	; 121	'y'
    00000608 55                    1620 	.db #0x55	; 85	'U'
    00000609 55                    1621 	.db #0x55	; 85	'U'
    0000060A 55                    1622 	.db #0x55	; 85	'U'
    0000060B 79                    1623 	.db #0x79	; 121	'y'
    0000060C E7                    1624 	.db #0xe7	; 231
    0000060D 95                    1625 	.db #0x95	; 149
    0000060E 57                    1626 	.db #0x57	; 87	'W'
    0000060F 9E                    1627 	.db #0x9e	; 158
    00000610 79                    1628 	.db #0x79	; 121	'y'
    00000611 55                    1629 	.db #0x55	; 85	'U'
    00000612 55                    1630 	.db #0x55	; 85	'U'
    00000613 79                    1631 	.db #0x79	; 121	'y'
    00000614 E7                    1632 	.db #0xe7	; 231
    00000615 95                    1633 	.db #0x95	; 149
    00000616 55                    1634 	.db #0x55	; 85	'U'
    00000617 57                    1635 	.db #0x57	; 87	'W'
    00000618 9E                    1636 	.db #0x9e	; 158
    00000619 79                    1637 	.db #0x79	; 121	'y'
    0000061A 55                    1638 	.db #0x55	; 85	'U'
    0000061B 57                    1639 	.db #0x57	; 87	'W'
    0000061C 46                    1640 	.db #0x46	; 70	'F'
    0000061D 47                    1641 	.db #0x47	; 71	'G'
    0000061E 7E                    1642 	.db #0x7e	; 126
    0000061F 72                    1643 	.db #0x72	; 114	'r'
    00000620 78                    1644 	.db #0x78	; 120	'x'
    00000621 75                    1645 	.db #0x75	; 117	'u'
    00000622 E7                    1646 	.db #0xe7	; 231
    00000623 67                    1647 	.db #0x67	; 103	'g'
    00000624 87                    1648 	.db #0x87	; 135
    00000625 57                    1649 	.db #0x57	; 87	'W'
    00000626 64                    1650 	.db #0x64	; 100	'd'
    00000627 73                    1651 	.db #0x73	; 115	's'
    00000628 E7                    1652 	.db #0xe7	; 231
    00000629 67                    1653 	.db #0x67	; 103	'g'
    0000062A 87                    1654 	.db #0x87	; 135
    0000062B 3E                    1655 	.db #0x3e	; 62
    0000062C 76                    1656 	.db #0x76	; 118	'v'
    0000062D 78                    1657 	.db #0x78	; 120	'x'
    0000062E 75                    1658 	.db #0x75	; 117	'u'
    0000062F 76                    1659 	.db #0x76	; 118	'v'
    00000630 78                    1660 	.db #0x78	; 120	'x'
    00000631 73                    1661 	.db #0x73	; 115	's'
    00000632 E7                    1662 	.db #0xe7	; 231
    00000633 47                    1663 	.db #0x47	; 71	'G'
    00000634 4C                    1664 	.db #0x4c	; 76	'L'
    00000635 9D                    1665 	.db #0x9d	; 157
    00000636 BC                    1666 	.db #0xbc	; 188
    00000637 72                    1667 	.db #0x72	; 114	'r'
    00000638 F1                    1668 	.db #0xf1	; 241
    00000639 D3                    1669 	.db #0xd3	; 211
    0000063A C7                    1670 	.db #0xc7	; 199
    0000063B 6F                    1671 	.db #0x6f	; 111	'o'
    0000063C 1D                    1672 	.db #0x1d	; 29
    0000063D 27                    1673 	.db #0x27	; 39
    0000063E 69                    1674 	.db #0x69	; 105	'i'
    0000063F CB                    1675 	.db #0xcb	; 203
    00000640 C7                    1676 	.db #0xc7	; 199
    00000641 6F                    1677 	.db #0x6f	; 111	'o'
    00000642 1C                    1678 	.db #0x1c	; 28
    00000643 BC                    1679 	.db #0xbc	; 188
    00000644 76                    1680 	.db #0x76	; 118	'v'
    00000645 F1                    1681 	.db #0xf1	; 241
    00000646 D2                    1682 	.db #0xd2	; 210
    00000647 76                    1683 	.db #0x76	; 118	'v'
    00000648 F1                    1684 	.db #0xf1	; 241
    00000649 CB                    1685 	.db #0xcb	; 203
    0000064A C7                    1686 	.db #0xc7	; 199
    0000064B 47                    1687 	.db #0x47	; 71	'G'
    0000064C 59                    1688 	.db #0x59	; 89	'Y'
    0000064D 76                    1689 	.db #0x76	; 118	'v'
    0000064E 78                    1690 	.db #0x78	; 120	'x'
    0000064F 73                    1691 	.db #0x73	; 115	's'
    00000650 E7                    1692 	.db #0xe7	; 231
    00000651 47                    1693 	.db #0x47	; 71	'G'
    00000652 87                    1694 	.db #0x87	; 135
    00000653 7E                    1695 	.db #0x7e	; 126
    00000654 74                    1696 	.db #0x74	; 116	't'
    00000655 5A                    1697 	.db #0x5a	; 90	'Z'
    00000656 BB                    1698 	.db #0xbb	; 187
    00000657 B9                    1699 	.db #0xb9	; 185
    00000658 3C                    1700 	.db #0x3c	; 60
    00000659 3B                    1701 	.db #0x3b	; 59
    0000065A F3                    1702 	.db #0xf3	; 243
    0000065B 93                    1703 	.db #0x93	; 147
    0000065C C3                    1704 	.db #0xc3	; 195
    0000065D BF                    1705 	.db #0xbf	; 191
    0000065E 3A                    1706 	.db #0x3a	; 58
    0000065F 23                    1707 	.db #0x23	; 35
    00000660 BF                    1708 	.db #0xbf	; 191
    00000661 39                    1709 	.db #0x39	; 57	'9'
    00000662 3C                    1710 	.db #0x3c	; 60
    00000663 75                    1711 	.db #0x75	; 117	'u'
    00000664 E7                    1712 	.db #0xe7	; 231
    00000665 9E                    1713 	.db #0x9e	; 158
    00000666 55                    1714 	.db #0x55	; 85	'U'
    00000667 55                    1715 	.db #0x55	; 85	'U'
    00000668 55                    1716 	.db #0x55	; 85	'U'
    00000669 55                    1717 	.db #0x55	; 85	'U'
    0000066A 55                    1718 	.db #0x55	; 85	'U'
    0000066B 55                    1719 	.db #0x55	; 85	'U'
    0000066C 55                    1720 	.db #0x55	; 85	'U'
    0000066D 55                    1721 	.db #0x55	; 85	'U'
    0000066E 55                    1722 	.db #0x55	; 85	'U'
    0000066F 5E                    1723 	.db #0x5e	; 94
    00000670 79                    1724 	.db #0x79	; 121	'y'
    00000671 E5                    1725 	.db #0xe5	; 229
    00000672 E7                    1726 	.db #0xe7	; 231
    00000673 9E                    1727 	.db #0x9e	; 158
    00000674 55                    1728 	.db #0x55	; 85	'U'
    00000675 55                    1729 	.db #0x55	; 85	'U'
    00000676 5E                    1730 	.db #0x5e	; 94
    00000677 78                    1731 	.db #0x78	; 120	'x'
    00000678 73                    1732 	.db #0x73	; 115	's'
    00000679 72                    1733 	.db #0x72	; 114	'r'
    0000067A 78                    1734 	.db #0x78	; 120	'x'
    0000067B 77                    1735 	.db #0x77	; 119	'w'
    0000067C E7                    1736 	.db #0xe7	; 231
    0000067D 44                    1737 	.db #0x44	; 68	'D'
    0000067E 75                    1738 	.db #0x75	; 117	'u'
    0000067F E7                    1739 	.db #0xe7	; 231
    00000680 27                    1740 	.db #0x27	; 39
    00000681 87                    1741 	.db #0x87	; 135
    00000682 7E                    1742 	.db #0x7e	; 126
    00000683 74                    1743 	.db #0x74	; 116	't'
    00000684 78                    1744 	.db #0x78	; 120	'x'
    00000685 73                    1745 	.db #0x73	; 115	's'
    00000686 E7                    1746 	.db #0xe7	; 231
    00000687 44                    1747 	.db #0x44	; 68	'D'
    00000688 75                    1748 	.db #0x75	; 117	'u'
    00000689 E7                    1749 	.db #0xe7	; 231
    0000068A 24                    1750 	.db #0x24	; 36
    0000068B 73                    1751 	.db #0x73	; 115	's'
    0000068C E7                    1752 	.db #0xe7	; 231
    0000068D 44                    1753 	.db #0x44	; 68	'D'
    0000068E ED                    1754 	.db #0xed	; 237
    0000068F CA                    1755 	.db #0xca	; 202
    00000690 72                    1756 	.db #0x72	; 114	'r'
    00000691 F1                    1757 	.db #0xf1	; 241
    00000692 DB                    1758 	.db #0xdb	; 219
    00000693 C7                    1759 	.db #0xc7	; 199
    00000694 49                    1760 	.db #0x49	; 73	'I'
    00000695 D3                    1761 	.db #0xd3	; 211
    00000696 C7                    1762 	.db #0xc7	; 199
    00000697 2F                    1763 	.db #0x2f	; 47
    00000698 1D                    1764 	.db #0x1d	; 29
    00000699 BC                    1765 	.db #0xbc	; 188
    0000069A 74                    1766 	.db #0x74	; 116	't'
    0000069B F1                    1767 	.db #0xf1	; 241
    0000069C CB                    1768 	.db #0xcb	; 203
    0000069D C7                    1769 	.db #0xc7	; 199
    0000069E 49                    1770 	.db #0x49	; 73	'I'
    0000069F D3                    1771 	.db #0xd3	; 211
    000006A0 C7                    1772 	.db #0xc7	; 199
    000006A1 29                    1773 	.db #0x29	; 41
    000006A2 CB                    1774 	.db #0xcb	; 203
    000006A3 C7                    1775 	.db #0xc7	; 199
    000006A4 49                    1776 	.db #0x49	; 73	'I'
    000006A5 DF                    1777 	.db #0xdf	; 223
    000006A6 24                    1778 	.db #0x24	; 36
    000006A7 73                    1779 	.db #0x73	; 115	's'
    000006A8 E7                    1780 	.db #0xe7	; 231
    000006A9 67                    1781 	.db #0x67	; 103	'g'
    000006AA 87                    1782 	.db #0x87	; 135
    000006AB 57                    1783 	.db #0x57	; 87	'W'
    000006AC 47                    1784 	.db #0x47	; 71	'G'
    000006AD 87                    1785 	.db #0x87	; 135
    000006AE 3E                    1786 	.db #0x3e	; 62
    000006AF 76                    1787 	.db #0x76	; 118	'v'
    000006B0 78                    1788 	.db #0x78	; 120	'x'
    000006B1 75                    1789 	.db #0x75	; 117	'u'
    000006B2 E7                    1790 	.db #0xe7	; 231
    000006B3 27                    1791 	.db #0x27	; 39
    000006B4 87                    1792 	.db #0x87	; 135
    000006B5 57                    1793 	.db #0x57	; 87	'W'
    000006B6 47                    1794 	.db #0x47	; 71	'G'
    000006B7 87                    1795 	.db #0x87	; 135
    000006B8 37                    1796 	.db #0x37	; 55	'7'
    000006B9 27                    1797 	.db #0x27	; 39
    000006BA 87                    1798 	.db #0x87	; 135
    000006BB 57                    1799 	.db #0x57	; 87	'W'
    000006BC 6F                    1800 	.db #0x6f	; 111	'o'
    000006BD 3C                    1801 	.db #0x3c	; 60
    000006BE F2                    1802 	.db #0xf2	; 242
    000006BF F3                    1803 	.db #0xf3	; 243
    000006C0 CF                    1804 	.db #0xcf	; 207
    000006C1 2F                    1805 	.db #0x2f	; 47
    000006C2 3C                    1806 	.db #0x3c	; 60
    000006C3 F2                    1807 	.db #0xf2	; 242
    000006C4 F3                    1808 	.db #0xf3	; 243
    000006C5 CF                    1809 	.db #0xcf	; 207
    000006C6 2A                    1810 	.db #0x2a	; 42
    000006C7 AA                    1811 	.db #0xaa	; 170
    000006C8 AA                    1812 	.db #0xaa	; 170
    000006C9 AA                    1813 	.db #0xaa	; 170
    000006CA AF                    1814 	.db #0xaf	; 175
    000006CB 3C                    1815 	.db #0x3c	; 60
    000006CC F2                    1816 	.db #0xf2	; 242
    000006CD AA                    1817 	.db #0xaa	; 170
    000006CE F3                    1818 	.db #0xf3	; 243
    000006CF CF                    1819 	.db #0xcf	; 207
    000006D0 2A                    1820 	.db #0x2a	; 42
    000006D1 AF                    1821 	.db #0xaf	; 175
    000006D2 3C                    1822 	.db #0x3c	; 60
    000006D3 F2                    1823 	.db #0xf2	; 242
    000006D4 F3                    1824 	.db #0xf3	; 243
    000006D5 CF                    1825 	.db #0xcf	; 207
    000006D6 2C                    1826 	.db #0x2c	; 44
    000006D7 B2                    1827 	.db #0xb2	; 178
    000006D8 EC                    1828 	.db #0xec	; 236
    000006D9 8E                    1829 	.db #0x8e	; 142
    000006DA AE                    1830 	.db #0xae	; 174
    000006DB 4F                    1831 	.db #0x4f	; 79	'O'
    000006DC 0E                    1832 	.db #0x0e	; 14
    000006DD BC                    1833 	.db #0xbc	; 188
    000006DE EC                    1834 	.db #0xec	; 236
    000006DF F0                    1835 	.db #0xf0	; 240
    000006E0 E7                    1836 	.db #0xe7	; 231
    000006E1 CE                    1837 	.db #0xce	; 206
    000006E2 88                    1838 	.db #0x88	; 136
    000006E3 E7                    1839 	.db #0xe7	; 231
    000006E4 CE                    1840 	.db #0xce	; 206
    000006E5 8F                    1841 	.db #0x8f	; 143
    000006E6 0E                    1842 	.db #0x0e	; 14
    000006E7 FC                    1843 	.db #0xfc	; 252
    000006E8 E4                    1844 	.db #0xe4	; 228
    000006E9 F0                    1845 	.db #0xf0	; 240
    000006EA E7                    1846 	.db #0xe7	; 231
    000006EB CE                    1847 	.db #0xce	; 206
    000006EC CF                    1848 	.db #0xcf	; 207
    000006ED 0E                    1849 	.db #0x0e	; 14
    000006EE 6E                    1850 	.db #0x6e	; 110	'n'
    000006EF 4E                    1851 	.db #0x4e	; 78	'N'
    000006F0 D3                    1852 	.db #0xd3	; 211
    000006F1 A4                    1853 	.db #0xa4	; 164
    000006F2 E5                    1854 	.db #0xe5	; 229
    000006F3 E3                    1855 	.db #0xe3	; 227
    000006F4 A7                    1856 	.db #0xa7	; 167
    000006F5 8E                    1857 	.db #0x8e	; 142
    000006F6 DE                    1858 	.db #0xde	; 222
    000006F7 39                    1859 	.db #0x39	; 57	'9'
    000006F8 78                    1860 	.db #0x78	; 120	'x'
    000006F9 E9                    1861 	.db #0xe9	; 233
    000006FA 39                    1862 	.db #0x39	; 57	'9'
    000006FB 78                    1863 	.db #0x78	; 120	'x'
    000006FC E9                    1864 	.db #0xe9	; 233
    000006FD E3                    1865 	.db #0xe3	; 227
    000006FE B7                    1866 	.db #0xb7	; 183
    000006FF 8E                    1867 	.db #0x8e	; 142
    00000700 5E                    1868 	.db #0x5e	; 94
    00000701 39                    1869 	.db #0x39	; 57	'9'
    00000702 78                    1870 	.db #0x78	; 120	'x'
    00000703 ED                    1871 	.db #0xed	; 237
    00000704 E3                    1872 	.db #0xe3	; 227
    00000705 94                    1873 	.db #0x94	; 148
    00000706 E7                    1874 	.db #0xe7	; 231
    00000707 67                    1875 	.db #0x67	; 103	'g'
    00000708 77                    1876 	.db #0x77	; 119	'w'
    00000709 4D                    1877 	.db #0x4d	; 77	'M'
    0000070A AD                    1878 	.db #0xad	; 173
    0000070B 9C                    1879 	.db #0x9c	; 156
    0000070C F9                    1880 	.db #0xf9	; 249
    0000070D D3                    1881 	.db #0xd3	; 211
    0000070E 6F                    1882 	.db #0x6f	; 111	'o'
    0000070F 36                    1883 	.db #0x36	; 54	'6'
    00000710 77                    1884 	.db #0x77	; 119	'w'
    00000711 E7                    1885 	.db #0xe7	; 231
    00000712 2D                    1886 	.db #0x2d	; 45
    00000713 BC                    1887 	.db #0xbc	; 188
    00000714 D9                    1888 	.db #0xd9	; 217
    00000715 D5                    1889 	.db #0xd5	; 213
    00000716 CB                    1890 	.db #0xcb	; 203
    00000717 6F                    1891 	.db #0x6f	; 111	'o'
    00000718 36                    1892 	.db #0x36	; 54	'6'
    00000719 75                    1893 	.db #0x75	; 117	'u'
    0000071A E7                    1894 	.db #0xe7	; 231
    0000071B 6D                    1895 	.db #0x6d	; 109	'm'
    0000071C BC                    1896 	.db #0xbc	; 188
    0000071D D9                    1897 	.db #0xd9	; 217
    0000071E CF                    1898 	.db #0xcf	; 207
    0000071F 9C                    1899 	.db #0x9c	; 156
    00000720 B6                    1900 	.db #0xb6	; 182
    00000721 F3                    1901 	.db #0xf3	; 243
    00000722 67                    1902 	.db #0x67	; 103	'g'
    00000723 7E                    1903 	.db #0x7e	; 126
    00000724 72                    1904 	.db #0x72	; 114	'r'
    00000725 DA                    1905 	.db #0xda	; 218
    00000726 DB                    1906 	.db #0xdb	; 219
    00000727 9F                    1907 	.db #0x9f	; 159
    00000728 3C                    1908 	.db #0x3c	; 60
    00000729 F2                    1909 	.db #0xf2	; 242
    0000072A F3                    1910 	.db #0xf3	; 243
    0000072B CF                    1911 	.db #0xcf	; 207
    0000072C 2F                    1912 	.db #0x2f	; 47
    0000072D 3C                    1913 	.db #0x3c	; 60
    0000072E F2                    1914 	.db #0xf2	; 242
    0000072F AA                    1915 	.db #0xaa	; 170
    00000730 AA                    1916 	.db #0xaa	; 170
    00000731 AA                    1917 	.db #0xaa	; 170
    00000732 F3                    1918 	.db #0xf3	; 243
    00000733 CF                    1919 	.db #0xcf	; 207
    00000734 2F                    1920 	.db #0x2f	; 47
    00000735 3C                    1921 	.db #0x3c	; 60
    00000736 F2                    1922 	.db #0xf2	; 242
    00000737 F3                    1923 	.db #0xf3	; 243
    00000738 CF                    1924 	.db #0xcf	; 207
    00000739 2F                    1925 	.db #0x2f	; 47
    0000073A 3C                    1926 	.db #0x3c	; 60
    0000073B F2                    1927 	.db #0xf2	; 242
    0000073C AA                    1928 	.db #0xaa	; 170
    0000073D F3                    1929 	.db #0xf3	; 243
    0000073E CF                    1930 	.db #0xcf	; 207
    0000073F 2A                    1931 	.db #0x2a	; 42
    00000740 AA                    1932 	.db #0xaa	; 170
    00000741 AF                    1933 	.db #0xaf	; 175
    00000742 3C                    1934 	.db #0x3c	; 60
    00000743 3A                    1935 	.db #0x3a	; 58
    00000744 BB                    1936 	.db #0xbb	; 187
    00000745 23                    1937 	.db #0x23	; 35
    00000746 BB                    1938 	.db #0xbb	; 187
    00000747 93                    1939 	.db #0x93	; 147
    00000748 C3                    1940 	.db #0xc3	; 195
    00000749 AB                    1941 	.db #0xab	; 171
    0000074A 92                    1942 	.db #0x92	; 146
    0000074B 10                    1943 	.db #0x10	; 16
    0000074C 8E                    1944 	.db #0x8e	; 142
    0000074D 6E                    1945 	.db #0x6e	; 110	'n'
    0000074E 8F                    1946 	.db #0x8f	; 143
    0000074F 0E                    1947 	.db #0x0e	; 14
    00000750 BC                    1948 	.db #0xbc	; 188
    00000751 EC                    1949 	.db #0xec	; 236
    00000752 8E                    1950 	.db #0x8e	; 142
    00000753 7C                    1951 	.db #0x7c	; 124
    00000754 EC                    1952 	.db #0xec	; 236
    00000755 F1                    1953 	.db #0xf1	; 241
    00000756 D3                    1954 	.db #0xd3	; 211
    00000757 A4                    1955 	.db #0xa4	; 164
    00000758 ED                    1956 	.db #0xed	; 237
    00000759 3B                    1957 	.db #0x3b	; 59
    0000075A 4E                    1958 	.db #0x4e	; 78	'N'
    0000075B 5E                    1959 	.db #0x5e	; 94
    0000075C 3A                    1960 	.db #0x3a	; 58
    0000075D 4E                    1961 	.db #0x4e	; 78	'N'
    0000075E 50                    1962 	.db #0x50	; 80	'P'
    0000075F 84                    1963 	.db #0x84	; 132
    00000760 E5                    1964 	.db #0xe5	; 229
    00000761 3A                    1965 	.db #0x3a	; 58
    00000762 78                    1966 	.db #0x78	; 120	'x'
    00000763 E9                    1967 	.db #0xe9	; 233
    00000764 E3                    1968 	.db #0xe3	; 227
    00000765 B4                    1969 	.db #0xb4	; 180
    00000766 E5                    1970 	.db #0xe5	; 229
    00000767 E3                    1971 	.db #0xe3	; 227
    00000768 B7                    1972 	.db #0xb7	; 183
    00000769 8E                    1973 	.db #0x8e	; 142
    0000076A BA                    1974 	.db #0xba	; 186
    0000076B 23                    1975 	.db #0x23	; 35
    0000076C BB                    1976 	.db #0xbb	; 187
    0000076D B2                    1977 	.db #0xb2	; 178
    0000076E 39                    1978 	.db #0x39	; 57	'9'
    0000076F F3                    1979 	.db #0xf3	; 243
    00000770 A2                    1980 	.db #0xa2	; 162
    00000771 39                    1981 	.db #0x39	; 57	'9'
    00000772 9A                    1982 	.db #0x9a	; 154
    00000773 26                    1983 	.db #0x26	; 38
    00000774 6B                    1984 	.db #0x6b	; 107	'k'
    00000775 92                    1985 	.db #0x92	; 146
    00000776 3A                    1986 	.db #0x3a	; 58
    00000777 F3                    1987 	.db #0xf3	; 243
    00000778 A3                    1988 	.db #0xa3	; 163
    00000779 C3                    1989 	.db #0xc3	; 195
    0000077A BB                    1990 	.db #0xbb	; 187
    0000077B 93                    1991 	.db #0x93	; 147
    0000077C C3                    1992 	.db #0xc3	; 195
    0000077D BF                    1993 	.db #0xbf	; 191
    0000077E 3A                    1994 	.db #0x3a	; 58
    0000077F 79                    1995 	.db #0x79	; 121	'y'
    00000780 E7                    1996 	.db #0xe7	; 231
    00000781 97                    1997 	.db #0x97	; 151
    00000782 9E                    1998 	.db #0x9e	; 158
    00000783 79                    1999 	.db #0x79	; 121	'y'
    00000784 79                    2000 	.db #0x79	; 121	'y'
    00000785 E7                    2001 	.db #0xe7	; 231
    00000786 97                    2002 	.db #0x97	; 151
    00000787 9E                    2003 	.db #0x9e	; 158
    00000788 79                    2004 	.db #0x79	; 121	'y'
    00000789 55                    2005 	.db #0x55	; 85	'U'
    0000078A 79                    2006 	.db #0x79	; 121	'y'
    0000078B E7                    2007 	.db #0xe7	; 231
    0000078C 95                    2008 	.db #0x95	; 149
    0000078D 55                    2009 	.db #0x55	; 85	'U'
    0000078E 57                    2010 	.db #0x57	; 87	'W'
    0000078F 9E                    2011 	.db #0x9e	; 158
    00000790 79                    2012 	.db #0x79	; 121	'y'
    00000791 79                    2013 	.db #0x79	; 121	'y'
    00000792 E7                    2014 	.db #0xe7	; 231
    00000793 97                    2015 	.db #0x97	; 151
    00000794 9E                    2016 	.db #0x9e	; 158
    00000795 79                    2017 	.db #0x79	; 121	'y'
    00000796 55                    2018 	.db #0x55	; 85	'U'
    00000797 79                    2019 	.db #0x79	; 121	'y'
    00000798 E7                    2020 	.db #0xe7	; 231
    00000799 95                    2021 	.db #0x95	; 149
    0000079A 57                    2022 	.db #0x57	; 87	'W'
    0000079B 9E                    2023 	.db #0x9e	; 158
    0000079C 72                    2024 	.db #0x72	; 114	'r'
    0000079D 47                    2025 	.db #0x47	; 71	'G'
    0000079E 37                    2026 	.db #0x37	; 55	'7'
    0000079F 47                    2027 	.db #0x47	; 71	'G'
    000007A0 87                    2028 	.db #0x87	; 135
    000007A1 3E                    2029 	.db #0x3e	; 62
    000007A2 76                    2030 	.db #0x76	; 118	'v'
    000007A3 47                    2031 	.db #0x47	; 71	'G'
    000007A4 5E                    2032 	.db #0x5e	; 94
    000007A5 72                    2033 	.db #0x72	; 114	'r'
    000007A6 78                    2034 	.db #0x78	; 120	'x'
    000007A7 75                    2035 	.db #0x75	; 117	'u'
    000007A8 E7                    2036 	.db #0xe7	; 231
    000007A9 27                    2037 	.db #0x27	; 39
    000007AA 87                    2038 	.db #0x87	; 135
    000007AB 77                    2039 	.db #0x77	; 119	'w'
    000007AC 44                    2040 	.db #0x44	; 68	'D'
    000007AD 77                    2041 	.db #0x77	; 119	'w'
    000007AE E7                    2042 	.db #0xe7	; 231
    000007AF 44                    2043 	.db #0x44	; 68	'D'
    000007B0 73                    2044 	.db #0x73	; 115	's'
    000007B1 E7                    2045 	.db #0xe7	; 231
    000007B2 47                    2046 	.db #0x47	; 71	'G'
    000007B3 29                    2047 	.db #0x29	; 41
    000007B4 CA                    2048 	.db #0xca	; 202
    000007B5 74                    2049 	.db #0x74	; 116	't'
    000007B6 F1                    2050 	.db #0xf1	; 241
    000007B7 CB                    2051 	.db #0xcb	; 203
    000007B8 C7                    2052 	.db #0xc7	; 199
    000007B9 69                    2053 	.db #0x69	; 105	'i'
    000007BA D3                    2054 	.db #0xd3	; 211
    000007BB C7                    2055 	.db #0xc7	; 199
    000007BC 2F                    2056 	.db #0x2f	; 47
    000007BD 1D                    2057 	.db #0x1d	; 29
    000007BE 3C                    2058 	.db #0x3c	; 60
    000007BF 72                    2059 	.db #0x72	; 114	'r'
    000007C0 F1                    2060 	.db #0xf1	; 241
    000007C1 DA                    2061 	.db #0xda	; 218
    000007C2 74                    2062 	.db #0x74	; 116	't'
    000007C3 9D                    2063 	.db #0x9d	; 157
    000007C4 BC                    2064 	.db #0xbc	; 188
    000007C5 74                    2065 	.db #0x74	; 116	't'
    000007C6 9C                    2066 	.db #0x9c	; 156
    000007C7 BC                    2067 	.db #0xbc	; 188
    000007C8 74                    2068 	.db #0x74	; 116	't'
    000007C9 73                    2069 	.db #0x73	; 115	's'
    000007CA 72                    2070 	.db #0x72	; 114	'r'
    000007CB 47                    2071 	.db #0x47	; 71	'G'
    000007CC 5E                    2072 	.db #0x5e	; 94
    000007CD 72                    2073 	.db #0x72	; 114	'r'
    000007CE 78                    2074 	.db #0x78	; 120	'x'
    000007CF 77                    2075 	.db #0x77	; 119	'w'
    000007D0 74                    2076 	.db #0x74	; 116	't'
    000007D1 78                    2077 	.db #0x78	; 120	'x'
    000007D2 73                    2078 	.db #0x73	; 115	's'
    000007D3 E7                    2079 	.db #0xe7	; 231
    000007D4 47                    2080 	.db #0x47	; 71	'G'
    000007D5 87                    2081 	.db #0x87	; 135
    000007D6 3E                    2082 	.db #0x3e	; 62
    000007D7 76                    2083 	.db #0x76	; 118	'v'
    000007D8 47                    2084 	.db #0x47	; 71	'G'
    000007D9 57                    2085 	.db #0x57	; 87	'W'
    000007DA 67                    2086 	.db #0x67	; 103	'g'
    000007DB 87                    2087 	.db #0x87	; 135
    000007DC 57                    2088 	.db #0x57	; 87	'W'
    000007DD 27                    2089 	.db #0x27	; 39
    000007DE 8E                    2090 	.db #0x8e	; 142
    000007DF BC                    2091 	.db #0xbc	; 188
    000007E0 F3                    2092 	.db #0xf3	; 243
    000007E1 CB                    2093 	.db #0xcb	; 203
    000007E2 CF                    2094 	.db #0xcf	; 207
    000007E3 3C                    2095 	.db #0x3c	; 60
    000007E4 AA                    2096 	.db #0xaa	; 170
    000007E5 BC                    2097 	.db #0xbc	; 188
    000007E6 F3                    2098 	.db #0xf3	; 243
    000007E7 CA                    2099 	.db #0xca	; 202
    000007E8 AA                    2100 	.db #0xaa	; 170
    000007E9 AA                    2101 	.db #0xaa	; 170
    000007EA AA                    2102 	.db #0xaa	; 170
    000007EB AA                    2103 	.db #0xaa	; 170
    000007EC AA                    2104 	.db #0xaa	; 170
    000007ED AA                    2105 	.db #0xaa	; 170
    000007EE AB                    2106 	.db #0xab	; 171
    000007EF CF                    2107 	.db #0xcf	; 207
    000007F0 3C                    2108 	.db #0x3c	; 60
    000007F1 BC                    2109 	.db #0xbc	; 188
    000007F2 F3                    2110 	.db #0xf3	; 243
    000007F3 CA                    2111 	.db #0xca	; 202
    000007F4 AB                    2112 	.db #0xab	; 171
    000007F5 CF                    2113 	.db #0xcf	; 207
    000007F6 0E                    2114 	.db #0x0e	; 14
    000007F7 FC                    2115 	.db #0xfc	; 252
    000007F8 E8                    2116 	.db #0xe8	; 232
    000007F9 8E                    2117 	.db #0x8e	; 142
    000007FA BC                    2118 	.db #0xbc	; 188
    000007FB EC                    2119 	.db #0xec	; 236
    000007FC F0                    2120 	.db #0xf0	; 240
    000007FD EB                    2121 	.db #0xeb	; 235
    000007FE CE                    2122 	.db #0xce	; 206
    000007FF 4F                    2123 	.db #0x4f	; 79	'O'
    00000800 0E                    2124 	.db #0x0e	; 14
    00000801 FC                    2125 	.db #0xfc	; 252
    00000802 E8                    2126 	.db #0xe8	; 232
    00000803 F0                    2127 	.db #0xf0	; 240
    00000804 E7                    2128 	.db #0xe7	; 231
    00000805 CE                    2129 	.db #0xce	; 206
    00000806 CF                    2130 	.db #0xcf	; 207
    00000807 0E                    2131 	.db #0x0e	; 14
    00000808 BC                    2132 	.db #0xbc	; 188
    00000809 E4                    2133 	.db #0xe4	; 228
    0000080A 8E                    2134 	.db #0x8e	; 142
    0000080B 6E                    2135 	.db #0x6e	; 110	'n'
    0000080C 8F                    2136 	.db #0x8f	; 143
    0000080D 1D                    2137 	.db #0x1d	; 29
    0000080E BB                    2138 	.db #0xbb	; 187
    0000080F 78                    2139 	.db #0x78	; 120	'x'
    00000810 E9                    2140 	.db #0xe9	; 233
    00000811 3A                    2141 	.db #0x3a	; 58
    00000812 78                    2142 	.db #0x78	; 120	'x'
    00000813 ED                    2143 	.db #0xed	; 237
    00000814 E3                    2144 	.db #0xe3	; 227
    00000815 A7                    2145 	.db #0xa7	; 167
    00000816 8E                    2146 	.db #0x8e	; 142
    00000817 5E                    2147 	.db #0x5e	; 94
    00000818 3B                    2148 	.db #0x3b	; 59
    00000819 78                    2149 	.db #0x78	; 120	'x'
    0000081A E9                    2150 	.db #0xe9	; 233
    0000081B E3                    2151 	.db #0xe3	; 227
    0000081C 97                    2152 	.db #0x97	; 151
    0000081D 8E                    2153 	.db #0x8e	; 142
    0000081E DE                    2154 	.db #0xde	; 222
    0000081F 3A                    2155 	.db #0x3a	; 58
    00000820 78                    2156 	.db #0x78	; 120	'x'
    00000821 E5                    2157 	.db #0xe5	; 229
    00000822 39                    2158 	.db #0x39	; 57	'9'
    00000823 4E                    2159 	.db #0x4e	; 78	'N'
    00000824 9E                    2160 	.db #0x9e	; 158
    00000825 3B                    2161 	.db #0x3b	; 59
    00000826 EC                    2162 	.db #0xec	; 236
    00000827 F0                    2163 	.db #0xf0	; 240
    00000828 EA                    2164 	.db #0xea	; 234
    00000829 E8                    2165 	.db #0xe8	; 232
    0000082A F0                    2166 	.db #0xf0	; 240
    0000082B EF                    2167 	.db #0xef	; 239
    0000082C CE                    2168 	.db #0xce	; 206
    0000082D 8F                    2169 	.db #0x8f	; 143
    0000082E 0E                    2170 	.db #0x0e	; 14
    0000082F 7C                    2171 	.db #0x7c	; 124
    00000830 EC                    2172 	.db #0xec	; 236
    00000831 F0                    2173 	.db #0xf0	; 240
    00000832 EB                    2174 	.db #0xeb	; 235
    00000833 CE                    2175 	.db #0xce	; 206
    00000834 4F                    2176 	.db #0x4f	; 79	'O'
    00000835 0E                    2177 	.db #0x0e	; 14
    00000836 FC                    2178 	.db #0xfc	; 252
    00000837 E8                    2179 	.db #0xe8	; 232
    00000838 F0                    2180 	.db #0xf0	; 240
    00000839 E6                    2181 	.db #0xe6	; 230
    0000083A E4                    2182 	.db #0xe4	; 228
    0000083B 8E                    2183 	.db #0x8e	; 142
    0000083C BC                    2184 	.db #0xbc	; 188
    0000083D EC                    2185 	.db #0xec	; 236
    0000083E                       2186 _dandy_level_5:
    0000083E 1A                    2187 	.db #0x1a	; 26
    0000083F 8B                    2188 	.db #0x8b	; 139
    00000840 7D                    2189 	.db #0x7d	; 125
    00000841 F7                    2190 	.db #0xf7	; 247
    00000842 EF                    2191 	.db #0xef	; 239
    00000843 BD                    2192 	.db #0xbd	; 189
    00000844 F7                    2193 	.db #0xf7	; 247
    00000845 DE                    2194 	.db #0xde	; 222
    00000846 00                    2195 	.db #0x00	; 0
    00000847 39                    2196 	.db #0x39	; 57	'9'
    00000848 E7                    2197 	.db #0xe7	; 231
    00000849 91                    2198 	.db #0x91	; 145
    0000084A 75                    2199 	.db #0x75	; 117	'u'
    0000084B D7                    2200 	.db #0xd7	; 215
    0000084C 5D                    2201 	.db #0x5d	; 93
    0000084D 74                    2202 	.db #0x74	; 116	't'
    0000084E 6F                    2203 	.db #0x6f	; 111	'o'
    0000084F B8                    2204 	.db #0xb8	; 184
    00000850 6F                    2205 	.db #0x6f	; 111	'o'
    00000851 B8                    2206 	.db #0xb8	; 184
    00000852 73                    2207 	.db #0x73	; 115	's'
    00000853 CF                    2208 	.db #0xcf	; 207
    00000854 3C                    2209 	.db #0x3c	; 60
    00000855 BA                    2210 	.db #0xba	; 186
    00000856 74                    2211 	.db #0x74	; 116	't'
    00000857 E9                    2212 	.db #0xe9	; 233
    00000858 D4                    2213 	.db #0xd4	; 212
    00000859 01                    2214 	.db #0x01	; 1
    0000085A 07                    2215 	.db #0x07	; 7
    0000085B 3C                    2216 	.db #0x3c	; 60
    0000085C 8E                    2217 	.db #0x8e	; 142
    0000085D 79                    2218 	.db #0x79	; 121	'y'
    0000085E E7                    2219 	.db #0xe7	; 231
    0000085F 91                    2220 	.db #0x91	; 145
    00000860 07                    2221 	.db #0x07	; 7
    00000861 46                    2222 	.db #0x46	; 70	'F'
    00000862 ED                    2223 	.db #0xed	; 237
    00000863 CD                    2224 	.db #0xcd	; 205
    00000864 F7                    2225 	.db #0xf7	; 247
    00000865 DC                    2226 	.db #0xdc	; 220
    00000866 DF                    2227 	.db #0xdf	; 223
    00000867 9E                    2228 	.db #0x9e	; 158
    00000868 40                    2229 	.db #0x40	; 64
    00000869 04                    2230 	.db #0x04	; 4
    0000086A 01                    2231 	.db #0x01	; 1
    0000086B 0E                    2232 	.db #0x0e	; 14
    0000086C 79                    2233 	.db #0x79	; 121	'y'
    0000086D 72                    2234 	.db #0x72	; 114	'r'
    0000086E E7                    2235 	.db #0xe7	; 231
    0000086F 90                    2236 	.db #0x90	; 144
    00000870 20                    2237 	.db #0x20	; 32
    00000871 E8                    2238 	.db #0xe8	; 232
    00000872 DC                    2239 	.db #0xdc	; 220
    00000873 DF                    2240 	.db #0xdf	; 223
    00000874 7D                    2241 	.db #0x7d	; 125
    00000875 F9                    2242 	.db #0xf9	; 249
    00000876 DD                    2243 	.db #0xdd	; 221
    00000877 BF                    2244 	.db #0xbf	; 191
    00000878 3B                    2245 	.db #0x3b	; 59
    00000879 EE                    2246 	.db #0xee	; 238
    0000087A 0E                    2247 	.db #0x0e	; 14
    0000087B 9D                    2248 	.db #0x9d	; 157
    0000087C 3A                    2249 	.db #0x3a	; 58
    0000087D 40                    2250 	.db #0x40	; 64
    0000087E 11                    2251 	.db #0x11	; 17
    0000087F CF                    2252 	.db #0xcf	; 207
    00000880 2A                    2253 	.db #0x2a	; 42
    00000881 AA                    2254 	.db #0xaa	; 170
    00000882 A1                    2255 	.db #0xa1	; 161
    00000883 07                    2256 	.db #0x07	; 7
    00000884 46                    2257 	.db #0x46	; 70	'F'
    00000885 E3                    2258 	.db #0xe3	; 227
    00000886 7E                    2259 	.db #0x7e	; 126
    00000887 77                    2260 	.db #0x77	; 119	'w'
    00000888 DF                    2261 	.db #0xdf	; 223
    00000889 7E                    2262 	.db #0x7e	; 126
    0000088A 79                    2263 	.db #0x79	; 121	'y'
    0000088B 6F                    2264 	.db #0x6f	; 111	'o'
    0000088C BB                    2265 	.db #0xbb	; 187
    0000088D 70                    2266 	.db #0x70	; 112	'p'
    0000088E 08                    2267 	.db #0x08	; 8
    0000088F 72                    2268 	.db #0x72	; 114	'r'
    00000890 E5                    2269 	.db #0xe5	; 229
    00000891 CC                    2270 	.db #0xcc	; 204
    00000892 72                    2271 	.db #0x72	; 114	'r'
    00000893 40                    2272 	.db #0x40	; 64
    00000894 04                    2273 	.db #0x04	; 4
    00000895 1D                    2274 	.db #0x1d	; 29
    00000896 1B                    2275 	.db #0x1b	; 27
    00000897 EF                    2276 	.db #0xef	; 239
    00000898 C9                    2277 	.db #0xc9	; 201
    00000899 CE                    2278 	.db #0xce	; 206
    0000089A FB                    2279 	.db #0xfb	; 251
    0000089B B7                    2280 	.db #0xb7	; 183
    0000089C 1B                    2281 	.db #0x1b	; 27
    0000089D EF                    2282 	.db #0xef	; 239
    0000089E BB                    2283 	.db #0xbb	; 187
    0000089F A3                    2284 	.db #0xa3	; 163
    000008A0 F3                    2285 	.db #0xf3	; 243
    000008A1 A9                    2286 	.db #0xa9	; 169
    000008A2 C9                    2287 	.db #0xc9	; 201
    000008A3 F0                    2288 	.db #0xf0	; 240
    000008A4 8E                    2289 	.db #0x8e	; 142
    000008A5 48                    2290 	.db #0x48	; 72	'H'
    000008A6 7E                    2291 	.db #0x7e	; 126
    000008A7 00                    2292 	.db #0x00	; 0
    000008A8 3A                    2293 	.db #0x3a	; 58
    000008A9 37                    2294 	.db #0x37	; 55	'7'
    000008AA DF                    2295 	.db #0xdf	; 223
    000008AB 9E                    2296 	.db #0x9e	; 158
    000008AC 79                    2297 	.db #0x79	; 121	'y'
    000008AD E5                    2298 	.db #0xe5	; 229
    000008AE BE                    2299 	.db #0xbe	; 190
    000008AF E0                    2300 	.db #0xe0	; 224
    000008B0 DF                    2301 	.db #0xdf	; 223
    000008B1 76                    2302 	.db #0x76	; 118	'v'
    000008B2 FB                    2303 	.db #0xfb	; 251
    000008B3 EF                    2304 	.db #0xef	; 239
    000008B4 BE                    2305 	.db #0xbe	; 190
    000008B5 FB                    2306 	.db #0xfb	; 251
    000008B6 EF                    2307 	.db #0xef	; 239
    000008B7 65                    2308 	.db #0x65	; 101	'e'
    000008B8 96                    2309 	.db #0x96	; 150
    000008B9 59                    2310 	.db #0x59	; 89	'Y'
    000008BA 65                    2311 	.db #0x65	; 101	'e'
    000008BB 96                    2312 	.db #0x96	; 150
    000008BC 59                    2313 	.db #0x59	; 89	'Y'
    000008BD 5C                    2314 	.db #0x5c	; 92
    000008BE F3                    2315 	.db #0xf3	; 243
    000008BF C9                    2316 	.db #0xc9	; 201
    000008C0 00                    2317 	.db #0x00	; 0
    000008C1 10                    2318 	.db #0x10	; 16
    000008C2 74                    2319 	.db #0x74	; 116	't'
    000008C3 6F                    2320 	.db #0x6f	; 111	'o'
    000008C4 BE                    2321 	.db #0xbe	; 190
    000008C5 E0                    2322 	.db #0xe0	; 224
    000008C6 00                    2323 	.db #0x00	; 0
    000008C7 00                    2324 	.db #0x00	; 0
    000008C8 00                    2325 	.db #0x00	; 0
    000008C9 6F                    2326 	.db #0x6f	; 111	'o'
    000008CA CF                    2327 	.db #0xcf	; 207
    000008CB 22                    2328 	.db #0x22	; 34
    000008CC AA                    2329 	.db #0xaa	; 170
    000008CD AA                    2330 	.db #0xaa	; 170
    000008CE AA                    2331 	.db #0xaa	; 170
    000008CF B6                    2332 	.db #0xb6	; 182
    000008D0 DB                    2333 	.db #0xdb	; 219
    000008D1 6A                    2334 	.db #0x6a	; 106	'j'
    000008D2 AA                    2335 	.db #0xaa	; 170
    000008D3 AA                    2336 	.db #0xaa	; 170
    000008D4 AA                    2337 	.db #0xaa	; 170
    000008D5 AA                    2338 	.db #0xaa	; 170
    000008D6 80                    2339 	.db #0x80	; 128
    000008D7 00                    2340 	.db #0x00	; 0
    000008D8 37                    2341 	.db #0x37	; 55	'7'
    000008D9 73                    2342 	.db #0x73	; 115	's'
    000008DA C9                    2343 	.db #0xc9	; 201
    000008DB 0E                    2344 	.db #0x0e	; 14
    000008DC BA                    2345 	.db #0xba	; 186
    000008DD 0E                    2346 	.db #0x0e	; 14
    000008DE BA                    2347 	.db #0xba	; 186
    000008DF 1D                    2348 	.db #0x1d	; 29
    000008E0 74                    2349 	.db #0x74	; 116	't'
    000008E1 1D                    2350 	.db #0x1d	; 29
    000008E2 74                    2351 	.db #0x74	; 116	't'
    000008E3 1D                    2352 	.db #0x1d	; 29
    000008E4 74                    2353 	.db #0x74	; 116	't'
    000008E5 07                    2354 	.db #0x07	; 7
    000008E6 40                    2355 	.db #0x40	; 64
    000008E7 00                    2356 	.db #0x00	; 0
    000008E8 1B                    2357 	.db #0x1b	; 27
    000008E9 9F                    2358 	.db #0x9f	; 159
    000008EA 99                    2359 	.db #0x99	; 153
    000008EB 0E                    2360 	.db #0x0e	; 14
    000008EC 9D                    2361 	.db #0x9d	; 157
    000008ED 1D                    2362 	.db #0x1d	; 29
    000008EE 3A                    2363 	.db #0x3a	; 58
    000008EF E9                    2364 	.db #0xe9	; 233
    000008F0 D7                    2365 	.db #0xd7	; 215
    000008F1 5D                    2366 	.db #0x5d	; 93
    000008F2 74                    2367 	.db #0x74	; 116	't'
    000008F3 74                    2368 	.db #0x74	; 116	't'
    000008F4 EB                    2369 	.db #0xeb	; 235
    000008F5 A3                    2370 	.db #0xa3	; 163
    000008F6 AE                    2371 	.db #0xae	; 174
    000008F7 BA                    2372 	.db #0xba	; 186
    000008F8 E8                    2373 	.db #0xe8	; 232
    000008F9 EB                    2374 	.db #0xeb	; 235
    000008FA AE                    2375 	.db #0xae	; 174
    000008FB BA                    2376 	.db #0xba	; 186
    000008FC 00                    2377 	.db #0x00	; 0
    000008FD 00                    2378 	.db #0x00	; 0
    000008FE DC                    2379 	.db #0xdc	; 220
    000008FF 10                    2380 	.db #0x10	; 16
    00000900 75                    2381 	.db #0x75	; 117	'u'
    00000901 D7                    2382 	.db #0xd7	; 215
    00000902 5D                    2383 	.db #0x5d	; 93
    00000903 0E                    2384 	.db #0x0e	; 14
    00000904 BA                    2385 	.db #0xba	; 186
    00000905 E8                    2386 	.db #0xe8	; 232
    00000906 EB                    2387 	.db #0xeb	; 235
    00000907 AE                    2388 	.db #0xae	; 174
    00000908 87                    2389 	.db #0x87	; 135
    00000909 5D                    2390 	.db #0x5d	; 93
    0000090A 75                    2391 	.db #0x75	; 117	'u'
    0000090B D1                    2392 	.db #0xd1	; 209
    0000090C D7                    2393 	.db #0xd7	; 215
    0000090D 5D                    2394 	.db #0x5d	; 93
    0000090E 74                    2395 	.db #0x74	; 116	't'
    0000090F 74                    2396 	.db #0x74	; 116	't'
    00000910 E5                    2397 	.db #0xe5	; 229
    00000911 CB                    2398 	.db #0xcb	; 203
    00000912 9A                    2399 	.db #0x9a	; 154
    00000913 AA                    2400 	.db #0xaa	; 170
    00000914 AA                    2401 	.db #0xaa	; 170
    00000915 AA                    2402 	.db #0xaa	; 170
    00000916 AA                    2403 	.db #0xaa	; 170
    00000917 AA                    2404 	.db #0xaa	; 170
    00000918 DE                    2405 	.db #0xde	; 222
    00000919 AA                    2406 	.db #0xaa	; 170
    0000091A AA                    2407 	.db #0xaa	; 170
    0000091B AA                    2408 	.db #0xaa	; 170
    0000091C AA                    2409 	.db #0xaa	; 170
    0000091D AA                    2410 	.db #0xaa	; 170
    0000091E AA                    2411 	.db #0xaa	; 170
    0000091F AA                    2412 	.db #0xaa	; 170
    00000920 E7                    2413 	.db #0xe7	; 231
    00000921 7E                    2414 	.db #0x7e	; 126
    00000922 77                    2415 	.db #0x77	; 119	'w'
    00000923 E7                    2416 	.db #0xe7	; 231
    00000924 7B                    2417 	.db #0x7b	; 123
    00000925 5D                    2418 	.db #0x5d	; 93
    00000926 F7                    2419 	.db #0xf7	; 247
    00000927 DF                    2420 	.db #0xdf	; 223
    00000928 7D                    2421 	.db #0x7d	; 125
    00000929 F2                    2422 	.db #0xf2	; 242
    0000092A 65                    2423 	.db #0x65	; 101	'e'
    0000092B D0                    2424 	.db #0xd0	; 208
    0000092C 3A                    2425 	.db #0x3a	; 58
    0000092D E8                    2426 	.db #0xe8	; 232
    0000092E 75                    2427 	.db #0x75	; 117	'u'
    0000092F D6                    2428 	.db #0xd6	; 214
    00000930 E0                    2429 	.db #0xe0	; 224
    00000931 EB                    2430 	.db #0xeb	; 235
    00000932 A0                    2431 	.db #0xa0	; 160
    00000933 74                    2432 	.db #0x74	; 116	't'
    00000934 EB                    2433 	.db #0xeb	; 235
    00000935 A7                    2434 	.db #0xa7	; 167
    00000936 80                    2435 	.db #0x80	; 128
    00000937 EB                    2436 	.db #0xeb	; 235
    00000938 AE                    2437 	.db #0xae	; 174
    00000939 8D                    2438 	.db #0x8d	; 141
    0000093A F9                    2439 	.db #0xf9	; 249
    0000093B DF                    2440 	.db #0xdf	; 223
    0000093C 9D                    2441 	.db #0x9d	; 157
    0000093D F9                    2442 	.db #0xf9	; 249
    0000093E BC                    2443 	.db #0xbc	; 188
    0000093F DF                    2444 	.db #0xdf	; 223
    00000940 7D                    2445 	.db #0x7d	; 125
    00000941 F7                    2446 	.db #0xf7	; 247
    00000942 DF                    2447 	.db #0xdf	; 223
    00000943 2E                    2448 	.db #0x2e	; 46
    00000944 B2                    2449 	.db #0xb2	; 178
    00000945 EB                    2450 	.db #0xeb	; 235
    00000946 A1                    2451 	.db #0xa1	; 161
    00000947 D7                    2452 	.db #0xd7	; 215
    00000948 4E                    2453 	.db #0x4e	; 78	'N'
    00000949 8E                    2454 	.db #0x8e	; 142
    0000094A 9B                    2455 	.db #0x9b	; 155
    0000094B F5                    2456 	.db #0xf5	; 245
    0000094C D1                    2457 	.db #0xd1	; 209
    0000094D D7                    2458 	.db #0xd7	; 215
    0000094E 4E                    2459 	.db #0x4e	; 78	'N'
    0000094F 8E                    2460 	.db #0x8e	; 142
    00000950 BA                    2461 	.db #0xba	; 186
    00000951 E9                    2462 	.db #0xe9	; 233
    00000952 D7                    2463 	.db #0xd7	; 215
    00000953 5D                    2464 	.db #0x5d	; 93
    00000954 1D                    2465 	.db #0x1d	; 29
    00000955 75                    2466 	.db #0x75	; 117	'u'
    00000956 D0                    2467 	.db #0xd0	; 208
    00000957 EB                    2468 	.db #0xeb	; 235
    00000958 AE                    2469 	.db #0xae	; 174
    00000959 B9                    2470 	.db #0xb9	; 185
    0000095A DF                    2471 	.db #0xdf	; 223
    0000095B 9D                    2472 	.db #0x9d	; 157
    0000095C F9                    2473 	.db #0xf9	; 249
    0000095D DE                    2474 	.db #0xde	; 222
    0000095E D7                    2475 	.db #0xd7	; 215
    0000095F 7D                    2476 	.db #0x7d	; 125
    00000960 F7                    2477 	.db #0xf7	; 247
    00000961 DF                    2478 	.db #0xdf	; 223
    00000962 7C                    2479 	.db #0x7c	; 124
    00000963 BA                    2480 	.db #0xba	; 186
    00000964 C9                    2481 	.db #0xc9	; 201
    00000965 D7                    2482 	.db #0xd7	; 215
    00000966 4E                    2483 	.db #0x4e	; 78	'N'
    00000967 BA                    2484 	.db #0xba	; 186
    00000968 1D                    2485 	.db #0x1d	; 29
    00000969 0D                    2486 	.db #0x0d	; 13
    0000096A FA                    2487 	.db #0xfa	; 250
    0000096B 75                    2488 	.db #0x75	; 117	'u'
    0000096C D7                    2489 	.db #0xd7	; 215
    0000096D 47                    2490 	.db #0x47	; 71	'G'
    0000096E 4E                    2491 	.db #0x4e	; 78	'N'
    0000096F 9D                    2492 	.db #0x9d	; 157
    00000970 74                    2493 	.db #0x74	; 116	't'
    00000971 E9                    2494 	.db #0xe9	; 233
    00000972 D7                    2495 	.db #0xd7	; 215
    00000973 5D                    2496 	.db #0x5d	; 93
    00000974 74                    2497 	.db #0x74	; 116	't'
    00000975 74                    2498 	.db #0x74	; 116	't'
    00000976 EB                    2499 	.db #0xeb	; 235
    00000977 A7                    2500 	.db #0xa7	; 167
    00000978 5B                    2501 	.db #0x5b	; 91
    00000979 EF                    2502 	.db #0xef	; 239
    0000097A BE                    2503 	.db #0xbe	; 190
    0000097B FB                    2504 	.db #0xfb	; 251
    0000097C EF                    2505 	.db #0xef	; 239
    0000097D 75                    2506 	.db #0x75	; 117	'u'
    0000097E D7                    2507 	.db #0xd7	; 215
    0000097F 5D                    2508 	.db #0x5d	; 93
    00000980 75                    2509 	.db #0x75	; 117	'u'
    00000981 D6                    2510 	.db #0xd6	; 214
    00000982 4C                    2511 	.db #0x4c	; 76	'L'
    00000983 8E                    2512 	.db #0x8e	; 142
    00000984 BA                    2513 	.db #0xba	; 186
    00000985 EB                    2514 	.db #0xeb	; 235
    00000986 A0                    2515 	.db #0xa0	; 160
    00000987 E8                    2516 	.db #0xe8	; 232
    00000988 DF                    2517 	.db #0xdf	; 223
    00000989 AE                    2518 	.db #0xae	; 174
    0000098A 9D                    2519 	.db #0x9d	; 157
    0000098B 0E                    2520 	.db #0x0e	; 14
    0000098C BA                    2521 	.db #0xba	; 186
    0000098D 1D                    2522 	.db #0x1d	; 29
    0000098E 74                    2523 	.db #0x74	; 116	't'
    0000098F 3A                    2524 	.db #0x3a	; 58
    00000990 E8                    2525 	.db #0xe8	; 232
    00000991 75                    2526 	.db #0x75	; 117	'u'
    00000992 D7                    2527 	.db #0xd7	; 215
    00000993 5D                    2528 	.db #0x5d	; 93
    00000994 75                    2529 	.db #0x75	; 117	'u'
    00000995 D0                    2530 	.db #0xd0	; 208
    00000996 17                    2531 	.db #0x17	; 23
    00000997 9B                    2532 	.db #0x9b	; 155
    00000998 EF                    2533 	.db #0xef	; 239
    00000999 BE                    2534 	.db #0xbe	; 190
    0000099A FB                    2535 	.db #0xfb	; 251
    0000099B E5                    2536 	.db #0xe5	; 229
    0000099C D6                    2537 	.db #0xd6	; 214
    0000099D 47                    2538 	.db #0x47	; 71	'G'
    0000099E 5D                    2539 	.db #0x5d	; 93
    0000099F 3A                    2540 	.db #0x3a	; 58
    000009A0 75                    2541 	.db #0x75	; 117	'u'
    000009A1 D7                    2542 	.db #0xd7	; 215
    000009A2 4E                    2543 	.db #0x4e	; 78	'N'
    000009A3 BA                    2544 	.db #0xba	; 186
    000009A4 AA                    2545 	.db #0xaa	; 170
    000009A5 AA                    2546 	.db #0xaa	; 170
    000009A6 AA                    2547 	.db #0xaa	; 170
    000009A7 AA                    2548 	.db #0xaa	; 170
    000009A8 AA                    2549 	.db #0xaa	; 170
    000009A9 AA                    2550 	.db #0xaa	; 170
    000009AA 55                    2551 	.db #0x55	; 85	'U'
    000009AB 01                    2552 	.db #0x01	; 1
    000009AC 6B                    2553 	.db #0x6b	; 107	'k'
    000009AD BE                    2554 	.db #0xbe	; 190
    000009AE FB                    2555 	.db #0xfb	; 251
    000009AF EF                    2556 	.db #0xef	; 239
    000009B0 BE                    2557 	.db #0xbe	; 190
    000009B1 5D                    2558 	.db #0x5d	; 93
    000009B2 65                    2559 	.db #0x65	; 101	'e'
    000009B3 D7                    2560 	.db #0xd7	; 215
    000009B4 5D                    2561 	.db #0x5d	; 93
    000009B5 1D                    2562 	.db #0x1d	; 29
    000009B6 75                    2563 	.db #0x75	; 117	'u'
    000009B7 D3                    2564 	.db #0xd3	; 211
    000009B8 AE                    2565 	.db #0xae	; 174
    000009B9 BA                    2566 	.db #0xba	; 186
    000009BA EB                    2567 	.db #0xeb	; 235
    000009BB A3                    2568 	.db #0xa3	; 163
    000009BC A5                    2569 	.db #0xa5	; 165
    000009BD BE                    2570 	.db #0xbe	; 190
    000009BE FB                    2571 	.db #0xfb	; 251
    000009BF EF                    2572 	.db #0xef	; 239
    000009C0 BE                    2573 	.db #0xbe	; 190
    000009C1 FB                    2574 	.db #0xfb	; 251
    000009C2 EF                    2575 	.db #0xef	; 239
    000009C3 BE                    2576 	.db #0xbe	; 190
    000009C4 FB                    2577 	.db #0xfb	; 251
    000009C5 EF                    2578 	.db #0xef	; 239
    000009C6 00                    2579 	.db #0x00	; 0
    000009C7 00                    2580 	.db #0x00	; 0
    000009C8 5E                    2581 	.db #0x5e	; 94
    000009C9 6F                    2582 	.db #0x6f	; 111	'o'
    000009CA BE                    2583 	.db #0xbe	; 190
    000009CB FB                    2584 	.db #0xfb	; 251
    000009CC EF                    2585 	.db #0xef	; 239
    000009CD 93                    2586 	.db #0x93	; 147
    000009CE 20                    2587 	.db #0x20	; 32
    000009CF 75                    2588 	.db #0x75	; 117	'u'
    000009D0 D1                    2589 	.db #0xd1	; 209
    000009D1 D7                    2590 	.db #0xd7	; 215
    000009D2 43                    2591 	.db #0x43	; 67	'C'
    000009D3 AE                    2592 	.db #0xae	; 174
    000009D4 BA                    2593 	.db #0xba	; 186
    000009D5 5B                    2594 	.db #0x5b	; 91
    000009D6 B7                    2595 	.db #0xb7	; 183
    000009D7 6E                    2596 	.db #0x6e	; 110	'n'
    000009D8 DD                    2597 	.db #0xdd	; 221
    000009D9 BB                    2598 	.db #0xbb	; 187
    000009DA 74                    2599 	.db #0x74	; 116	't'
    000009DB DF                    2600 	.db #0xdf	; 223
    000009DC 7D                    2601 	.db #0x7d	; 125
    000009DD F7                    2602 	.db #0xf7	; 247
    000009DE DF                    2603 	.db #0xdf	; 223
    000009DF 7D                    2604 	.db #0x7d	; 125
    000009E0 F7                    2605 	.db #0xf7	; 247
    000009E1 01                    2606 	.db #0x01	; 1
    000009E2 55                    2607 	.db #0x55	; 85	'U'
    000009E3 55                    2608 	.db #0x55	; 85	'U'
    000009E4 55                    2609 	.db #0x55	; 85	'U'
    000009E5 55                    2610 	.db #0x55	; 85	'U'
    000009E6 55                    2611 	.db #0x55	; 85	'U'
    000009E7 55                    2612 	.db #0x55	; 85	'U'
    000009E8 55                    2613 	.db #0x55	; 85	'U'
    000009E9 6F                    2614 	.db #0x6f	; 111	'o'
    000009EA BD                    2615 	.db #0xbd	; 189
    000009EB 56                    2616 	.db #0x56	; 86	'V'
    000009EC FB                    2617 	.db #0xfb	; 251
    000009ED EF                    2618 	.db #0xef	; 239
    000009EE BE                    2619 	.db #0xbe	; 190
    000009EF FB                    2620 	.db #0xfb	; 251
    000009F0 CD                    2621 	.db #0xcd	; 205
    000009F1 CE                    2622 	.db #0xce	; 206
    000009F2 FB                    2623 	.db #0xfb	; 251
    000009F3 ED                    2624 	.db #0xed	; 237
    000009F4 B8                    2625 	.db #0xb8	; 184
    000009F5 0E                    2626 	.db #0x0e	; 14
    000009F6 40                    2627 	.db #0x40	; 64
    000009F7 37                    2628 	.db #0x37	; 55	'7'
    000009F8 DC                    2629 	.db #0xdc	; 220
    000009F9 00                    2630 	.db #0x00	; 0
    000009FA 0C                    2631 	.db #0x0c	; 12
    000009FB 86                    2632 	.db #0x86	; 134
    000009FC F0                    2633 	.db #0xf0	; 240
    000009FD 01                    2634 	.db #0x01	; 1
    000009FE 37                    2635 	.db #0x37	; 55	'7'
    000009FF 76                    2636 	.db #0x76	; 118	'v'
    00000A00 3B                    2637 	.db #0x3b	; 59
    00000A01 DC                    2638 	.db #0xdc	; 220
    00000A02 07                    2639 	.db #0x07	; 7
    00000A03 20                    2640 	.db #0x20	; 32
    00000A04 1B                    2641 	.db #0x1b	; 27
    00000A05 EE                    2642 	.db #0xee	; 238
    00000A06 00                    2643 	.db #0x00	; 0
    00000A07 06                    2644 	.db #0x06	; 6
    00000A08 4C                    2645 	.db #0x4c	; 76	'L'
    00000A09 DB                    2646 	.db #0xdb	; 219
    00000A0A DF                    2647 	.db #0xdf	; 223
    00000A0B B5                    2648 	.db #0xb5	; 181
    00000A0C 01                    2649 	.db #0x01	; 1
    00000A0D 37                    2650 	.db #0x37	; 55	'7'
    00000A0E 07                    2651 	.db #0x07	; 7
    00000A0F 7B                    2652 	.db #0x7b	; 123
    00000A10 80                    2653 	.db #0x80	; 128
    00000A11 E4                    2654 	.db #0xe4	; 228
    00000A12 03                    2655 	.db #0x03	; 3
    00000A13 7D                    2656 	.db #0x7d	; 125
    00000A14 C0                    2657 	.db #0xc0	; 192
    00000A15 00                    2658 	.db #0x00	; 0
    00000A16 C8                    2659 	.db #0xc8	; 200
    00000A17 6F                    2660 	.db #0x6f	; 111	'o'
    00000A18 00                    2661 	.db #0x00	; 0
    00000A19 13                    2662 	.db #0x13	; 19
    00000A1A 70                    2663 	.db #0x70	; 112	'p'
    00000A1B 77                    2664 	.db #0x77	; 119	'w'
    00000A1C BB                    2665 	.db #0xbb	; 187
    00000A1D 2C                    2666 	.db #0x2c	; 44
    00000A1E B2                    2667 	.db #0xb2	; 178
    00000A1F CB                    2668 	.db #0xcb	; 203
    00000A20 2F                    2669 	.db #0x2f	; 47
    00000A21 2A                    2670 	.db #0x2a	; 42
    00000A22 AA                    2671 	.db #0xaa	; 170
    00000A23 AA                    2672 	.db #0xaa	; 170
    00000A24 AA                    2673 	.db #0xaa	; 170
    00000A25 AA                    2674 	.db #0xaa	; 170
    00000A26 AA                    2675 	.db #0xaa	; 170
    00000A27 AA                    2676 	.db #0xaa	; 170
    00000A28 AD                    2677 	.db #0xad	; 173
    00000A29 F7                    2678 	.db #0xf7	; 247
    00000A2A AA                    2679 	.db #0xaa	; 170
    00000A2B DF                    2680 	.db #0xdf	; 223
    00000A2C 7D                    2681 	.db #0x7d	; 125
    00000A2D F7                    2682 	.db #0xf7	; 247
    00000A2E DF                    2683 	.db #0xdf	; 223
    00000A2F 79                    2684 	.db #0x79	; 121	'y'
    00000A30 B8                    2685 	.db #0xb8	; 184
    00000A31 76                    2686 	.db #0x76	; 118	'v'
    00000A32 DF                    2687 	.db #0xdf	; 223
    00000A33 2E                    2688 	.db #0x2e	; 46
    00000A34 79                    2689 	.db #0x79	; 121	'y'
    00000A35 E7                    2690 	.db #0xe7	; 231
    00000A36 9E                    2691 	.db #0x9e	; 158
    00000A37 43                    2692 	.db #0x43	; 67	'C'
    00000A38 D0                    2693 	.db #0xd0	; 208
    00000A39 E7                    2694 	.db #0xe7	; 231
    00000A3A 9E                    2695 	.db #0x9e	; 158
    00000A3B 79                    2696 	.db #0x79	; 121	'y'
    00000A3C E7                    2697 	.db #0xe7	; 231
    00000A3D 93                    2698 	.db #0x93	; 147
    00000A3E 9E                    2699 	.db #0x9e	; 158
    00000A3F 41                    2700 	.db #0x41	; 65	'A'
    00000A40 B9                    2701 	.db #0xb9	; 185
    00000A41 B7                    2702 	.db #0xb7	; 183
    00000A42 76                    2703 	.db #0x76	; 118	'v'
    00000A43 ED                    2704 	.db #0xed	; 237
    00000A44 DB                    2705 	.db #0xdb	; 219
    00000A45 B7                    2706 	.db #0xb7	; 183
    00000A46 6E                    2707 	.db #0x6e	; 110	'n'
    00000A47 DD                    2708 	.db #0xdd	; 221
    00000A48 37                    2709 	.db #0x37	; 55	'7'
    00000A49 1D                    2710 	.db #0x1d	; 29
    00000A4A 9B                    2711 	.db #0x9b	; 155
    00000A4B B9                    2712 	.db #0xb9	; 185
    00000A4C DF                    2713 	.db #0xdf	; 223
    00000A4D 7D                    2714 	.db #0x7d	; 125
    00000A4E F9                    2715 	.db #0xf9	; 249
    00000A4F 03                    2716 	.db #0x03	; 3
    00000A50 D7                    2717 	.db #0xd7	; 215
    00000A51 3C                    2718 	.db #0x3c	; 60
    00000A52 EF                    2719 	.db #0xef	; 239
    00000A53 BB                    2720 	.db #0xbb	; 187
    00000A54 9E                    2721 	.db #0x9e	; 158
    00000A55 77                    2722 	.db #0x77	; 119	'w'
    00000A56 DF                    2723 	.db #0xdf	; 223
    00000A57 7E                    2724 	.db #0x7e	; 126
    00000A58 79                    2725 	.db #0x79	; 121	'y'
    00000A59 E7                    2726 	.db #0xe7	; 231
    00000A5A 9E                    2727 	.db #0x9e	; 158
    00000A5B 5B                    2728 	.db #0x5b	; 91
    00000A5C 9B                    2729 	.db #0x9b	; 155
    00000A5D 6B                    2730 	.db #0x6b	; 107	'k'
    00000A5E 6F                    2731 	.db #0x6f	; 111	'o'
    00000A5F BE                    2732 	.db #0xbe	; 190
    00000A60 FB                    2733 	.db #0xfb	; 251
    00000A61 EF                    2734 	.db #0xef	; 239
    00000A62 BE                    2735 	.db #0xbe	; 190
    00000A63 FB                    2736 	.db #0xfb	; 251
    00000A64 EF                    2737 	.db #0xef	; 239
    00000A65 BE                    2738 	.db #0xbe	; 190
    00000A66 FB                    2739 	.db #0xfb	; 251
    00000A67 CD                    2740 	.db #0xcd	; 205
    00000A68 C7                    2741 	.db #0xc7	; 199
    00000A69 66                    2742 	.db #0x66	; 102	'f'
    00000A6A EE                    2743 	.db #0xee	; 238
    00000A6B 79                    2744 	.db #0x79	; 121	'y'
    00000A6C 6F                    2745 	.db #0x6f	; 111	'o'
    00000A6D BE                    2746 	.db #0xbe	; 190
    00000A6E FB                    2747 	.db #0xfb	; 251
    00000A6F 9E                    2748 	.db #0x9e	; 158
    00000A70 8D                    2749 	.db #0x8d	; 141
    00000A71 F9                    2750 	.db #0xf9	; 249
    00000A72 E7                    2751 	.db #0xe7	; 231
    00000A73 7D                    2752 	.db #0x7d	; 125
    00000A74 DB                    2753 	.db #0xdb	; 219
    00000A75 EE                    2754 	.db #0xee	; 238
    00000A76 6E                    2755 	.db #0x6e	; 110	'n'
    00000A77 0D                    2756 	.db #0x0d	; 13
    00000A78 CD                    2757 	.db #0xcd	; 205
    00000A79 BB                    2758 	.db #0xbb	; 187
    00000A7A B7                    2759 	.db #0xb7	; 183
    00000A7B 6E                    2760 	.db #0x6e	; 110	'n'
    00000A7C DD                    2761 	.db #0xdd	; 221
    00000A7D BB                    2762 	.db #0xbb	; 187
    00000A7E 76                    2763 	.db #0x76	; 118	'v'
    00000A7F E9                    2764 	.db #0xe9	; 233
    00000A80 BE                    2765 	.db #0xbe	; 190
    00000A81 FB                    2766 	.db #0xfb	; 251
    00000A82 EF                    2767 	.db #0xef	; 239
    00000A83 BE                    2768 	.db #0xbe	; 190
    00000A84 FB                    2769 	.db #0xfb	; 251
    00000A85 EE                    2770 	.db #0xee	; 238
    00000A86 73                    2771 	.db #0x73	; 115	's'
    00000A87 CB                    2772 	.db #0xcb	; 203
    00000A88 7D                    2773 	.db #0x7d	; 125
    00000A89 F7                    2774 	.db #0xf7	; 247
    00000A8A 01                    2775 	.db #0x01	; 1
    00000A8B CF                    2776 	.db #0xcf	; 207
    00000A8C 20                    2777 	.db #0x20	; 32
    00000A8D 1B                    2778 	.db #0x1b	; 27
    00000A8E EF                    2779 	.db #0xef	; 239
    00000A8F BE                    2780 	.db #0xbe	; 190
    00000A90 FB                    2781 	.db #0xfb	; 251
    00000A91 EE                    2782 	.db #0xee	; 238
    00000A92 6D                    2783 	.db #0x6d	; 109	'm'
    00000A93 DD                    2784 	.db #0xdd	; 221
    00000A94 B6                    2785 	.db #0xb6	; 182
    00000A95 FB                    2786 	.db #0xfb	; 251
    00000A96 6F                    2787 	.db #0x6f	; 111	'o'
    00000A97 B6                    2788 	.db #0xb6	; 182
    00000A98 FB                    2789 	.db #0xfb	; 251
    00000A99 6F                    2790 	.db #0x6f	; 111	'o'
    00000A9A B6                    2791 	.db #0xb6	; 182
    00000A9B FB                    2792 	.db #0xfb	; 251
    00000A9C 71                    2793 	.db #0x71	; 113	'q'
    00000A9D 03                    2794 	.db #0x03	; 3
    00000A9E C1                    2795 	.db #0xc1	; 193
    00000A9F A0                    2796 	.db #0xa0	; 160
    00000AA0                       2797 _dandy_level_6:
    00000AA0 01                    2798 	.db #0x01	; 1
    00000AA1 CC                    2799 	.db #0xcc	; 204
    00000AA2 00                    2800 	.db #0x00	; 0
    00000AA3 40                    2801 	.db #0x40	; 64
    00000AA4 0A                    2802 	.db #0x0a	; 10
    00000AA5 00                    2803 	.db #0x00	; 0
    00000AA6 40                    2804 	.db #0x40	; 64
    00000AA7 10                    2805 	.db #0x10	; 16
    00000AA8 00                    2806 	.db #0x00	; 0
    00000AA9 0E                    2807 	.db #0x0e	; 14
    00000AAA 60                    2808 	.db #0x60	; 96
    00000AAB 02                    2809 	.db #0x02	; 2
    00000AAC 00                    2810 	.db #0x00	; 0
    00000AAD 50                    2811 	.db #0x50	; 80	'P'
    00000AAE 02                    2812 	.db #0x02	; 2
    00000AAF 00                    2813 	.db #0x00	; 0
    00000AB0 9B                    2814 	.db #0x9b	; 155
    00000AB1 EF                    2815 	.db #0xef	; 239
    00000AB2 BE                    2816 	.db #0xbe	; 190
    00000AB3 FB                    2817 	.db #0xfb	; 251
    00000AB4 EE                    2818 	.db #0xee	; 238
    00000AB5 01                    2819 	.db #0x01	; 1
    00000AB6 CE                    2820 	.db #0xce	; 206
    00000AB7 43                    2821 	.db #0x43	; 67	'C'
    00000AB8 97                    2822 	.db #0x97	; 151
    00000AB9 2E                    2823 	.db #0x2e	; 46
    00000ABA 4C                    2824 	.db #0x4c	; 76	'L'
    00000ABB 83                    2825 	.db #0x83	; 131
    00000ABC 90                    2826 	.db #0x90	; 144
    00000ABD CB                    2827 	.db #0xcb	; 203
    00000ABE 23                    2828 	.db #0x23	; 35
    00000ABF 9E                    2829 	.db #0x9e	; 158
    00000AC0 79                    2830 	.db #0x79	; 121	'y'
    00000AC1 72                    2831 	.db #0x72	; 114	'r'
    00000AC2 64                    2832 	.db #0x64	; 100	'd'
    00000AC3 E7                    2833 	.db #0xe7	; 231
    00000AC4 9E                    2834 	.db #0x9e	; 158
    00000AC5 79                    2835 	.db #0x79	; 121	'y'
    00000AC6 19                    2836 	.db #0x19	; 25
    00000AC7 37                    2837 	.db #0x37	; 55	'7'
    00000AC8 E7                    2838 	.db #0xe7	; 231
    00000AC9 9E                    2839 	.db #0x9e	; 158
    00000ACA 79                    2840 	.db #0x79	; 121	'y'
    00000ACB DC                    2841 	.db #0xdc	; 220
    00000ACC 03                    2842 	.db #0x03	; 3
    00000ACD 98                    2843 	.db #0x98	; 152
    00000ACE 00                    2844 	.db #0x00	; 0
    00000ACF 80                    2845 	.db #0x80	; 128
    00000AD0 14                    2846 	.db #0x14	; 20
    00000AD1 00                    2847 	.db #0x00	; 0
    00000AD2 80                    2848 	.db #0x80	; 128
    00000AD3 26                    2849 	.db #0x26	; 38
    00000AD4 FB                    2850 	.db #0xfb	; 251
    00000AD5 EF                    2851 	.db #0xef	; 239
    00000AD6 BE                    2852 	.db #0xbe	; 190
    00000AD7 FB                    2853 	.db #0xfb	; 251
    00000AD8 B9                    2854 	.db #0xb9	; 185
    00000AD9 E7                    2855 	.db #0xe7	; 231
    00000ADA 9E                    2856 	.db #0x9e	; 158
    00000ADB 79                    2857 	.db #0x79	; 121	'y'
    00000ADC E7                    2858 	.db #0xe7	; 231
    00000ADD 9E                    2859 	.db #0x9e	; 158
    00000ADE 60                    2860 	.db #0x60	; 96
    00000ADF 02                    2861 	.db #0x02	; 2
    00000AE0 00                    2862 	.db #0x00	; 0
    00000AE1 50                    2863 	.db #0x50	; 80	'P'
    00000AE2 02                    2864 	.db #0x02	; 2
    00000AE3 00                    2865 	.db #0x00	; 0
    00000AE4 80                    2866 	.db #0x80	; 128
    00000AE5 2A                    2867 	.db #0x2a	; 42
    00000AE6 CA                    2868 	.db #0xca	; 202
    00000AE7 AA                    2869 	.db #0xaa	; 170
    00000AE8 AA                    2870 	.db #0xaa	; 170
    00000AE9 B2                    2871 	.db #0xb2	; 178
    00000AEA AA                    2872 	.db #0xaa	; 170
    00000AEB AA                    2873 	.db #0xaa	; 170
    00000AEC B2                    2874 	.db #0xb2	; 178
    00000AED AA                    2875 	.db #0xaa	; 170
    00000AEE AA                    2876 	.db #0xaa	; 170
    00000AEF AC                    2877 	.db #0xac	; 172
    00000AF0 AA                    2878 	.db #0xaa	; 170
    00000AF1 AA                    2879 	.db #0xaa	; 170
    00000AF2 AC                    2880 	.db #0xac	; 172
    00000AF3 AA                    2881 	.db #0xaa	; 170
    00000AF4 AA                    2882 	.db #0xaa	; 170
    00000AF5 CA                    2883 	.db #0xca	; 202
    00000AF6 AA                    2884 	.db #0xaa	; 170
    00000AF7 AC                    2885 	.db #0xac	; 172
    00000AF8 AA                    2886 	.db #0xaa	; 170
    00000AF9 AA                    2887 	.db #0xaa	; 170
    00000AFA AB                    2888 	.db #0xab	; 171
    00000AFB 2A                    2889 	.db #0x2a	; 42
    00000AFC AA                    2890 	.db #0xaa	; 170
    00000AFD AB                    2891 	.db #0xab	; 171
    00000AFE 2A                    2892 	.db #0x2a	; 42
    00000AFF AA                    2893 	.db #0xaa	; 170
    00000B00 AA                    2894 	.db #0xaa	; 170
    00000B01 CA                    2895 	.db #0xca	; 202
    00000B02 AA                    2896 	.db #0xaa	; 170
    00000B03 AA                    2897 	.db #0xaa	; 170
    00000B04 CA                    2898 	.db #0xca	; 202
    00000B05 AA                    2899 	.db #0xaa	; 170
    00000B06 AC                    2900 	.db #0xac	; 172
    00000B07 AA                    2901 	.db #0xaa	; 170
    00000B08 80                    2902 	.db #0x80	; 128
    00000B09 20                    2903 	.db #0x20	; 32
    00000B0A 02                    2904 	.db #0x02	; 2
    00000B0B 0D                    2905 	.db #0x0d	; 13
    00000B0C 42                    2906 	.db #0x42	; 66	'B'
    00000B0D 80                    2907 	.db #0x80	; 128
    00000B0E 10                    2908 	.db #0x10	; 16
    00000B0F 04                    2909 	.db #0x04	; 4
    00000B10 00                    2910 	.db #0x00	; 0
    00000B11 1C                    2911 	.db #0x1c	; 28
    00000B12 09                    2912 	.db #0x09	; 9
    00000B13 B3                    2913 	.db #0xb3	; 179
    00000B14 66                    2914 	.db #0x66	; 102	'f'
    00000B15 CD                    2915 	.db #0xcd	; 205
    00000B16 88                    2916 	.db #0x88	; 136
    00000B17 01                    2917 	.db #0x01	; 1
    00000B18 40                    2918 	.db #0x40	; 64
    00000B19 08                    2919 	.db #0x08	; 8
    00000B1A 02                    2920 	.db #0x02	; 2
    00000B1B 00                    2921 	.db #0x00	; 0
    00000B1C 1C                    2922 	.db #0x1c	; 28
    00000B1D 38                    2923 	.db #0x38	; 56	'8'
    00000B1E 32                    2924 	.db #0x32	; 50	'2'
    00000B1F 36                    2925 	.db #0x36	; 54	'6'
    00000B20 6C                    2926 	.db #0x6c	; 108	'l'
    00000B21 D9                    2927 	.db #0xd9	; 217
    00000B22 B3                    2928 	.db #0xb3	; 179
    00000B23 2D                    2929 	.db #0x2d	; 45
    00000B24 46                    2930 	.db #0x46	; 70	'F'
    00000B25 63                    2931 	.db #0x63	; 99	'c'
    00000B26 5C                    2932 	.db #0x5c	; 92
    00000B27 B2                    2933 	.db #0xb2	; 178
    00000B28 1D                    2934 	.db #0x1d	; 29
    00000B29 75                    2935 	.db #0x75	; 117	'u'
    00000B2A D0                    2936 	.db #0xd0	; 208
    00000B2B C9                    2937 	.db #0xc9	; 201
    00000B2C CF                    2938 	.db #0xcf	; 207
    00000B2D 3C                    2939 	.db #0x3c	; 60
    00000B2E B9                    2940 	.db #0xb9	; 185
    00000B2F E5                    2941 	.db #0xe5	; 229
    00000B30 90                    2942 	.db #0x90	; 144
    00000B31 E7                    2943 	.db #0xe7	; 231
    00000B32 9E                    2944 	.db #0x9e	; 158
    00000B33 40                    2945 	.db #0x40	; 64
    00000B34 E0                    2946 	.db #0xe0	; 224
    00000B35 4D                    2947 	.db #0x4d	; 77	'M'
    00000B36 9B                    2948 	.db #0x9b	; 155
    00000B37 36                    2949 	.db #0x36	; 54	'6'
    00000B38 6C                    2950 	.db #0x6c	; 108	'l'
    00000B39 40                    2951 	.db #0x40	; 64
    00000B3A 0A                    2952 	.db #0x0a	; 10
    00000B3B 00                    2953 	.db #0x00	; 0
    00000B3C 40                    2954 	.db #0x40	; 64
    00000B3D 10                    2955 	.db #0x10	; 16
    00000B3E 00                    2956 	.db #0x00	; 0
    00000B3F 04                    2957 	.db #0x04	; 4
    00000B40 00                    2958 	.db #0x00	; 0
    00000B41 41                    2959 	.db #0x41	; 65	'A'
    00000B42 A8                    2960 	.db #0xa8	; 168
    00000B43 50                    2961 	.db #0x50	; 80	'P'
    00000B44 02                    2962 	.db #0x02	; 2
    00000B45 00                    2963 	.db #0x00	; 0
    00000B46 80                    2964 	.db #0x80	; 128
    00000B47 2A                    2965 	.db #0x2a	; 42
    00000B48 B2                    2966 	.db #0xb2	; 178
    00000B49 AA                    2967 	.db #0xaa	; 170
    00000B4A AA                    2968 	.db #0xaa	; 170
    00000B4B B2                    2969 	.db #0xb2	; 178
    00000B4C AA                    2970 	.db #0xaa	; 170
    00000B4D AA                    2971 	.db #0xaa	; 170
    00000B4E B2                    2972 	.db #0xb2	; 178
    00000B4F AA                    2973 	.db #0xaa	; 170
    00000B50 AA                    2974 	.db #0xaa	; 170
    00000B51 AA                    2975 	.db #0xaa	; 170
    00000B52 AA                    2976 	.db #0xaa	; 170
    00000B53 AB                    2977 	.db #0xab	; 171
    00000B54 2A                    2978 	.db #0x2a	; 42
    00000B55 AA                    2979 	.db #0xaa	; 170
    00000B56 AB                    2980 	.db #0xab	; 171
    00000B57 2A                    2981 	.db #0x2a	; 42
    00000B58 AA                    2982 	.db #0xaa	; 170
    00000B59 B2                    2983 	.db #0xb2	; 178
    00000B5A AA                    2984 	.db #0xaa	; 170
    00000B5B AA                    2985 	.db #0xaa	; 170
    00000B5C B2                    2986 	.db #0xb2	; 178
    00000B5D AA                    2987 	.db #0xaa	; 170
    00000B5E AA                    2988 	.db #0xaa	; 170
    00000B5F B2                    2989 	.db #0xb2	; 178
    00000B60 AA                    2990 	.db #0xaa	; 170
    00000B61 AA                    2991 	.db #0xaa	; 170
    00000B62 AA                    2992 	.db #0xaa	; 170
    00000B63 AA                    2993 	.db #0xaa	; 170
    00000B64 AB                    2994 	.db #0xab	; 171
    00000B65 2A                    2995 	.db #0x2a	; 42
    00000B66 AA                    2996 	.db #0xaa	; 170
    00000B67 AB                    2997 	.db #0xab	; 171
    00000B68 2A                    2998 	.db #0x2a	; 42
    00000B69 80                    2999 	.db #0x80	; 128
    00000B6A 2D                    3000 	.db #0x2d	; 45
    00000B6B F7                    3001 	.db #0xf7	; 247
    00000B6C DF                    3002 	.db #0xdf	; 223
    00000B6D 7D                    3003 	.db #0x7d	; 125
    00000B6E F7                    3004 	.db #0xf7	; 247
    00000B6F DF                    3005 	.db #0xdf	; 223
    00000B70 7D                    3006 	.db #0x7d	; 125
    00000B71 F7                    3007 	.db #0xf7	; 247
    00000B72 BD                    3008 	.db #0xbd	; 189
    00000B73 01                    3009 	.db #0x01	; 1
    00000B74 ED                    3010 	.db #0xed	; 237
    00000B75 00                    3011 	.db #0x00	; 0
    00000B76 20                    3012 	.db #0x20	; 32
    00000B77 08                    3013 	.db #0x08	; 8
    00000B78 00                    3014 	.db #0x00	; 0
    00000B79 02                    3015 	.db #0x02	; 2
    00000B7A DC                    3016 	.db #0xdc	; 220
    00000B7B 03                    3017 	.db #0x03	; 3
    00000B7C 78                    3018 	.db #0x78	; 120	'x'
    00000B7D 01                    3019 	.db #0x01	; 1
    00000B7E 40                    3020 	.db #0x40	; 64
    00000B7F 08                    3021 	.db #0x08	; 8
    00000B80 02                    3022 	.db #0x02	; 2
    00000B81 00                    3023 	.db #0x00	; 0
    00000B82 0F                    3024 	.db #0x0f	; 15
    00000B83 06                    3025 	.db #0x06	; 6
    00000B84 5B                    3026 	.db #0x5b	; 91
    00000B85 B7                    3027 	.db #0xb7	; 183
    00000B86 DF                    3028 	.db #0xdf	; 223
    00000B87 7D                    3029 	.db #0x7d	; 125
    00000B88 F7                    3030 	.db #0xf7	; 247
    00000B89 DD                    3031 	.db #0xdd	; 221
    00000B8A BC                    3032 	.db #0xbc	; 188
    00000B8B 00                    3033 	.db #0x00	; 0
    00000B8C A0                    3034 	.db #0xa0	; 160
    00000B8D 04                    3035 	.db #0x04	; 4
    00000B8E 74                    3036 	.db #0x74	; 116	't'
    00000B8F 75                    3037 	.db #0x75	; 117	'u'
    00000B90 D2                    3038 	.db #0xd2	; 210
    00000B91 1D                    3039 	.db #0x1d	; 29
    00000B92 75                    3040 	.db #0x75	; 117	'u'
    00000B93 D3                    3041 	.db #0xd3	; 211
    00000B94 A1                    3042 	.db #0xa1	; 161
    00000B95 E0                    3043 	.db #0xe0	; 224
    00000B96 5B                    3044 	.db #0x5b	; 91
    00000B97 B7                    3045 	.db #0xb7	; 183
    00000B98 DF                    3046 	.db #0xdf	; 223
    00000B99 7D                    3047 	.db #0x7d	; 125
    00000B9A F7                    3048 	.db #0xf7	; 247
    00000B9B DD                    3049 	.db #0xdd	; 221
    00000B9C BE                    3050 	.db #0xbe	; 190
    00000B9D 40                    3051 	.db #0x40	; 64
    00000B9E 0A                    3052 	.db #0x0a	; 10
    00000B9F 0D                    3053 	.db #0x0d	; 13
    00000BA0 03                    3054 	.db #0x03	; 3
    00000BA1 20                    3055 	.db #0x20	; 32
    00000BA2 0C                    3056 	.db #0x0c	; 12
    00000BA3 80                    3057 	.db #0x80	; 128
    00000BA4 00                    3058 	.db #0x00	; 0
    00000BA5 2D                    3059 	.db #0x2d	; 45
    00000BA6 C0                    3060 	.db #0xc0	; 192
    00000BA7 37                    3061 	.db #0x37	; 55	'7'
    00000BA8 80                    3062 	.db #0x80	; 128
    00000BA9 14                    3063 	.db #0x14	; 20
    00000BAA 00                    3064 	.db #0x00	; 0
    00000BAB 80                    3065 	.db #0x80	; 128
    00000BAC 23                    3066 	.db #0x23	; 35
    00000BAD A0                    3067 	.db #0xa0	; 160
    00000BAE 00                    3068 	.db #0x00	; 0
    00000BAF 5B                    3069 	.db #0x5b	; 91
    00000BB0 EF                    3070 	.db #0xef	; 239
    00000BB1 BE                    3071 	.db #0xbe	; 190
    00000BB2 FB                    3072 	.db #0xfb	; 251
    00000BB3 EF                    3073 	.db #0xef	; 239
    00000BB4 BE                    3074 	.db #0xbe	; 190
    00000BB5 FB                    3075 	.db #0xfb	; 251
    00000BB6 EF                    3076 	.db #0xef	; 239
    00000BB7 7A                    3077 	.db #0x7a	; 122	'z'
    00000BB8 03                    3078 	.db #0x03	; 3
    00000BB9 DA                    3079 	.db #0xda	; 218
    00000BBA 00                    3080 	.db #0x00	; 0
    00000BBB 40                    3081 	.db #0x40	; 64
    00000BBC 10                    3082 	.db #0x10	; 16
    00000BBD 05                    3083 	.db #0x05	; 5
    00000BBE 59                    3084 	.db #0x59	; 89	'Y'
    00000BBF 55                    3085 	.db #0x55	; 85	'U'
    00000BC0 55                    3086 	.db #0x55	; 85	'U'
    00000BC1 59                    3087 	.db #0x59	; 89	'Y'
    00000BC2 55                    3088 	.db #0x55	; 85	'U'
    00000BC3 55                    3089 	.db #0x55	; 85	'U'
    00000BC4 56                    3090 	.db #0x56	; 86	'V'
    00000BC5 55                    3091 	.db #0x55	; 85	'U'
    00000BC6 55                    3092 	.db #0x55	; 85	'U'
    00000BC7 55                    3093 	.db #0x55	; 85	'U'
    00000BC8 55                    3094 	.db #0x55	; 85	'U'
    00000BC9 55                    3095 	.db #0x55	; 85	'U'
    00000BCA 59                    3096 	.db #0x59	; 89	'Y'
    00000BCB 55                    3097 	.db #0x55	; 85	'U'
    00000BCC 55                    3098 	.db #0x55	; 85	'U'
    00000BCD 95                    3099 	.db #0x95	; 149
    00000BCE 55                    3100 	.db #0x55	; 85	'U'
    00000BCF 59                    3101 	.db #0x59	; 89	'Y'
    00000BD0 55                    3102 	.db #0x55	; 85	'U'
    00000BD1 55                    3103 	.db #0x55	; 85	'U'
    00000BD2 59                    3104 	.db #0x59	; 89	'Y'
    00000BD3 55                    3105 	.db #0x55	; 85	'U'
    00000BD4 55                    3106 	.db #0x55	; 85	'U'
    00000BD5 56                    3107 	.db #0x56	; 86	'V'
    00000BD6 55                    3108 	.db #0x55	; 85	'U'
    00000BD7 55                    3109 	.db #0x55	; 85	'U'
    00000BD8 55                    3110 	.db #0x55	; 85	'U'
    00000BD9 55                    3111 	.db #0x55	; 85	'U'
    00000BDA 55                    3112 	.db #0x55	; 85	'U'
    00000BDB 59                    3113 	.db #0x59	; 89	'Y'
    00000BDC 55                    3114 	.db #0x55	; 85	'U'
    00000BDD 55                    3115 	.db #0x55	; 85	'U'
    00000BDE 95                    3116 	.db #0x95	; 149
    00000BDF 53                    3117 	.db #0x53	; 83	'S'
    00000BE0 56                    3118 	.db #0x56	; 86	'V'
    00000BE1 AD                    3119 	.db #0xad	; 173
    00000BE2 5A                    3120 	.db #0x5a	; 90	'Z'
    00000BE3 DF                    3121 	.db #0xdf	; 223
    00000BE4 80                    3122 	.db #0x80	; 128
    00000BE5 7F                    3123 	.db #0x7f	; 127
    00000BE6 7C                    3124 	.db #0x7c	; 124
    00000BE7 03                    3125 	.db #0x03	; 3
    00000BE8 EA                    3126 	.db #0xea	; 234
    00000BE9 00                    3127 	.db #0x00	; 0
    00000BEA 40                    3128 	.db #0x40	; 64
    00000BEB 10                    3129 	.db #0x10	; 16
    00000BEC 06                    3130 	.db #0x06	; 6
    00000BED AD                    3131 	.db #0xad	; 173
    00000BEE 5A                    3132 	.db #0x5a	; 90	'Z'
    00000BEF B5                    3133 	.db #0xb5	; 181
    00000BF0 40                    3134 	.db #0x40	; 64
    00000BF1 04                    3135 	.db #0x04	; 4
    00000BF2 00                    3136 	.db #0x00	; 0
    00000BF3 A1                    3137 	.db #0xa1	; 161
    00000BF4 DF                    3138 	.db #0xdf	; 223
    00000BF5 7D                    3139 	.db #0x7d	; 125
    00000BF6 F6                    3140 	.db #0xf6	; 246
    00000BF7 47                    3141 	.db #0x47	; 71	'G'
    00000BF8 7D                    3142 	.db #0x7d	; 125
    00000BF9 F6                    3143 	.db #0xf6	; 246
    00000BFA 20                    3144 	.db #0x20	; 32
    00000BFB 06                    3145 	.db #0x06	; 6
    00000BFC AD                    3146 	.db #0xad	; 173
    00000BFD 5A                    3147 	.db #0x5a	; 90	'Z'
    00000BFE B5                    3148 	.db #0xb5	; 181
    00000BFF C8                    3149 	.db #0xc8	; 200
    00000C00 00                    3150 	.db #0x00	; 0
    00000C01 80                    3151 	.db #0x80	; 128
    00000C02 19                    3152 	.db #0x19	; 25
    00000C03 64                    3153 	.db #0x64	; 100	'd'
    00000C04 3B                    3154 	.db #0x3b	; 59
    00000C05 3B                    3155 	.db #0x3b	; 59
    00000C06 32                    3156 	.db #0x32	; 50	'2'
    00000C07 0E                    3157 	.db #0x0e	; 14
    00000C08 C6                    3158 	.db #0xc6	; 198
    00000C09 47                    3159 	.db #0x47	; 71	'G'
    00000C0A 5D                    3160 	.db #0x5d	; 93
    00000C0B 74                    3161 	.db #0x74	; 116	't'
    00000C0C 35                    3162 	.db #0x35	; 53	'5'
    00000C0D 6A                    3163 	.db #0x6a	; 106	'j'
    00000C0E D5                    3164 	.db #0xd5	; 213
    00000C0F AA                    3165 	.db #0xaa	; 170
    00000C10 00                    3166 	.db #0x00	; 0
    00000C11 32                    3167 	.db #0x32	; 50	'2'
    00000C12 00                    3168 	.db #0x00	; 0
    00000C13 50                    3169 	.db #0x50	; 80	'P'
    00000C14 ED                    3170 	.db #0xed	; 237
    00000C15 DF                    3171 	.db #0xdf	; 223
    00000C16 64                    3172 	.db #0x64	; 100	'd'
    00000C17 77                    3173 	.db #0x77	; 119	'w'
    00000C18 DF                    3174 	.db #0xdf	; 223
    00000C19 62                    3175 	.db #0x62	; 98	'b'
    00000C1A 3A                    3176 	.db #0x3a	; 58
    00000C1B EB                    3177 	.db #0xeb	; 235
    00000C1C A0                    3178 	.db #0xa0	; 160
    00000C1D D5                    3179 	.db #0xd5	; 213
    00000C1E AB                    3180 	.db #0xab	; 171
    00000C1F 56                    3181 	.db #0x56	; 86	'V'
    00000C20 B0                    3182 	.db #0xb0	; 176
    00000C21 01                    3183 	.db #0x01	; 1
    00000C22 00                    3184 	.db #0x00	; 0
    00000C23 28                    3185 	.db #0x28	; 40
    00000C24 77                    3186 	.db #0x77	; 119	'w'
    00000C25 DF                    3187 	.db #0xdf	; 223
    00000C26 7D                    3188 	.db #0x7d	; 125
    00000C27 90                    3189 	.db #0x90	; 144
    00000C28 04                    3190 	.db #0x04	; 4
    00000C29 75                    3191 	.db #0x75	; 117	'u'
    00000C2A D7                    3192 	.db #0xd7	; 215
    00000C2B 43                    3193 	.db #0x43	; 67	'C'
    00000C2C 56                    3194 	.db #0x56	; 86	'V'
    00000C2D AD                    3195 	.db #0xad	; 173
    00000C2E 5A                    3196 	.db #0x5a	; 90	'Z'
    00000C2F AF                    3197 	.db #0xaf	; 175
    00000C30 C0                    3198 	.db #0xc0	; 192
    00000C31 3F                    3199 	.db #0x3f	; 63
    00000C32 BE                    3200 	.db #0xbe	; 190
    00000C33 01                    3201 	.db #0x01	; 1
    00000C34 F5                    3202 	.db #0xf5	; 245
    00000C35 00                    3203 	.db #0x00	; 0
    00000C36 20                    3204 	.db #0x20	; 32
    00000C37 08                    3205 	.db #0x08	; 8
    00000C38 00                    3206 	.db #0x00	; 0
    00000C39                       3207 _dandy_level_7:
    00000C39 E1                    3208 	.db #0xe1	; 225
    00000C3A C3                    3209 	.db #0xc3	; 195
    00000C3B 87                    3210 	.db #0x87	; 135
    00000C3C 0E                    3211 	.db #0x0e	; 14
    00000C3D 1C                    3212 	.db #0x1c	; 28
    00000C3E 6B                    3213 	.db #0x6b	; 107	'k'
    00000C3F C4                    3214 	.db #0xc4	; 196
    00000C40 00                    3215 	.db #0x00	; 0
    00000C41 00                    3216 	.db #0x00	; 0
    00000C42 02                    3217 	.db #0x02	; 2
    00000C43 00                    3218 	.db #0x00	; 0
    00000C44 00                    3219 	.db #0x00	; 0
    00000C45 00                    3220 	.db #0x00	; 0
    00000C46 00                    3221 	.db #0x00	; 0
    00000C47 46                    3222 	.db #0x46	; 70	'F'
    00000C48 FB                    3223 	.db #0xfb	; 251
    00000C49 EF                    3224 	.db #0xef	; 239
    00000C4A BE                    3225 	.db #0xbe	; 190
    00000C4B E6                    3226 	.db #0xe6	; 230
    00000C4C FB                    3227 	.db #0xfb	; 251
    00000C4D EF                    3228 	.db #0xef	; 239
    00000C4E BE                    3229 	.db #0xbe	; 190
    00000C4F E6                    3230 	.db #0xe6	; 230
    00000C50 FB                    3231 	.db #0xfb	; 251
    00000C51 EF                    3232 	.db #0xef	; 239
    00000C52 BE                    3233 	.db #0xbe	; 190
    00000C53 E4                    3234 	.db #0xe4	; 228
    00000C54 00                    3235 	.db #0x00	; 0
    00000C55 00                    3236 	.db #0x00	; 0
    00000C56 68                    3237 	.db #0x68	; 104	'h'
    00000C57 1F                    3238 	.db #0x1f	; 31
    00000C58 7D                    3239 	.db #0x7d	; 125
    00000C59 F7                    3240 	.db #0xf7	; 247
    00000C5A DF                    3241 	.db #0xdf	; 223
    00000C5B 7D                    3242 	.db #0x7d	; 125
    00000C5C F7                    3243 	.db #0xf7	; 247
    00000C5D C4                    3244 	.db #0xc4	; 196
    00000C5E 6E                    3245 	.db #0x6e	; 110	'n'
    00000C5F 37                    3246 	.db #0x37	; 55	'7'
    00000C60 37                    3247 	.db #0x37	; 55	'7'
    00000C61 1B                    3248 	.db #0x1b	; 27
    00000C62 9B                    3249 	.db #0x9b	; 155
    00000C63 8D                    3250 	.db #0x8d	; 141
    00000C64 C8                    3251 	.db #0xc8	; 200
    00000C65 00                    3252 	.db #0x00	; 0
    00000C66 00                    3253 	.db #0x00	; 0
    00000C67 0F                    3254 	.db #0x0f	; 15
    00000C68 BE                    3255 	.db #0xbe	; 190
    00000C69 FB                    3256 	.db #0xfb	; 251
    00000C6A EF                    3257 	.db #0xef	; 239
    00000C6B BE                    3258 	.db #0xbe	; 190
    00000C6C FB                    3259 	.db #0xfb	; 251
    00000C6D EF                    3260 	.db #0xef	; 239
    00000C6E BE                    3261 	.db #0xbe	; 190
    00000C6F 46                    3262 	.db #0x46	; 70	'F'
    00000C70 EF                    3263 	.db #0xef	; 239
    00000C71 5B                    3264 	.db #0x5b	; 91
    00000C72 9B                    3265 	.db #0x9b	; 155
    00000C73 B3                    3266 	.db #0xb3	; 179
    00000C74 6E                    3267 	.db #0x6e	; 110	'n'
    00000C75 6E                    3268 	.db #0x6e	; 110	'n'
    00000C76 F5                    3269 	.db #0xf5	; 245
    00000C77 B9                    3270 	.db #0xb9	; 185
    00000C78 02                    3271 	.db #0x02	; 2
    00000C79 AA                    3272 	.db #0xaa	; 170
    00000C7A 80                    3273 	.db #0x80	; 128
    00000C7B 07                    3274 	.db #0x07	; 7
    00000C7C DF                    3275 	.db #0xdf	; 223
    00000C7D 1F                    3276 	.db #0x1f	; 31
    00000C7E 7C                    3277 	.db #0x7c	; 124
    00000C7F 7D                    3278 	.db #0x7d	; 125
    00000C80 F2                    3279 	.db #0xf2	; 242
    00000C81 37                    3280 	.db #0x37	; 55	'7'
    00000C82 1B                    3281 	.db #0x1b	; 27
    00000C83 9B                    3282 	.db #0x9b	; 155
    00000C84 8D                    3283 	.db #0x8d	; 141
    00000C85 CD                    3284 	.db #0xcd	; 205
    00000C86 C6                    3285 	.db #0xc6	; 198
    00000C87 E4                    3286 	.db #0xe4	; 228
    00000C88 08                    3287 	.db #0x08	; 8
    00000C89 20                    3288 	.db #0x20	; 32
    00000C8A 01                    3289 	.db #0x01	; 1
    00000C8B F7                    3290 	.db #0xf7	; 247
    00000C8C C7                    3291 	.db #0xc7	; 199
    00000C8D DF                    3292 	.db #0xdf	; 223
    00000C8E 1F                    3293 	.db #0x1f	; 31
    00000C8F 7C                    3294 	.db #0x7c	; 124
    00000C90 8D                    3295 	.db #0x8d	; 141
    00000C91 F7                    3296 	.db #0xf7	; 247
    00000C92 DF                    3297 	.db #0xdf	; 223
    00000C93 7D                    3298 	.db #0x7d	; 125
    00000C94 CD                    3299 	.db #0xcd	; 205
    00000C95 F7                    3300 	.db #0xf7	; 247
    00000C96 DF                    3301 	.db #0xdf	; 223
    00000C97 7D                    3302 	.db #0x7d	; 125
    00000C98 CD                    3303 	.db #0xcd	; 205
    00000C99 F7                    3304 	.db #0xf7	; 247
    00000C9A DF                    3305 	.db #0xdf	; 223
    00000C9B 7D                    3306 	.db #0x7d	; 125
    00000C9C C8                    3307 	.db #0xc8	; 200
    00000C9D 10                    3308 	.db #0x10	; 16
    00000C9E 55                    3309 	.db #0x55	; 85	'U'
    00000C9F 55                    3310 	.db #0x55	; 85	'U'
    00000CA0 07                    3311 	.db #0x07	; 7
    00000CA1 DF                    3312 	.db #0xdf	; 223
    00000CA2 1F                    3313 	.db #0x1f	; 31
    00000CA3 7C                    3314 	.db #0x7c	; 124
    00000CA4 7D                    3315 	.db #0x7d	; 125
    00000CA5 F2                    3316 	.db #0xf2	; 242
    00000CA6 01                    3317 	.db #0x01	; 1
    00000CA7 B6                    3318 	.db #0xb6	; 182
    00000CA8 C0                    3319 	.db #0xc0	; 192
    00000CA9 DB                    3320 	.db #0xdb	; 219
    00000CAA 60                    3321 	.db #0x60	; 96
    00000CAB 10                    3322 	.db #0x10	; 16
    00000CAC 20                    3323 	.db #0x20	; 32
    00000CAD 00                    3324 	.db #0x00	; 0
    00000CAE 0F                    3325 	.db #0x0f	; 15
    00000CAF BE                    3326 	.db #0xbe	; 190
    00000CB0 FB                    3327 	.db #0xfb	; 251
    00000CB1 E3                    3328 	.db #0xe3	; 227
    00000CB2 EF                    3329 	.db #0xef	; 239
    00000CB3 BE                    3330 	.db #0xbe	; 190
    00000CB4 F9                    3331 	.db #0xf9	; 249
    00000CB5 1B                    3332 	.db #0x1b	; 27
    00000CB6 EF                    3333 	.db #0xef	; 239
    00000CB7 BE                    3334 	.db #0xbe	; 190
    00000CB8 FB                    3335 	.db #0xfb	; 251
    00000CB9 9B                    3336 	.db #0x9b	; 155
    00000CBA EF                    3337 	.db #0xef	; 239
    00000CBB BE                    3338 	.db #0xbe	; 190
    00000CBC FB                    3339 	.db #0xfb	; 251
    00000CBD 9B                    3340 	.db #0x9b	; 155
    00000CBE EF                    3341 	.db #0xef	; 239
    00000CBF BE                    3342 	.db #0xbe	; 190
    00000CC0 FB                    3343 	.db #0xfb	; 251
    00000CC1 96                    3344 	.db #0x96	; 150
    00000CC2 59                    3345 	.db #0x59	; 89	'Y'
    00000CC3 55                    3346 	.db #0x55	; 85	'U'
    00000CC4 00                    3347 	.db #0x00	; 0
    00000CC5 F0                    3348 	.db #0xf0	; 240
    00000CC6 00                    3349 	.db #0x00	; 0
    00000CC7 7C                    3350 	.db #0x7c	; 124
    00000CC8 7C                    3351 	.db #0x7c	; 124
    00000CC9 11                    3352 	.db #0x11	; 17
    00000CCA B8                    3353 	.db #0xb8	; 184
    00000CCB DC                    3354 	.db #0xdc	; 220
    00000CCC DC                    3355 	.db #0xdc	; 220
    00000CCD 6E                    3356 	.db #0x6e	; 110	'n'
    00000CCE 6E                    3357 	.db #0x6e	; 110	'n'
    00000CCF 37                    3358 	.db #0x37	; 55	'7'
    00000CD0 26                    3359 	.db #0x26	; 38
    00000CD1 C2                    3360 	.db #0xc2	; 194
    00000CD2 80                    3361 	.db #0x80	; 128
    00000CD3 00                    3362 	.db #0x00	; 0
    00000CD4 0F                    3363 	.db #0x0f	; 15
    00000CD5 BE                    3364 	.db #0xbe	; 190
    00000CD6 FB                    3365 	.db #0xfb	; 251
    00000CD7 E0                    3366 	.db #0xe0	; 224
    00000CD8 8D                    3367 	.db #0x8d	; 141
    00000CD9 DF                    3368 	.db #0xdf	; 223
    00000CDA 37                    3369 	.db #0x37	; 55	'7'
    00000CDB 37                    3370 	.db #0x37	; 55	'7'
    00000CDC 7A                    3371 	.db #0x7a	; 122	'z'
    00000CDD DC                    3372 	.db #0xdc	; 220
    00000CDE DD                    3373 	.db #0xdd	; 221
    00000CDF F3                    3374 	.db #0xf3	; 243
    00000CE0 72                    3375 	.db #0x72	; 114	'r'
    00000CE1 6D                    3376 	.db #0x6d	; 109	'm'
    00000CE2 B0                    3377 	.db #0xb0	; 176
    00000CE3 A0                    3378 	.db #0xa0	; 160
    00000CE4 00                    3379 	.db #0x00	; 0
    00000CE5 07                    3380 	.db #0x07	; 7
    00000CE6 DF                    3381 	.db #0xdf	; 223
    00000CE7 7D                    3382 	.db #0x7d	; 125
    00000CE8 F0                    3383 	.db #0xf0	; 240
    00000CE9 46                    3384 	.db #0x46	; 70	'F'
    00000CEA E3                    3385 	.db #0xe3	; 227
    00000CEB 73                    3386 	.db #0x73	; 115	's'
    00000CEC 71                    3387 	.db #0x71	; 113	'q'
    00000CED B9                    3388 	.db #0xb9	; 185
    00000CEE B8                    3389 	.db #0xb8	; 184
    00000CEF DC                    3390 	.db #0xdc	; 220
    00000CF0 88                    3391 	.db #0x88	; 136
    00000CF1 29                    3392 	.db #0x29	; 41
    00000CF2 F0                    3393 	.db #0xf0	; 240
    00000CF3 3C                    3394 	.db #0x3c	; 60
    00000CF4 07                    3395 	.db #0x07	; 7
    00000CF5 DF                    3396 	.db #0xdf	; 223
    00000CF6 7C                    3397 	.db #0x7c	; 124
    00000CF7 1F                    3398 	.db #0x1f	; 31
    00000CF8 7D                    3399 	.db #0x7d	; 125
    00000CF9 F2                    3400 	.db #0xf2	; 242
    00000CFA 37                    3401 	.db #0x37	; 55	'7'
    00000CFB DF                    3402 	.db #0xdf	; 223
    00000CFC 7D                    3403 	.db #0x7d	; 125
    00000CFD F7                    3404 	.db #0xf7	; 247
    00000CFE 37                    3405 	.db #0x37	; 55	'7'
    00000CFF DF                    3406 	.db #0xdf	; 223
    00000D00 7D                    3407 	.db #0x7d	; 125
    00000D01 F7                    3408 	.db #0xf7	; 247
    00000D02 37                    3409 	.db #0x37	; 55	'7'
    00000D03 DF                    3410 	.db #0xdf	; 223
    00000D04 7D                    3411 	.db #0x7d	; 125
    00000D05 F7                    3412 	.db #0xf7	; 247
    00000D06 2C                    3413 	.db #0x2c	; 44
    00000D07 B2                    3414 	.db #0xb2	; 178
    00000D08 A0                    3415 	.db #0xa0	; 160
    00000D09 A0                    3416 	.db #0xa0	; 160
    00000D0A 00                    3417 	.db #0x00	; 0
    00000D0B 1F                    3418 	.db #0x1f	; 31
    00000D0C 7D                    3419 	.db #0x7d	; 125
    00000D0D F7                    3420 	.db #0xf7	; 247
    00000D0E C1                    3421 	.db #0xc1	; 193
    00000D0F 00                    3422 	.db #0x00	; 0
    00000D10 00                    3423 	.db #0x00	; 0
    00000D11 00                    3424 	.db #0x00	; 0
    00000D12 9B                    3425 	.db #0x9b	; 155
    00000D13 28                    3426 	.db #0x28	; 40
    00000D14 29                    3427 	.db #0x29	; 41
    00000D15 F0                    3428 	.db #0xf0	; 240
    00000D16 03                    3429 	.db #0x03	; 3
    00000D17 EF                    3430 	.db #0xef	; 239
    00000D18 BE                    3431 	.db #0xbe	; 190
    00000D19 0F                    3432 	.db #0x0f	; 15
    00000D1A BE                    3433 	.db #0xbe	; 190
    00000D1B F9                    3434 	.db #0xf9	; 249
    00000D1C 55                    3435 	.db #0x55	; 85	'U'
    00000D1D 55                    3436 	.db #0x55	; 85	'U'
    00000D1E 50                    3437 	.db #0x50	; 80	'P'
    00000D1F AA                    3438 	.db #0xaa	; 170
    00000D20 AA                    3439 	.db #0xaa	; 170
    00000D21 A8                    3440 	.db #0xa8	; 168
    00000D22 F9                    3441 	.db #0xf9	; 249
    00000D23 41                    3442 	.db #0x41	; 65	'A'
    00000D24 40                    3443 	.db #0x40	; 64
    00000D25 00                    3444 	.db #0x00	; 0
    00000D26 00                    3445 	.db #0x00	; 0
    00000D27 00                    3446 	.db #0x00	; 0
    00000D28 79                    3447 	.db #0x79	; 121	'y'
    00000D29 0B                    3448 	.db #0x0b	; 11
    00000D2A C0                    3449 	.db #0xc0	; 192
    00000D2B 00                    3450 	.db #0x00	; 0
    00000D2C 28                    3451 	.db #0x28	; 40
    00000D2D 29                    3452 	.db #0x29	; 41
    00000D2E F0                    3453 	.db #0xf0	; 240
    00000D2F 00                    3454 	.db #0x00	; 0
    00000D30 00                    3455 	.db #0x00	; 0
    00000D31 00                    3456 	.db #0x00	; 0
    00000D32 42                    3457 	.db #0x42	; 66	'B'
    00000D33 00                    3458 	.db #0x00	; 0
    00000D34 03                    3459 	.db #0x03	; 3
    00000D35 E5                    3460 	.db #0xe5	; 229
    00000D36 05                    3461 	.db #0x05	; 5
    00000D37 00                    3462 	.db #0x00	; 0
    00000D38 00                    3463 	.db #0x00	; 0
    00000D39 00                    3464 	.db #0x00	; 0
    00000D3A 02                    3465 	.db #0x02	; 2
    00000D3B 10                    3466 	.db #0x10	; 16
    00000D3C 00                    3467 	.db #0x00	; 0
    00000D3D 02                    3468 	.db #0x02	; 2
    00000D3E 82                    3469 	.db #0x82	; 130
    00000D3F 9F                    3470 	.db #0x9f	; 159
    00000D40 0D                    3471 	.db #0x0d	; 13
    00000D41 B6                    3472 	.db #0xb6	; 182
    00000D42 00                    3473 	.db #0x00	; 0
    00000D43 00                    3474 	.db #0x00	; 0
    00000D44 04                    3475 	.db #0x04	; 4
    00000D45 20                    3476 	.db #0x20	; 32
    00000D46 00                    3477 	.db #0x00	; 0
    00000D47 0F                    3478 	.db #0x0f	; 15
    00000D48 94                    3479 	.db #0x94	; 148
    00000D49 14                    3480 	.db #0x14	; 20
    00000D4A 1B                    3481 	.db #0x1b	; 27
    00000D4B 6D                    3482 	.db #0x6d	; 109	'm'
    00000D4C B6                    3483 	.db #0xb6	; 182
    00000D4D DB                    3484 	.db #0xdb	; 219
    00000D4E 6C                    3485 	.db #0x6c	; 108	'l'
    00000D4F 00                    3486 	.db #0x00	; 0
    00000D50 00                    3487 	.db #0x00	; 0
    00000D51 84                    3488 	.db #0x84	; 132
    00000D52 00                    3489 	.db #0x00	; 0
    00000D53 00                    3490 	.db #0x00	; 0
    00000D54 28                    3491 	.db #0x28	; 40
    00000D55 29                    3492 	.db #0x29	; 41
    00000D56 F3                    3493 	.db #0xf3	; 243
    00000D57 6D                    3494 	.db #0x6d	; 109	'm'
    00000D58 80                    3495 	.db #0x80	; 128
    00000D59 00                    3496 	.db #0x00	; 0
    00000D5A 02                    3497 	.db #0x02	; 2
    00000D5B 85                    3498 	.db #0x85	; 133
    00000D5C 00                    3499 	.db #0x00	; 0
    00000D5D 00                    3500 	.db #0x00	; 0
    00000D5E 3E                    3501 	.db #0x3e	; 62
    00000D5F 50                    3502 	.db #0x50	; 80	'P'
    00000D60 50                    3503 	.db #0x50	; 80	'P'
    00000D61 00                    3504 	.db #0x00	; 0
    00000D62 00                    3505 	.db #0x00	; 0
    00000D63 0A                    3506 	.db #0x0a	; 10
    00000D64 35                    3507 	.db #0x35	; 53	'5'
    00000D65 28                    3508 	.db #0x28	; 40
    00000D66 00                    3509 	.db #0x00	; 0
    00000D67 00                    3510 	.db #0x00	; 0
    00000D68 50                    3511 	.db #0x50	; 80	'P'
    00000D69 50                    3512 	.db #0x50	; 80	'P'
    00000D6A 00                    3513 	.db #0x00	; 0
    00000D6B 00                    3514 	.db #0x00	; 0
    00000D6C 28                    3515 	.db #0x28	; 40
    00000D6D 6A                    3516 	.db #0x6a	; 106	'j'
    00000D6E 28                    3517 	.db #0x28	; 40
    00000D6F 0F                    3518 	.db #0x0f	; 15
    00000D70 80                    3519 	.db #0x80	; 128
    00000D71 0F                    3520 	.db #0x0f	; 15
    00000D72 94                    3521 	.db #0x94	; 148
    00000D73 14                    3522 	.db #0x14	; 20
    00000D74 00                    3523 	.db #0x00	; 0
    00000D75 00                    3524 	.db #0x00	; 0
    00000D76 28                    3525 	.db #0x28	; 40
    00000D77 01                    3526 	.db #0x01	; 1
    00000D78 40                    3527 	.db #0x40	; 64
    00000D79 00                    3528 	.db #0x00	; 0
    00000D7A 02                    3529 	.db #0x02	; 2
    00000D7B 82                    3530 	.db #0x82	; 130
    00000D7C 00                    3531 	.db #0x00	; 0
    00000D7D 00                    3532 	.db #0x00	; 0
    00000D7E 28                    3533 	.db #0x28	; 40
    00000D7F 00                    3534 	.db #0x00	; 0
    00000D80 50                    3535 	.db #0x50	; 80	'P'
    00000D81 00                    3536 	.db #0x00	; 0
    00000D82 03                    3537 	.db #0x03	; 3
    00000D83 E5                    3538 	.db #0xe5	; 229
    00000D84 00                    3539 	.db #0x00	; 0
    00000D85 00                    3540 	.db #0x00	; 0
    00000D86 02                    3541 	.db #0x02	; 2
    00000D87 80                    3542 	.db #0x80	; 128
    00000D88 01                    3543 	.db #0x01	; 1
    00000D89 40                    3544 	.db #0x40	; 64
    00000D8A 00                    3545 	.db #0x00	; 0
    00000D8B 06                    3546 	.db #0x06	; 6
    00000D8C B4                    3547 	.db #0xb4	; 180
    00000D8D 00                    3548 	.db #0x00	; 0
    00000D8E 00                    3549 	.db #0x00	; 0
    00000D8F 2B                    3550 	.db #0x2b	; 43
    00000D90 9E                    3551 	.db #0x9e	; 158
    00000D91 79                    3552 	.db #0x79	; 121	'y'
    00000D92 E7                    3553 	.db #0xe7	; 231
    00000D93 9E                    3554 	.db #0x9e	; 158
    00000D94 79                    3555 	.db #0x79	; 121	'y'
    00000D95 E7                    3556 	.db #0xe7	; 231
    00000D96 9E                    3557 	.db #0x9e	; 158
    00000D97 79                    3558 	.db #0x79	; 121	'y'
    00000D98 E7                    3559 	.db #0xe7	; 231
    00000D99 9E                    3560 	.db #0x9e	; 158
    00000D9A 79                    3561 	.db #0x79	; 121	'y'
    00000D9B AA                    3562 	.db #0xaa	; 170
    00000D9C AA                    3563 	.db #0xaa	; 170
    00000D9D AA                    3564 	.db #0xaa	; 170
    00000D9E AA                    3565 	.db #0xaa	; 170
    00000D9F AA                    3566 	.db #0xaa	; 170
    00000DA0 A8                    3567 	.db #0xa8	; 168
    00000DA1 00                    3568 	.db #0x00	; 0
    00000DA2 01                    3569 	.db #0x01	; 1
    00000DA3 40                    3570 	.db #0x40	; 64
    00000DA4 00                    3571 	.db #0x00	; 0
    00000DA5 0B                    3572 	.db #0x0b	; 11
    00000DA6 20                    3573 	.db #0x20	; 32
    00000DA7 00                    3574 	.db #0x00	; 0
    00000DA8 00                    3575 	.db #0x00	; 0
    00000DA9 00                    3576 	.db #0x00	; 0
    00000DAA 00                    3577 	.db #0x00	; 0
    00000DAB CB                    3578 	.db #0xcb	; 203
    00000DAC 2E                    3579 	.db #0x2e	; 46
    00000DAD BA                    3580 	.db #0xba	; 186
    00000DAE EB                    3581 	.db #0xeb	; 235
    00000DAF AE                    3582 	.db #0xae	; 174
    00000DB0 BA                    3583 	.db #0xba	; 186
    00000DB1 EB                    3584 	.db #0xeb	; 235
    00000DB2 AE                    3585 	.db #0xae	; 174
    00000DB3 BA                    3586 	.db #0xba	; 186
    00000DB4 EB                    3587 	.db #0xeb	; 235
    00000DB5 AE                    3588 	.db #0xae	; 174
    00000DB6 BA                    3589 	.db #0xba	; 186
    00000DB7 EB                    3590 	.db #0xeb	; 235
    00000DB8 AE                    3591 	.db #0xae	; 174
    00000DB9 BA                    3592 	.db #0xba	; 186
    00000DBA EB                    3593 	.db #0xeb	; 235
    00000DBB 20                    3594 	.db #0x20	; 32
    00000DBC 00                    3595 	.db #0x00	; 0
    00000DBD 00                    3596 	.db #0x00	; 0
    00000DBE 70                    3597 	.db #0x70	; 112	'p'
    00000DBF                       3598 _dandy_level_8:
    00000DBF E3                    3599 	.db #0xe3	; 227
    00000DC0 CE                    3600 	.db #0xce	; 206
    00000DC1 20                    3601 	.db #0x20	; 32
    00000DC2 01                    3602 	.db #0x01	; 1
    00000DC3 CF                    3603 	.db #0xcf	; 207
    00000DC4 31                    3604 	.db #0x31	; 49	'1'
    00000DC5 95                    3605 	.db #0x95	; 149
    00000DC6 55                    3606 	.db #0x55	; 85	'U'
    00000DC7 73                    3607 	.db #0x73	; 115	's'
    00000DC8 CF                    3608 	.db #0xcf	; 207
    00000DC9 3C                    3609 	.db #0x3c	; 60
    00000DCA F3                    3610 	.db #0xf3	; 243
    00000DCB CF                    3611 	.db #0xcf	; 207
    00000DCC 35                    3612 	.db #0x35	; 53	'5'
    00000DCD 55                    3613 	.db #0x55	; 85	'U'
    00000DCE 55                    3614 	.db #0x55	; 85	'U'
    00000DCF 05                    3615 	.db #0x05	; 5
    00000DD0 D0                    3616 	.db #0xd0	; 208
    00000DD1 0F                    3617 	.db #0x0f	; 15
    00000DD2 38                    3618 	.db #0x38	; 56	'8'
    00000DD3 F2                    3619 	.db #0xf2	; 242
    00000DD4 55                    3620 	.db #0x55	; 85	'U'
    00000DD5 54                    3621 	.db #0x54	; 84	'T'
    00000DD6 39                    3622 	.db #0x39	; 57	'9'
    00000DD7 E6                    3623 	.db #0xe6	; 230
    00000DD8 32                    3624 	.db #0x32	; 50	'2'
    00000DD9 AA                    3625 	.db #0xaa	; 170
    00000DDA AE                    3626 	.db #0xae	; 174
    00000DDB 6A                    3627 	.db #0x6a	; 106	'j'
    00000DDC AE                    3628 	.db #0xae	; 174
    00000DDD 40                    3629 	.db #0x40	; 64
    00000DDE 00                    3630 	.db #0x00	; 0
    00000DDF 55                    3631 	.db #0x55	; 85	'U'
    00000DE0 54                    3632 	.db #0x54	; 84	'T'
    00000DE1 71                    3633 	.db #0x71	; 113	'q'
    00000DE2 E7                    3634 	.db #0xe7	; 231
    00000DE3 12                    3635 	.db #0x12	; 18
    00000DE4 04                    3636 	.db #0x04	; 4
    00000DE5 AE                    3637 	.db #0xae	; 174
    00000DE6 79                    3638 	.db #0x79	; 121	'y'
    00000DE7 19                    3639 	.db #0x19	; 25
    00000DE8 55                    3640 	.db #0x55	; 85	'U'
    00000DE9 57                    3641 	.db #0x57	; 87	'W'
    00000DEA 3C                    3642 	.db #0x3c	; 60
    00000DEB F3                    3643 	.db #0xf3	; 243
    00000DEC CF                    3644 	.db #0xcf	; 207
    00000DED 3C                    3645 	.db #0x3c	; 60
    00000DEE F3                    3646 	.db #0xf3	; 243
    00000DEF 55                    3647 	.db #0x55	; 85	'U'
    00000DF0 55                    3648 	.db #0x55	; 85	'U'
    00000DF1 50                    3649 	.db #0x50	; 80	'P'
    00000DF2 00                    3650 	.db #0x00	; 0
    00000DF3 04                    3651 	.db #0x04	; 4
    00000DF4 81                    3652 	.db #0x81	; 129
    00000DF5 37                    3653 	.db #0x37	; 55	'7'
    00000DF6 B9                    3654 	.db #0xb9	; 185
    00000DF7 E6                    3655 	.db #0xe6	; 230
    00000DF8 32                    3656 	.db #0x32	; 50	'2'
    00000DF9 AA                    3657 	.db #0xaa	; 170
    00000DFA AA                    3658 	.db #0xaa	; 170
    00000DFB B9                    3659 	.db #0xb9	; 185
    00000DFC AA                    3660 	.db #0xaa	; 170
    00000DFD AA                    3661 	.db #0xaa	; 170
    00000DFE AB                    3662 	.db #0xab	; 171
    00000DFF 7A                    3663 	.db #0x7a	; 122	'z'
    00000E00 02                    3664 	.db #0x02	; 2
    00000E01 AA                    3665 	.db #0xaa	; 170
    00000E02 1F                    3666 	.db #0x1f	; 31
    00000E03 A4                    3667 	.db #0xa4	; 164
    00000E04 7A                    3668 	.db #0x7a	; 122	'z'
    00000E05 45                    3669 	.db #0x45	; 69	'E'
    00000E06 CF                    3670 	.db #0xcf	; 207
    00000E07 31                    3671 	.db #0x31	; 49	'1'
    00000E08 90                    3672 	.db #0x90	; 144
    00000E09 03                    3673 	.db #0x03	; 3
    00000E0A 90                    3674 	.db #0x90	; 144
    00000E0B 05                    3675 	.db #0x05	; 5
    00000E0C BD                    3676 	.db #0xbd	; 189
    00000E0D BD                    3677 	.db #0xbd	; 189
    00000E0E 02                    3678 	.db #0x02	; 2
    00000E0F E9                    3679 	.db #0xe9	; 233
    00000E10 D0                    3680 	.db #0xd0	; 208
    00000E11 12                    3681 	.db #0x12	; 18
    00000E12 04                    3682 	.db #0x04	; 4
    00000E13 DE                    3683 	.db #0xde	; 222
    00000E14 E7                    3684 	.db #0xe7	; 231
    00000E15 91                    3685 	.db #0x91	; 145
    00000E16 95                    3686 	.db #0x95	; 149
    00000E17 55                    3687 	.db #0x55	; 85	'U'
    00000E18 55                    3688 	.db #0x55	; 85	'U'
    00000E19 55                    3689 	.db #0x55	; 85	'U'
    00000E1A 55                    3690 	.db #0x55	; 85	'U'
    00000E1B 2B                    3691 	.db #0x2b	; 43
    00000E1C 7B                    3692 	.db #0x7b	; 123
    00000E1D 7A                    3693 	.db #0x7a	; 122	'z'
    00000E1E A9                    3694 	.db #0xa9	; 169
    00000E1F 74                    3695 	.db #0x74	; 116	't'
    00000E20 E8                    3696 	.db #0xe8	; 232
    00000E21 09                    3697 	.db #0x09	; 9
    00000E22 02                    3698 	.db #0x02	; 2
    00000E23 2E                    3699 	.db #0x2e	; 46
    00000E24 79                    3700 	.db #0x79	; 121	'y'
    00000E25 8C                    3701 	.db #0x8c	; 140
    00000E26 90                    3702 	.db #0x90	; 144
    00000E27 0E                    3703 	.db #0x0e	; 14
    00000E28 40                    3704 	.db #0x40	; 64
    00000E29 4B                    3705 	.db #0x4b	; 75	'K'
    00000E2A 7B                    3706 	.db #0x7b	; 123
    00000E2B 7B                    3707 	.db #0x7b	; 123
    00000E2C 7B                    3708 	.db #0x7b	; 123
    00000E2D 7A                    3709 	.db #0x7a	; 122	'z'
    00000E2E 55                    3710 	.db #0x55	; 85	'U'
    00000E2F 40                    3711 	.db #0x40	; 64
    00000E30 90                    3712 	.db #0x90	; 144
    00000E31 26                    3713 	.db #0x26	; 38
    00000E32 F7                    3714 	.db #0xf7	; 247
    00000E33 3C                    3715 	.db #0x3c	; 60
    00000E34 C6                    3716 	.db #0xc6	; 198
    00000E35 49                    3717 	.db #0x49	; 73	'I'
    00000E36 55                    3718 	.db #0x55	; 85	'U'
    00000E37 55                    3719 	.db #0x55	; 85	'U'
    00000E38 55                    3720 	.db #0x55	; 85	'U'
    00000E39 25                    3721 	.db #0x25	; 37
    00000E3A 6F                    3722 	.db #0x6f	; 111	'o'
    00000E3B 6F                    3723 	.db #0x6f	; 111	'o'
    00000E3C 6F                    3724 	.db #0x6f	; 111	'o'
    00000E3D 6F                    3725 	.db #0x6f	; 111	'o'
    00000E3E 00                    3726 	.db #0x00	; 0
    00000E3F 7E                    3727 	.db #0x7e	; 126
    00000E40 FE                    3728 	.db #0xfe	; 254
    00000E41 40                    3729 	.db #0x40	; 64
    00000E42 8B                    3730 	.db #0x8b	; 139
    00000E43 9E                    3731 	.db #0x9e	; 158
    00000E44 46                    3732 	.db #0x46	; 70	'F'
    00000E45 49                    3733 	.db #0x49	; 73	'I'
    00000E46 03                    3734 	.db #0x03	; 3
    00000E47 90                    3735 	.db #0x90	; 144
    00000E48 49                    3736 	.db #0x49	; 73	'I'
    00000E49 6F                    3737 	.db #0x6f	; 111	'o'
    00000E4A 6F                    3738 	.db #0x6f	; 111	'o'
    00000E4B 6F                    3739 	.db #0x6f	; 111	'o'
    00000E4C 6F                    3740 	.db #0x6f	; 111	'o'
    00000E4D 55                    3741 	.db #0x55	; 85	'U'
    00000E4E 55                    3742 	.db #0x55	; 85	'U'
    00000E4F 04                    3743 	.db #0x04	; 4
    00000E50 8F                    3744 	.db #0x8f	; 143
    00000E51 49                    3745 	.db #0x49	; 73	'I'
    00000E52 BD                    3746 	.db #0xbd	; 189
    00000E53 CF                    3747 	.db #0xcf	; 207
    00000E54 31                    3748 	.db #0x31	; 49	'1'
    00000E55 92                    3749 	.db #0x92	; 146
    00000E56 4A                    3750 	.db #0x4a	; 74	'J'
    00000E57 AA                    3751 	.db #0xaa	; 170
    00000E58 A9                    3752 	.db #0xa9	; 169
    00000E59 25                    3753 	.db #0x25	; 37
    00000E5A 6F                    3754 	.db #0x6f	; 111	'o'
    00000E5B 6F                    3755 	.db #0x6f	; 111	'o'
    00000E5C 6F                    3756 	.db #0x6f	; 111	'o'
    00000E5D 6F                    3757 	.db #0x6f	; 111	'o'
    00000E5E 6F                    3758 	.db #0x6f	; 111	'o'
    00000E5F 6F                    3759 	.db #0x6f	; 111	'o'
    00000E60 6F                    3760 	.db #0x6f	; 111	'o'
    00000E61 21                    3761 	.db #0x21	; 33
    00000E62 20                    3762 	.db #0x20	; 32
    00000E63 45                    3763 	.db #0x45	; 69	'E'
    00000E64 CF                    3764 	.db #0xcf	; 207
    00000E65 31                    3765 	.db #0x31	; 49	'1'
    00000E66 92                    3766 	.db #0x92	; 146
    00000E67 48                    3767 	.db #0x48	; 72	'H'
    00000E68 72                    3768 	.db #0x72	; 114	'r'
    00000E69 24                    3769 	.db #0x24	; 36
    00000E6A 96                    3770 	.db #0x96	; 150
    00000E6B F6                    3771 	.db #0xf6	; 246
    00000E6C F6                    3772 	.db #0xf6	; 246
    00000E6D F6                    3773 	.db #0xf6	; 246
    00000E6E F6                    3774 	.db #0xf6	; 246
    00000E6F F6                    3775 	.db #0xf6	; 246
    00000E70 F6                    3776 	.db #0xf6	; 246
    00000E71 F5                    3777 	.db #0xf5	; 245
    00000E72 04                    3778 	.db #0x04	; 4
    00000E73 81                    3779 	.db #0x81	; 129
    00000E74 37                    3780 	.db #0x37	; 55	'7'
    00000E75 B9                    3781 	.db #0xb9	; 185
    00000E76 E4                    3782 	.db #0xe4	; 228
    00000E77 64                    3783 	.db #0x64	; 100	'd'
    00000E78 92                    3784 	.db #0x92	; 146
    00000E79 55                    3785 	.db #0x55	; 85	'U'
    00000E7A 49                    3786 	.db #0x49	; 73	'I'
    00000E7B 25                    3787 	.db #0x25	; 37
    00000E7C 56                    3788 	.db #0x56	; 86	'V'
    00000E7D F6                    3789 	.db #0xf6	; 246
    00000E7E F6                    3790 	.db #0xf6	; 246
    00000E7F F6                    3791 	.db #0xf6	; 246
    00000E80 F6                    3792 	.db #0xf6	; 246
    00000E81 F6                    3793 	.db #0xf6	; 246
    00000E82 F2                    3794 	.db #0xf2	; 242
    00000E83 7E                    3795 	.db #0x7e	; 126
    00000E84 90                    3796 	.db #0x90	; 144
    00000E85 22                    3797 	.db #0x22	; 34
    00000E86 E7                    3798 	.db #0xe7	; 231
    00000E87 98                    3799 	.db #0x98	; 152
    00000E88 C9                    3800 	.db #0xc9	; 201
    00000E89 21                    3801 	.db #0x21	; 33
    00000E8A 09                    3802 	.db #0x09	; 9
    00000E8B 00                    3803 	.db #0x00	; 0
    00000E8C 55                    3804 	.db #0x55	; 85	'U'
    00000E8D 6F                    3805 	.db #0x6f	; 111	'o'
    00000E8E 6F                    3806 	.db #0x6f	; 111	'o'
    00000E8F 6F                    3807 	.db #0x6f	; 111	'o'
    00000E90 6F                    3808 	.db #0x6f	; 111	'o'
    00000E91 50                    3809 	.db #0x50	; 80	'P'
    00000E92 48                    3810 	.db #0x48	; 72	'H'
    00000E93 13                    3811 	.db #0x13	; 19
    00000E94 7B                    3812 	.db #0x7b	; 123
    00000E95 9E                    3813 	.db #0x9e	; 158
    00000E96 63                    3814 	.db #0x63	; 99	'c'
    00000E97 24                    3815 	.db #0x24	; 36
    00000E98 AA                    3816 	.db #0xaa	; 170
    00000E99 99                    3817 	.db #0x99	; 153
    00000E9A 89                    3818 	.db #0x89	; 137
    00000E9B 55                    3819 	.db #0x55	; 85	'U'
    00000E9C 40                    3820 	.db #0x40	; 64
    00000E9D B7                    3821 	.db #0xb7	; 183
    00000E9E B7                    3822 	.db #0xb7	; 183
    00000E9F B7                    3823 	.db #0xb7	; 183
    00000EA0 B7                    3824 	.db #0xb7	; 183
    00000EA1 90                    3825 	.db #0x90	; 144
    00000EA2 91                    3826 	.db #0x91	; 145
    00000EA3 E9                    3827 	.db #0xe9	; 233
    00000EA4 17                    3828 	.db #0x17	; 23
    00000EA5 3C                    3829 	.db #0x3c	; 60
    00000EA6 8C                    3830 	.db #0x8c	; 140
    00000EA7 92                    3831 	.db #0x92	; 146
    00000EA8 10                    3832 	.db #0x10	; 16
    00000EA9 90                    3833 	.db #0x90	; 144
    00000EAA 05                    3834 	.db #0x05	; 5
    00000EAB 15                    3835 	.db #0x15	; 21
    00000EAC BD                    3836 	.db #0xbd	; 189
    00000EAD BD                    3837 	.db #0xbd	; 189
    00000EAE BD                    3838 	.db #0xbd	; 189
    00000EAF 41                    3839 	.db #0x41	; 65	'A'
    00000EB0 20                    3840 	.db #0x20	; 32
    00000EB1 4D                    3841 	.db #0x4d	; 77	'M'
    00000EB2 EE                    3842 	.db #0xee	; 238
    00000EB3 79                    3843 	.db #0x79	; 121	'y'
    00000EB4 8C                    3844 	.db #0x8c	; 140
    00000EB5 92                    3845 	.db #0x92	; 146
    00000EB6 4A                    3846 	.db #0x4a	; 74	'J'
    00000EB7 A9                    3847 	.db #0xa9	; 169
    00000EB8 24                    3848 	.db #0x24	; 36
    00000EB9 AA                    3849 	.db #0xaa	; 170
    00000EBA A5                    3850 	.db #0xa5	; 165
    00000EBB BD                    3851 	.db #0xbd	; 189
    00000EBC BD                    3852 	.db #0xbd	; 189
    00000EBD BD                    3853 	.db #0xbd	; 189
    00000EBE BC                    3854 	.db #0xbc	; 188
    00000EBF 84                    3855 	.db #0x84	; 132
    00000EC0 81                    3856 	.db #0x81	; 129
    00000EC1 17                    3857 	.db #0x17	; 23
    00000EC2 3C                    3858 	.db #0x3c	; 60
    00000EC3 C6                    3859 	.db #0xc6	; 198
    00000EC4 49                    3860 	.db #0x49	; 73	'I'
    00000EC5 21                    3861 	.db #0x21	; 33
    00000EC6 C8                    3862 	.db #0xc8	; 200
    00000EC7 92                    3863 	.db #0x92	; 146
    00000EC8 56                    3864 	.db #0x56	; 86	'V'
    00000EC9 D5                    3865 	.db #0xd5	; 213
    00000ECA 2B                    3866 	.db #0x2b	; 43
    00000ECB 7B                    3867 	.db #0x7b	; 123
    00000ECC 7B                    3868 	.db #0x7b	; 123
    00000ECD 7A                    3869 	.db #0x7a	; 122	'z'
    00000ECE 8F                    3870 	.db #0x8f	; 143
    00000ECF 92                    3871 	.db #0x92	; 146
    00000ED0 04                    3872 	.db #0x04	; 4
    00000ED1 DE                    3873 	.db #0xde	; 222
    00000ED2 E7                    3874 	.db #0xe7	; 231
    00000ED3 91                    3875 	.db #0x91	; 145
    00000ED4 92                    3876 	.db #0x92	; 146
    00000ED5 4A                    3877 	.db #0x4a	; 74	'J'
    00000ED6 AA                    3878 	.db #0xaa	; 170
    00000ED7 A9                    3879 	.db #0xa9	; 169
    00000ED8 25                    3880 	.db #0x25	; 37
    00000ED9 B5                    3881 	.db #0xb5	; 181
    00000EDA B5                    3882 	.db #0xb5	; 181
    00000EDB 2A                    3883 	.db #0x2a	; 42
    00000EDC AA                    3884 	.db #0xaa	; 170
    00000EDD A4                    3885 	.db #0xa4	; 164
    00000EDE 24                    3886 	.db #0x24	; 36
    00000EDF 7A                    3887 	.db #0x7a	; 122	'z'
    00000EE0 45                    3888 	.db #0x45	; 69	'E'
    00000EE1 CF                    3889 	.db #0xcf	; 207
    00000EE2 31                    3890 	.db #0x31	; 49	'1'
    00000EE3 92                    3891 	.db #0x92	; 146
    00000EE4 40                    3892 	.db #0x40	; 64
    00000EE5 E4                    3893 	.db #0xe4	; 228
    00000EE6 12                    3894 	.db #0x12	; 18
    00000EE7 56                    3895 	.db #0x56	; 86	'V'
    00000EE8 D6                    3896 	.db #0xd6	; 214
    00000EE9 D2                    3897 	.db #0xd2	; 210
    00000EEA 01                    3898 	.db #0x01	; 1
    00000EEB 41                    3899 	.db #0x41	; 65	'A'
    00000EEC 20                    3900 	.db #0x20	; 32
    00000EED 4A                    3901 	.db #0x4a	; 74	'J'
    00000EEE E7                    3902 	.db #0xe7	; 231
    00000EEF 98                    3903 	.db #0x98	; 152
    00000EF0 C9                    3904 	.db #0xc9	; 201
    00000EF1 2A                    3905 	.db #0x2a	; 42
    00000EF2 AA                    3906 	.db #0xaa	; 170
    00000EF3 AA                    3907 	.db #0xaa	; 170
    00000EF4 A4                    3908 	.db #0xa4	; 164
    00000EF5 B6                    3909 	.db #0xb6	; 182
    00000EF6 B6                    3910 	.db #0xb6	; 182
    00000EF7 A4                    3911 	.db #0xa4	; 164
    00000EF8 D0                    3912 	.db #0xd0	; 208
    00000EF9 68                    3913 	.db #0x68	; 104	'h'
    00000EFA 90                    3914 	.db #0x90	; 144
    00000EFB 90                    3915 	.db #0x90	; 144
    00000EFC 21                    3916 	.db #0x21	; 33
    00000EFD CF                    3917 	.db #0xcf	; 207
    00000EFE 23                    3918 	.db #0x23	; 35
    00000EFF 24                    3919 	.db #0x24	; 36
    00000F00 03                    3920 	.db #0x03	; 3
    00000F01 90                    3921 	.db #0x90	; 144
    00000F02 16                    3922 	.db #0x16	; 22
    00000F03 B5                    3923 	.db #0xb5	; 181
    00000F04 B5                    3924 	.db #0xb5	; 181
    00000F05 48                    3925 	.db #0x48	; 72	'H'
    00000F06 05                    3926 	.db #0x05	; 5
    00000F07 04                    3927 	.db #0x04	; 4
    00000F08 8F                    3928 	.db #0x8f	; 143
    00000F09 48                    3929 	.db #0x48	; 72	'H'
    00000F0A 73                    3930 	.db #0x73	; 115	's'
    00000F0B CC                    3931 	.db #0xcc	; 204
    00000F0C 55                    3932 	.db #0x55	; 85	'U'
    00000F0D 55                    3933 	.db #0x55	; 85	'U'
    00000F0E 55                    3934 	.db #0x55	; 85	'U'
    00000F0F 55                    3935 	.db #0x55	; 85	'U'
    00000F10 55                    3936 	.db #0x55	; 85	'U'
    00000F11 55                    3937 	.db #0x55	; 85	'U'
    00000F12 52                    3938 	.db #0x52	; 82	'R'
    00000F13 75                    3939 	.db #0x75	; 117	'u'
    00000F14 D7                    3940 	.db #0xd7	; 215
    00000F15 5D                    3941 	.db #0x5d	; 93
    00000F16 74                    3942 	.db #0x74	; 116	't'
    00000F17 93                    3943 	.db #0x93	; 147
    00000F18 D4                    3944 	.db #0xd4	; 212
    00000F19 81                    3945 	.db #0x81	; 129
    00000F1A 55                    3946 	.db #0x55	; 85	'U'
    00000F1B 55                    3947 	.db #0x55	; 85	'U'
    00000F1C 5B                    3948 	.db #0x5b	; 91
    00000F1D 77                    3949 	.db #0x77	; 119	'w'
    00000F1E BF                    3950 	.db #0xbf	; 191
    00000F1F 7B                    3951 	.db #0x7b	; 123
    00000F20 F7                    3952 	.db #0xf7	; 247
    00000F21 BF                    3953 	.db #0xbf	; 191
    00000F22 5B                    3954 	.db #0x5b	; 91
    00000F23 F5                    3955 	.db #0xf5	; 245
    00000F24 BF                    3956 	.db #0xbf	; 191
    00000F25 5B                    3957 	.db #0x5b	; 91
    00000F26 F5                    3958 	.db #0xf5	; 245
    00000F27 BF                    3959 	.db #0xbf	; 191
    00000F28 3B                    3960 	.db #0x3b	; 59
    00000F29 F3                    3961 	.db #0xf3	; 243
    00000F2A BF                    3962 	.db #0xbf	; 191
    00000F2B 3B                    3963 	.db #0x3b	; 59
    00000F2C F3                    3964 	.db #0xf3	; 243
    00000F2D BE                    3965 	.db #0xbe	; 190
    00000F2E 44                    3966 	.db #0x44	; 68	'D'
    00000F2F 02                    3967 	.db #0x02	; 2
    00000F30 82                    3968 	.db #0x82	; 130
    00000F31 40                    3969 	.db #0x40	; 64
    00000F32 00                    3970 	.db #0x00	; 0
    00000F33 5B                    3971 	.db #0x5b	; 91
    00000F34 6F                    3972 	.db #0x6f	; 111	'o'
    00000F35 DE                    3973 	.db #0xde	; 222
    00000F36 FD                    3974 	.db #0xfd	; 253
    00000F37 EF                    3975 	.db #0xef	; 239
    00000F38 DE                    3976 	.db #0xde	; 222
    00000F39 FD                    3977 	.db #0xfd	; 253
    00000F3A 6F                    3978 	.db #0x6f	; 111	'o'
    00000F3B D6                    3979 	.db #0xd6	; 214
    00000F3C FD                    3980 	.db #0xfd	; 253
    00000F3D 6F                    3981 	.db #0x6f	; 111	'o'
    00000F3E D6                    3982 	.db #0xd6	; 214
    00000F3F FC                    3983 	.db #0xfc	; 252
    00000F40 EF                    3984 	.db #0xef	; 239
    00000F41 CE                    3985 	.db #0xce	; 206
    00000F42 FC                    3986 	.db #0xfc	; 252
    00000F43 EF                    3987 	.db #0xef	; 239
    00000F44 CE                    3988 	.db #0xce	; 206
    00000F45 45                    3989 	.db #0x45	; 69	'E'
    00000F46 55                    3990 	.db #0x55	; 85	'U'
    00000F47 54                    3991 	.db #0x54	; 84	'T'
    00000F48 84                    3992 	.db #0x84	; 132
    00000F49 AA                    3993 	.db #0xaa	; 170
    00000F4A AA                    3994 	.db #0xaa	; 170
    00000F4B AA                    3995 	.db #0xaa	; 170
    00000F4C 16                    3996 	.db #0x16	; 22
    00000F4D DD                    3997 	.db #0xdd	; 221
    00000F4E EF                    3998 	.db #0xef	; 239
    00000F4F DE                    3999 	.db #0xde	; 222
    00000F50 FD                    4000 	.db #0xfd	; 253
    00000F51 EF                    4001 	.db #0xef	; 239
    00000F52 D6                    4002 	.db #0xd6	; 214
    00000F53 FD                    4003 	.db #0xfd	; 253
    00000F54 6F                    4004 	.db #0x6f	; 111	'o'
    00000F55 D6                    4005 	.db #0xd6	; 214
    00000F56 FD                    4006 	.db #0xfd	; 253
    00000F57 6F                    4007 	.db #0x6f	; 111	'o'
    00000F58 CE                    4008 	.db #0xce	; 206
    00000F59 FC                    4009 	.db #0xfc	; 252
    00000F5A EF                    4010 	.db #0xef	; 239
    00000F5B CE                    4011 	.db #0xce	; 206
    00000F5C FC                    4012 	.db #0xfc	; 252
    00000F5D EF                    4013 	.db #0xef	; 239
    00000F5E 91                    4014 	.db #0x91	; 145
    00000F5F 55                    4015 	.db #0x55	; 85	'U'
    00000F60 54                    4016 	.db #0x54	; 84	'T'
    00000F61 82                    4017 	.db #0x82	; 130
    00000F62 00                    4018 	.db #0x00	; 0
    00000F63 03                    4019 	.db #0x03	; 3
    00000F64 85                    4020 	.db #0x85	; 133
    00000F65 B6                    4021 	.db #0xb6	; 182
    00000F66 FD                    4022 	.db #0xfd	; 253
    00000F67 EF                    4023 	.db #0xef	; 239
    00000F68 DE                    4024 	.db #0xde	; 222
    00000F69 FD                    4025 	.db #0xfd	; 253
    00000F6A EF                    4026 	.db #0xef	; 239
    00000F6B D6                    4027 	.db #0xd6	; 214
    00000F6C FD                    4028 	.db #0xfd	; 253
    00000F6D 6F                    4029 	.db #0x6f	; 111	'o'
    00000F6E D6                    4030 	.db #0xd6	; 214
    00000F6F FD                    4031 	.db #0xfd	; 253
    00000F70 6F                    4032 	.db #0x6f	; 111	'o'
    00000F71 CE                    4033 	.db #0xce	; 206
    00000F72 FC                    4034 	.db #0xfc	; 252
    00000F73 EF                    4035 	.db #0xef	; 239
    00000F74 CE                    4036 	.db #0xce	; 206
    00000F75 FC                    4037 	.db #0xfc	; 252
    00000F76 E4                    4038 	.db #0xe4	; 228
    00000F77 55                    4039 	.db #0x55	; 85	'U'
    00000F78 55                    4040 	.db #0x55	; 85	'U'
    00000F79 40                    4041 	.db #0x40	; 64
    00000F7A AA                    4042 	.db #0xaa	; 170
    00000F7B AA                    4043 	.db #0xaa	; 170
    00000F7C AA                    4044 	.db #0xaa	; 170
    00000F7D A8                    4045 	.db #0xa8	; 168
    00000F7E B6                    4046 	.db #0xb6	; 182
    00000F7F EF                    4047 	.db #0xef	; 239
    00000F80 7E                    4048 	.db #0x7e	; 126
    00000F81 F7                    4049 	.db #0xf7	; 247
    00000F82 EF                    4050 	.db #0xef	; 239
    00000F83 7E                    4051 	.db #0x7e	; 126
    00000F84 B7                    4052 	.db #0xb7	; 183
    00000F85 EB                    4053 	.db #0xeb	; 235
    00000F86 7E                    4054 	.db #0x7e	; 126
    00000F87 B7                    4055 	.db #0xb7	; 183
    00000F88 EB                    4056 	.db #0xeb	; 235
    00000F89 7E                    4057 	.db #0x7e	; 126
    00000F8A 77                    4058 	.db #0x77	; 119	'w'
    00000F8B E7                    4059 	.db #0xe7	; 231
    00000F8C 7E                    4060 	.db #0x7e	; 126
    00000F8D 77                    4061 	.db #0x77	; 119	'w'
    00000F8E E7                    4062 	.db #0xe7	; 231
    00000F8F 7C                    4063 	.db #0x7c	; 124
    00000F90 8A                    4064 	.db #0x8a	; 138
    00000F91 AA                    4065 	.db #0xaa	; 170
    00000F92 A0                    4066 	.db #0xa0	; 160
    00000F93 00                    4067 	.db #0x00	; 0
    00000F94 00                    4068 	.db #0x00	; 0
    00000F95 16                    4069 	.db #0x16	; 22
    00000F96 DB                    4070 	.db #0xdb	; 219
    00000F97 F7                    4071 	.db #0xf7	; 247
    00000F98 BF                    4072 	.db #0xbf	; 191
    00000F99 7B                    4073 	.db #0x7b	; 123
    00000F9A F7                    4074 	.db #0xf7	; 247
    00000F9B BF                    4075 	.db #0xbf	; 191
    00000F9C 5B                    4076 	.db #0x5b	; 91
    00000F9D F5                    4077 	.db #0xf5	; 245
    00000F9E BF                    4078 	.db #0xbf	; 191
    00000F9F 5B                    4079 	.db #0x5b	; 91
    00000FA0 F5                    4080 	.db #0xf5	; 245
    00000FA1 BF                    4081 	.db #0xbf	; 191
    00000FA2 3B                    4082 	.db #0x3b	; 59
    00000FA3 F3                    4083 	.db #0xf3	; 243
    00000FA4 BF                    4084 	.db #0xbf	; 191
    00000FA5 3B                    4085 	.db #0x3b	; 59
    00000FA6 F3                    4086 	.db #0xf3	; 243
    00000FA7 91                    4087 	.db #0x91	; 145
    00000FA8 55                    4088 	.db #0x55	; 85	'U'
    00000FA9 54                    4089 	.db #0x54	; 84	'T'
    00000FAA D0                    4090 	.db #0xd0	; 208
    00000FAB                       4091 _dandy_level_9:
    00000FAB B9                    4092 	.db #0xb9	; 185
    00000FAC 92                    4093 	.db #0x92	; 146
    00000FAD 5E                    4094 	.db #0x5e	; 94
    00000FAE 5E                    4095 	.db #0x5e	; 94
    00000FAF 49                    4096 	.db #0x49	; 73	'I'
    00000FB0 79                    4097 	.db #0x79	; 121	'y'
    00000FB1 79                    4098 	.db #0x79	; 121	'y'
    00000FB2 73                    4099 	.db #0x73	; 115	's'
    00000FB3 4A                    4100 	.db #0x4a	; 74	'J'
    00000FB4 E6                    4101 	.db #0xe6	; 230
    00000FB5 E6                    4102 	.db #0xe6	; 230
    00000FB6 95                    4103 	.db #0x95	; 149
    00000FB7 CD                    4104 	.db #0xcd	; 205
    00000FB8 C5                    4105 	.db #0xc5	; 197
    00000FB9 CC                    4106 	.db #0xcc	; 204
    00000FBA 97                    4107 	.db #0x97	; 151
    00000FBB 32                    4108 	.db #0x32	; 50	'2'
    00000FBC 49                    4109 	.db #0x49	; 73	'I'
    00000FBD 6C                    4110 	.db #0x6c	; 108	'l'
    00000FBE DA                    4111 	.db #0xda	; 218
    00000FBF 95                    4112 	.db #0x95	; 149
    00000FC0 2A                    4113 	.db #0x2a	; 42
    00000FC1 54                    4114 	.db #0x54	; 84	'T'
    00000FC2 A9                    4115 	.db #0xa9	; 169
    00000FC3 52                    4116 	.db #0x52	; 82	'R'
    00000FC4 4A                    4117 	.db #0x4a	; 74	'J'
    00000FC5 92                    4118 	.db #0x92	; 146
    00000FC6 54                    4119 	.db #0x54	; 84	'T'
    00000FC7 A9                    4120 	.db #0xa9	; 169
    00000FC8 52                    4121 	.db #0x52	; 82	'R'
    00000FC9 A5                    4122 	.db #0xa5	; 165
    00000FCA 46                    4123 	.db #0x46	; 70	'F'
    00000FCB 69                    4124 	.db #0x69	; 105	'i'
    00000FCC 2E                    4125 	.db #0x2e	; 46
    00000FCD 64                    4126 	.db #0x64	; 100	'd'
    00000FCE B9                    4127 	.db #0xb9	; 185
    00000FCF 92                    4128 	.db #0x92	; 146
    00000FD0 E6                    4129 	.db #0xe6	; 230
    00000FD1 54                    4130 	.db #0x54	; 84	'T'
    00000FD2 2A                    4131 	.db #0x2a	; 42
    00000FD3 A1                    4132 	.db #0xa1	; 161
    00000FD4 52                    4133 	.db #0x52	; 82	'R'
    00000FD5 49                    4134 	.db #0x49	; 73	'I'
    00000FD6 24                    4135 	.db #0x24	; 36
    00000FD7 92                    4136 	.db #0x92	; 146
    00000FD8 D9                    4137 	.db #0xd9	; 217
    00000FD9 B2                    4138 	.db #0xb2	; 178
    00000FDA A5                    4139 	.db #0xa5	; 165
    00000FDB 4A                    4140 	.db #0x4a	; 74	'J'
    00000FDC 95                    4141 	.db #0x95	; 149
    00000FDD 2A                    4142 	.db #0x2a	; 42
    00000FDE 86                    4143 	.db #0x86	; 134
    00000FDF C2                    4144 	.db #0xc2	; 194
    00000FE0 1B                    4145 	.db #0x1b	; 27
    00000FE1 0A                    4146 	.db #0x0a	; 10
    00000FE2 A5                    4147 	.db #0xa5	; 165
    00000FE3 4A                    4148 	.db #0x4a	; 74	'J'
    00000FE4 95                    4149 	.db #0x95	; 149
    00000FE5 2A                    4150 	.db #0x2a	; 42
    00000FE6 52                    4151 	.db #0x52	; 82	'R'
    00000FE7 49                    4152 	.db #0x49	; 73	'I'
    00000FE8 24                    4153 	.db #0x24	; 36
    00000FE9 92                    4154 	.db #0x92	; 146
    00000FEA 54                    4155 	.db #0x54	; 84	'T'
    00000FEB 2A                    4156 	.db #0x2a	; 42
    00000FEC A1                    4157 	.db #0xa1	; 161
    00000FED 52                    4158 	.db #0x52	; 82	'R'
    00000FEE 49                    4159 	.db #0x49	; 73	'I'
    00000FEF 24                    4160 	.db #0x24	; 36
    00000FF0 92                    4161 	.db #0x92	; 146
    00000FF1 4A                    4162 	.db #0x4a	; 74	'J'
    00000FF2 54                    4163 	.db #0x54	; 84	'T'
    00000FF3 A9                    4164 	.db #0xa9	; 169
    00000FF4 52                    4165 	.db #0x52	; 82	'R'
    00000FF5 A5                    4166 	.db #0xa5	; 165
    00000FF6 49                    4167 	.db #0x49	; 73	'I'
    00000FF7 2A                    4168 	.db #0x2a	; 42
    00000FF8 49                    4169 	.db #0x49	; 73	'I'
    00000FF9 52                    4170 	.db #0x52	; 82	'R'
    00000FFA A5                    4171 	.db #0xa5	; 165
    00000FFB 4A                    4172 	.db #0x4a	; 74	'J'
    00000FFC 95                    4173 	.db #0x95	; 149
    00000FFD 2A                    4174 	.db #0x2a	; 42
    00000FFE B9                    4175 	.db #0xb9	; 185
    00000FFF 92                    4176 	.db #0x92	; 146
    00001000 49                    4177 	.db #0x49	; 73	'I'
    00001001 24                    4178 	.db #0x24	; 36
    00001002 92                    4179 	.db #0x92	; 146
    00001003 B9                    4180 	.db #0xb9	; 185
    00001004 A4                    4181 	.db #0xa4	; 164
    00001005 AE                    4182 	.db #0xae	; 174
    00001006 69                    4183 	.db #0x69	; 105	'i'
    00001007 24                    4184 	.db #0x24	; 36
    00001008 92                    4185 	.db #0x92	; 146
    00001009 49                    4186 	.db #0x49	; 73	'I'
    0000100A 25                    4187 	.db #0x25	; 37
    0000100B CA                    4188 	.db #0xca	; 202
    0000100C A5                    4189 	.db #0xa5	; 165
    0000100D 4A                    4190 	.db #0x4a	; 74	'J'
    0000100E 95                    4191 	.db #0x95	; 149
    0000100F 2A                    4192 	.db #0x2a	; 42
    00001010 CA                    4193 	.db #0xca	; 202
    00001011 AA                    4194 	.db #0xaa	; 170
    00001012 A5                    4195 	.db #0xa5	; 165
    00001013 55                    4196 	.db #0x55	; 85	'U'
    00001014 4A                    4197 	.db #0x4a	; 74	'J'
    00001015 95                    4198 	.db #0x95	; 149
    00001016 2A                    4199 	.db #0x2a	; 42
    00001017 54                    4200 	.db #0x54	; 84	'T'
    00001018 A9                    4201 	.db #0xa9	; 169
    00001019 49                    4202 	.db #0x49	; 73	'I'
    0000101A 24                    4203 	.db #0x24	; 36
    0000101B 92                    4204 	.db #0x92	; 146
    0000101C 49                    4205 	.db #0x49	; 73	'I'
    0000101D 08                    4206 	.db #0x08	; 8
    0000101E 42                    4207 	.db #0x42	; 66	'B'
    0000101F 12                    4208 	.db #0x12	; 18
    00001020 49                    4209 	.db #0x49	; 73	'I'
    00001021 24                    4210 	.db #0x24	; 36
    00001022 92                    4211 	.db #0x92	; 146
    00001023 4A                    4212 	.db #0x4a	; 74	'J'
    00001024 54                    4213 	.db #0x54	; 84	'T'
    00001025 A9                    4214 	.db #0xa9	; 169
    00001026 52                    4215 	.db #0x52	; 82	'R'
    00001027 A5                    4216 	.db #0xa5	; 165
    00001028 3D                    4217 	.db #0x3d	; 61
    00001029 4D                    4218 	.db #0x4d	; 77	'M'
    0000102A 93                    4219 	.db #0x93	; 147
    0000102B 64                    4220 	.db #0x64	; 100	'd'
    0000102C ED                    4221 	.db #0xed	; 237
    0000102D 49                    4222 	.db #0x49	; 73	'I'
    0000102E 2E                    4223 	.db #0x2e	; 46
    0000102F 64                    4224 	.db #0x64	; 100	'd'
    00001030 97                    4225 	.db #0x97	; 151
    00001031 32                    4226 	.db #0x32	; 50	'2'
    00001032 57                    4227 	.db #0x57	; 87	'W'
    00001033 52                    4228 	.db #0x52	; 82	'R'
    00001034 49                    4229 	.db #0x49	; 73	'I'
    00001035 24                    4230 	.db #0x24	; 36
    00001036 92                    4231 	.db #0x92	; 146
    00001037 10                    4232 	.db #0x10	; 16
    00001038 84                    4233 	.db #0x84	; 132
    00001039 24                    4234 	.db #0x24	; 36
    0000103A 92                    4235 	.db #0x92	; 146
    0000103B 49                    4236 	.db #0x49	; 73	'I'
    0000103C 24                    4237 	.db #0x24	; 36
    0000103D 89                    4238 	.db #0x89	; 137
    0000103E 24                    4239 	.db #0x24	; 36
    0000103F 92                    4240 	.db #0x92	; 146
    00001040 49                    4241 	.db #0x49	; 73	'I'
    00001041 55                    4242 	.db #0x55	; 85	'U'
    00001042 2A                    4243 	.db #0x2a	; 42
    00001043 54                    4244 	.db #0x54	; 84	'T'
    00001044 AA                    4245 	.db #0xaa	; 170
    00001045 92                    4246 	.db #0x92	; 146
    00001046 49                    4247 	.db #0x49	; 73	'I'
    00001047 24                    4248 	.db #0x24	; 36
    00001048 92                    4249 	.db #0x92	; 146
    00001049 92                    4250 	.db #0x92	; 146
    0000104A 49                    4251 	.db #0x49	; 73	'I'
    0000104B 24                    4252 	.db #0x24	; 36
    0000104C 97                    4253 	.db #0x97	; 151
    0000104D 50                    4254 	.db #0x50	; 80	'P'
    0000104E 84                    4255 	.db #0x84	; 132
    0000104F 21                    4256 	.db #0x21	; 33
    00001050 25                    4257 	.db #0x25	; 37
    00001051 D4                    4258 	.db #0xd4	; 212
    00001052 92                    4259 	.db #0x92	; 146
    00001053 49                    4260 	.db #0x49	; 73	'I'
    00001054 2E                    4261 	.db #0x2e	; 46
    00001055 92                    4262 	.db #0x92	; 146
    00001056 49                    4263 	.db #0x49	; 73	'I'
    00001057 25                    4264 	.db #0x25	; 37
    00001058 D4                    4265 	.db #0xd4	; 212
    00001059 94                    4266 	.db #0x94	; 148
    0000105A F5                    4267 	.db #0xf5	; 245
    0000105B 36                    4268 	.db #0x36	; 54	'6'
    0000105C 4D                    4269 	.db #0x4d	; 77	'M'
    0000105D 93                    4270 	.db #0x93	; 147
    0000105E D5                    4271 	.db #0xd5	; 213
    0000105F 24                    4272 	.db #0x24	; 36
    00001060 92                    4273 	.db #0x92	; 146
    00001061 49                    4274 	.db #0x49	; 73	'I'
    00001062 25                    4275 	.db #0x25	; 37
    00001063 24                    4276 	.db #0x24	; 36
    00001064 92                    4277 	.db #0x92	; 146
    00001065 49                    4278 	.db #0x49	; 73	'I'
    00001066 24                    4279 	.db #0x24	; 36
    00001067 21                    4280 	.db #0x21	; 33
    00001068 08                    4281 	.db #0x08	; 8
    00001069 49                    4282 	.db #0x49	; 73	'I'
    0000106A 24                    4283 	.db #0x24	; 36
    0000106B 92                    4284 	.db #0x92	; 146
    0000106C 49                    4285 	.db #0x49	; 73	'I'
    0000106D 12                    4286 	.db #0x12	; 18
    0000106E 49                    4287 	.db #0x49	; 73	'I'
    0000106F 2E                    4288 	.db #0x2e	; 46
    00001070 A4                    4289 	.db #0xa4	; 164
    00001071 96                    4290 	.db #0x96	; 150
    00001072 55                    4291 	.db #0x55	; 85	'U'
    00001073 2A                    4292 	.db #0x2a	; 42
    00001074 54                    4293 	.db #0x54	; 84	'T'
    00001075 A9                    4294 	.db #0xa9	; 169
    00001076 24                    4295 	.db #0x24	; 36
    00001077 92                    4296 	.db #0x92	; 146
    00001078 49                    4297 	.db #0x49	; 73	'I'
    00001079 25                    4298 	.db #0x25	; 37
    0000107A 24                    4299 	.db #0x24	; 36
    0000107B 92                    4300 	.db #0x92	; 146
    0000107C 49                    4301 	.db #0x49	; 73	'I'
    0000107D 24                    4302 	.db #0x24	; 36
    0000107E 21                    4303 	.db #0x21	; 33
    0000107F 08                    4304 	.db #0x08	; 8
    00001080 49                    4305 	.db #0x49	; 73	'I'
    00001081 24                    4306 	.db #0x24	; 36
    00001082 92                    4307 	.db #0x92	; 146
    00001083 49                    4308 	.db #0x49	; 73	'I'
    00001084 12                    4309 	.db #0x12	; 18
    00001085 49                    4310 	.db #0x49	; 73	'I'
    00001086 24                    4311 	.db #0x24	; 36
    00001087 92                    4312 	.db #0x92	; 146
    00001088 9F                    4313 	.db #0x9f	; 159
    00001089 26                    4314 	.db #0x26	; 38
    0000108A C9                    4315 	.db #0xc9	; 201
    0000108B B2                    4316 	.db #0xb2	; 178
    0000108C 7A                    4317 	.db #0x7a	; 122	'z'
    0000108D A4                    4318 	.db #0xa4	; 164
    0000108E 95                    4319 	.db #0x95	; 149
    0000108F 24                    4320 	.db #0x24	; 36
    00001090 A9                    4321 	.db #0xa9	; 169
    00001091 2B                    4322 	.db #0x2b	; 43
    00001092 A9                    4323 	.db #0xa9	; 169
    00001093 24                    4324 	.db #0x24	; 36
    00001094 BA                    4325 	.db #0xba	; 186
    00001095 92                    4326 	.db #0x92	; 146
    00001096 48                    4327 	.db #0x48	; 72	'H'
    00001097 42                    4328 	.db #0x42	; 66	'B'
    00001098 10                    4329 	.db #0x10	; 16
    00001099 A9                    4330 	.db #0xa9	; 169
    0000109A 2A                    4331 	.db #0x2a	; 42
    0000109B A5                    4332 	.db #0xa5	; 165
    0000109C D5                    4333 	.db #0xd5	; 213
    0000109D 54                    4334 	.db #0x54	; 84	'T'
    0000109E 89                    4335 	.db #0x89	; 137
    0000109F 24                    4336 	.db #0x24	; 36
    000010A0 92                    4337 	.db #0x92	; 146
    000010A1 49                    4338 	.db #0x49	; 73	'I'
    000010A2 55                    4339 	.db #0x55	; 85	'U'
    000010A3 2A                    4340 	.db #0x2a	; 42
    000010A4 AA                    4341 	.db #0xaa	; 170
    000010A5 55                    4342 	.db #0x55	; 85	'U'
    000010A6 54                    4343 	.db #0x54	; 84	'T'
    000010A7 AA                    4344 	.db #0xaa	; 170
    000010A8 A9                    4345 	.db #0xa9	; 169
    000010A9 55                    4346 	.db #0x55	; 85	'U'
    000010AA 52                    4347 	.db #0x52	; 82	'R'
    000010AB 84                    4348 	.db #0x84	; 132
    000010AC 21                    4349 	.db #0x21	; 33
    000010AD 08                    4350 	.db #0x08	; 8
    000010AE 42                    4351 	.db #0x42	; 66	'B'
    000010AF 10                    4352 	.db #0x10	; 16
    000010B0 85                    4353 	.db #0x85	; 133
    000010B1 49                    4354 	.db #0x49	; 73	'I'
    000010B2 55                    4355 	.db #0x55	; 85	'U'
    000010B3 25                    4356 	.db #0x25	; 37
    000010B4 54                    4357 	.db #0x54	; 84	'T'
    000010B5 89                    4358 	.db #0x89	; 137
    000010B6 24                    4359 	.db #0x24	; 36
    000010B7 92                    4360 	.db #0x92	; 146
    000010B8 49                    4361 	.db #0x49	; 73	'I'
    000010B9 4F                    4362 	.db #0x4f	; 79	'O'
    000010BA 93                    4363 	.db #0x93	; 147
    000010BB 64                    4364 	.db #0x64	; 100	'd'
    000010BC D9                    4365 	.db #0xd9	; 217
    000010BD 3D                    4366 	.db #0x3d	; 61
    000010BE 52                    4367 	.db #0x52	; 82	'R'
    000010BF A5                    4368 	.db #0xa5	; 165
    000010C0 4A                    4369 	.db #0x4a	; 74	'J'
    000010C1 95                    4370 	.db #0x95	; 149
    000010C2 2A                    4371 	.db #0x2a	; 42
    000010C3 F1                    4372 	.db #0xf1	; 241
    000010C4 08                    4373 	.db #0x08	; 8
    000010C5 42                    4374 	.db #0x42	; 66	'B'
    000010C6 12                    4375 	.db #0x12	; 18
    000010C7 10                    4376 	.db #0x10	; 16
    000010C8 84                    4377 	.db #0x84	; 132
    000010C9 25                    4378 	.db #0x25	; 37
    000010CA 55                    4379 	.db #0x55	; 85	'U'
    000010CB D4                    4380 	.db #0xd4	; 212
    000010CC AA                    4381 	.db #0xaa	; 170
    000010CD 92                    4382 	.db #0x92	; 146
    000010CE A9                    4383 	.db #0xa9	; 169
    000010CF 24                    4384 	.db #0x24	; 36
    000010D0 92                    4385 	.db #0x92	; 146
    000010D1 49                    4386 	.db #0x49	; 73	'I'
    000010D2 2C                    4387 	.db #0x2c	; 44
    000010D3 AA                    4388 	.db #0xaa	; 170
    000010D4 AA                    4389 	.db #0xaa	; 170
    000010D5 55                    4390 	.db #0x55	; 85	'U'
    000010D6 54                    4391 	.db #0x54	; 84	'T'
    000010D7 AA                    4392 	.db #0xaa	; 170
    000010D8 A9                    4393 	.db #0xa9	; 169
    000010D9 55                    4394 	.db #0x55	; 85	'U'
    000010DA 52                    4395 	.db #0x52	; 82	'R'
    000010DB AA                    4396 	.db #0xaa	; 170
    000010DC 84                    4397 	.db #0x84	; 132
    000010DD 21                    4398 	.db #0x21	; 33
    000010DE 3B                    4399 	.db #0x3b	; 59
    000010DF 42                    4400 	.db #0x42	; 66	'B'
    000010E0 10                    4401 	.db #0x10	; 16
    000010E1 84                    4402 	.db #0x84	; 132
    000010E2 25                    4403 	.db #0x25	; 37
    000010E3 54                    4404 	.db #0x54	; 84	'T'
    000010E4 BA                    4405 	.db #0xba	; 186
    000010E5 AA                    4406 	.db #0xaa	; 170
    000010E6 92                    4407 	.db #0x92	; 146
    000010E7 A9                    4408 	.db #0xa9	; 169
    000010E8 24                    4409 	.db #0x24	; 36
    000010E9 92                    4410 	.db #0x92	; 146
    000010EA 49                    4411 	.db #0x49	; 73	'I'
    000010EB 29                    4412 	.db #0x29	; 41
    000010EC FA                    4413 	.db #0xfa	; 250
    000010ED 6C                    4414 	.db #0x6c	; 108	'l'
    000010EE 9B                    4415 	.db #0x9b	; 155
    000010EF 27                    4416 	.db #0x27	; 39
    000010F0 CA                    4417 	.db #0xca	; 202
    000010F1 54                    4418 	.db #0x54	; 84	'T'
    000010F2 A9                    4419 	.db #0xa9	; 169
    000010F3 52                    4420 	.db #0x52	; 82	'R'
    000010F4 A5                    4421 	.db #0xa5	; 165
    000010F5 5A                    4422 	.db #0x5a	; 90	'Z'
    000010F6 21                    4423 	.db #0x21	; 33
    000010F7 08                    4424 	.db #0x08	; 8
    000010F8 42                    4425 	.db #0x42	; 66	'B'
    000010F9 EE                    4426 	.db #0xee	; 238
    000010FA 10                    4427 	.db #0x10	; 16
    000010FB 84                    4428 	.db #0x84	; 132
    000010FC 2A                    4429 	.db #0x2a	; 42
    000010FD 4A                    4430 	.db #0x4a	; 74	'J'
    000010FE A9                    4431 	.db #0xa9	; 169
    000010FF 2A                    4432 	.db #0x2a	; 42
    00001100 A5                    4433 	.db #0xa5	; 165
    00001101 D7                    4434 	.db #0xd7	; 215
    00001102 72                    4435 	.db #0x72	; 114	'r'
    00001103 5D                    4436 	.db #0x5d	; 93
    00001104 C9                    4437 	.db #0xc9	; 201
    00001105 24                    4438 	.db #0x24	; 36
    00001106 95                    4439 	.db #0x95	; 149
    00001107 52                    4440 	.db #0x52	; 82	'R'
    00001108 AA                    4441 	.db #0xaa	; 170
    00001109 A5                    4442 	.db #0xa5	; 165
    0000110A 55                    4443 	.db #0x55	; 85	'U'
    0000110B 5E                    4444 	.db #0x5e	; 94
    0000110C 55                    4445 	.db #0x55	; 85	'U'
    0000110D 55                    4446 	.db #0x55	; 85	'U'
    0000110E AD                    4447 	.db #0xad	; 173
    0000110F 55                    4448 	.db #0x55	; 85	'U'
    00001110 48                    4449 	.db #0x48	; 72	'H'
    00001111                       4450 _dandy_level_10:
    00001111 00                    4451 	.db #0x00	; 0
    00001112 00                    4452 	.db #0x00	; 0
    00001113 47                    4453 	.db #0x47	; 71	'G'
    00001114 3C                    4454 	.db #0x3c	; 60
    00001115 80                    4455 	.db #0x80	; 128
    00001116 00                    4456 	.db #0x00	; 0
    00001117 00                    4457 	.db #0x00	; 0
    00001118 00                    4458 	.db #0x00	; 0
    00001119 0F                    4459 	.db #0x0f	; 15
    0000111A 0A                    4460 	.db #0x0a	; 10
    0000111B 80                    4461 	.db #0x80	; 128
    0000111C 54                    4462 	.db #0x54	; 84	'T'
    0000111D 47                    4463 	.db #0x47	; 71	'G'
    0000111E 2E                    4464 	.db #0x2e	; 46
    0000111F 79                    4465 	.db #0x79	; 121	'y'
    00001120 E6                    4466 	.db #0xe6	; 230
    00001121 00                    4467 	.db #0x00	; 0
    00001122 00                    4468 	.db #0x00	; 0
    00001123 00                    4469 	.db #0x00	; 0
    00001124 00                    4470 	.db #0x00	; 0
    00001125 11                    4471 	.db #0x11	; 17
    00001126 08                    4472 	.db #0x08	; 8
    00001127 85                    4473 	.db #0x85	; 133
    00001128 55                    4474 	.db #0x55	; 85	'U'
    00001129 54                    4475 	.db #0x54	; 84	'T'
    0000112A 15                    4476 	.db #0x15	; 21
    0000112B 50                    4477 	.db #0x50	; 80	'P'
    0000112C 01                    4478 	.db #0x01	; 1
    0000112D 55                    4479 	.db #0x55	; 85	'U'
    0000112E 55                    4480 	.db #0x55	; 85	'U'
    0000112F 00                    4481 	.db #0x00	; 0
    00001130 90                    4482 	.db #0x90	; 144
    00001131 24                    4483 	.db #0x24	; 36
    00001132 20                    4484 	.db #0x20	; 32
    00001133 00                    4485 	.db #0x00	; 0
    00001134 00                    4486 	.db #0x00	; 0
    00001135 00                    4487 	.db #0x00	; 0
    00001136 00                    4488 	.db #0x00	; 0
    00001137 01                    4489 	.db #0x01	; 1
    00001138 20                    4490 	.db #0x20	; 32
    00001139 48                    4491 	.db #0x48	; 72	'H'
    0000113A 00                    4492 	.db #0x00	; 0
    0000113B 00                    4493 	.db #0x00	; 0
    0000113C 02                    4494 	.db #0x02	; 2
    0000113D AA                    4495 	.db #0xaa	; 170
    0000113E A0                    4496 	.db #0xa0	; 160
    0000113F 00                    4497 	.db #0x00	; 0
    00001140 09                    4498 	.db #0x09	; 9
    00001141 19                    4499 	.db #0x19	; 25
    00001142 92                    4500 	.db #0x92	; 146
    00001143 29                    4501 	.db #0x29	; 41
    00001144 54                    4502 	.db #0x54	; 84	'T'
    00001145 2A                    4503 	.db #0x2a	; 42
    00001146 AA                    4504 	.db #0xaa	; 170
    00001147 AA                    4505 	.db #0xaa	; 170
    00001148 A0                    4506 	.db #0xa0	; 160
    00001149 50                    4507 	.db #0x50	; 80	'P'
    0000114A 55                    4508 	.db #0x55	; 85	'U'
    0000114B 40                    4509 	.db #0x40	; 64
    0000114C 48                    4510 	.db #0x48	; 72	'H'
    0000114D 12                    4511 	.db #0x12	; 18
    0000114E 14                    4512 	.db #0x14	; 20
    0000114F 10                    4513 	.db #0x10	; 16
    00001150 00                    4514 	.db #0x00	; 0
    00001151 00                    4515 	.db #0x00	; 0
    00001152 2A                    4516 	.db #0x2a	; 42
    00001153 A8                    4517 	.db #0xa8	; 168
    00001154 40                    4518 	.db #0x40	; 64
    00001155 4A                    4519 	.db #0x4a	; 74	'J'
    00001156 AA                    4520 	.db #0xaa	; 170
    00001157 90                    4521 	.db #0x90	; 144
    00001158 8F                    4522 	.db #0x8f	; 143
    00001159 FF                    4523 	.db #0xff	; 255
    0000115A 40                    4524 	.db #0x40	; 64
    0000115B 00                    4525 	.db #0x00	; 0
    0000115C 00                    4526 	.db #0x00	; 0
    0000115D 00                    4527 	.db #0x00	; 0
    0000115E 40                    4528 	.db #0x40	; 64
    0000115F 40                    4529 	.db #0x40	; 64
    00001160 08                    4530 	.db #0x08	; 8
    00001161 47                    4531 	.db #0x47	; 71	'G'
    00001162 FF                    4532 	.db #0xff	; 255
    00001163 A0                    4533 	.db #0xa0	; 160
    00001164 02                    4534 	.db #0x02	; 2
    00001165 E2                    4535 	.db #0xe2	; 226
    00001166 2A                    4536 	.db #0x2a	; 42
    00001167 04                    4537 	.db #0x04	; 4
    00001168 22                    4538 	.db #0x22	; 34
    00001169 01                    4539 	.db #0x01	; 1
    0000116A 55                    4540 	.db #0x55	; 85	'U'
    0000116B 55                    4541 	.db #0x55	; 85	'U'
    0000116C 05                    4542 	.db #0x05	; 5
    0000116D 04                    4543 	.db #0x04	; 4
    0000116E 15                    4544 	.db #0x15	; 21
    0000116F 50                    4545 	.db #0x50	; 80	'P'
    00001170 29                    4546 	.db #0x29	; 41
    00001171 40                    4547 	.db #0x40	; 64
    00001172 02                    4548 	.db #0x02	; 2
    00001173 00                    4549 	.db #0x00	; 0
    00001174 00                    4550 	.db #0x00	; 0
    00001175 09                    4551 	.db #0x09	; 9
    00001176 54                    4552 	.db #0x54	; 84	'T'
    00001177 08                    4553 	.db #0x08	; 8
    00001178 53                    4554 	.db #0x53	; 83	'S'
    00001179 75                    4555 	.db #0x75	; 117	'u'
    0000117A 0A                    4556 	.db #0x0a	; 10
    0000117B AA                    4557 	.db #0xaa	; 170
    0000117C AA                    4558 	.db #0xaa	; 170
    0000117D A8                    4559 	.db #0xa8	; 168
    0000117E 2B                    4560 	.db #0x2b	; 43
    0000117F AE                    4561 	.db #0xae	; 174
    00001180 AB                    4562 	.db #0xab	; 171
    00001181 AE                    4563 	.db #0xae	; 174
    00001182 A8                    4564 	.db #0xa8	; 168
    00001183 84                    4565 	.db #0x84	; 132
    00001184 03                    4566 	.db #0x03	; 3
    00001185 B2                    4567 	.db #0xb2	; 178
    00001186 0A                    4568 	.db #0x0a	; 10
    00001187 A8                    4569 	.db #0xa8	; 168
    00001188 00                    4570 	.db #0x00	; 0
    00001189 00                    4571 	.db #0x00	; 0
    0000118A 15                    4572 	.db #0x15	; 21
    0000118B 55                    4573 	.db #0x55	; 85	'U'
    0000118C 54                    4574 	.db #0x54	; 84	'T'
    0000118D 42                    4575 	.db #0x42	; 66	'B'
    0000118E 00                    4576 	.db #0x00	; 0
    0000118F 20                    4577 	.db #0x20	; 32
    00001190 00                    4578 	.db #0x00	; 0
    00001191 00                    4579 	.db #0x00	; 0
    00001192 00                    4580 	.db #0x00	; 0
    00001193 00                    4581 	.db #0x00	; 0
    00001194 02                    4582 	.db #0x02	; 2
    00001195 11                    4583 	.db #0x11	; 17
    00001196 50                    4584 	.db #0x50	; 80	'P'
    00001197 A8                    4585 	.db #0xa8	; 168
    00001198 00                    4586 	.db #0x00	; 0
    00001199 02                    4587 	.db #0x02	; 2
    0000119A AA                    4588 	.db #0xaa	; 170
    0000119B AA                    4589 	.db #0xaa	; 170
    0000119C 82                    4590 	.db #0x82	; 130
    0000119D 8A                    4591 	.db #0x8a	; 138
    0000119E 28                    4592 	.db #0x28	; 40
    0000119F BB                    4593 	.db #0xbb	; 187
    000011A0 51                    4594 	.db #0x51	; 81	'Q'
    000011A1 50                    4595 	.db #0x50	; 80	'P'
    000011A2 80                    4596 	.db #0x80	; 128
    000011A3 55                    4597 	.db #0x55	; 85	'U'
    000011A4 55                    4598 	.db #0x55	; 85	'U'
    000011A5 54                    4599 	.db #0x54	; 84	'T'
    000011A6 06                    4600 	.db #0x06	; 6
    000011A7 DB                    4601 	.db #0xdb	; 219
    000011A8 6D                    4602 	.db #0x6d	; 109	'm'
    000011A9 05                    4603 	.db #0x05	; 5
    000011AA 14                    4604 	.db #0x14	; 20
    000011AB 51                    4605 	.db #0x51	; 81	'Q'
    000011AC 00                    4606 	.db #0x00	; 0
    000011AD 05                    4607 	.db #0x05	; 5
    000011AE 55                    4608 	.db #0x55	; 85	'U'
    000011AF 54                    4609 	.db #0x54	; 84	'T'
    000011B0 00                    4610 	.db #0x00	; 0
    000011B1 01                    4611 	.db #0x01	; 1
    000011B2 54                    4612 	.db #0x54	; 84	'T'
    000011B3 00                    4613 	.db #0x00	; 0
    000011B4 01                    4614 	.db #0x01	; 1
    000011B5 00                    4615 	.db #0x00	; 0
    000011B6 00                    4616 	.db #0x00	; 0
    000011B7 00                    4617 	.db #0x00	; 0
    000011B8 00                    4618 	.db #0x00	; 0
    000011B9 04                    4619 	.db #0x04	; 4
    000011BA 00                    4620 	.db #0x00	; 0
    000011BB 00                    4621 	.db #0x00	; 0
    000011BC 11                    4622 	.db #0x11	; 17
    000011BD 55                    4623 	.db #0x55	; 85	'U'
    000011BE 55                    4624 	.db #0x55	; 85	'U'
    000011BF 50                    4625 	.db #0x50	; 80	'P'
    000011C0 02                    4626 	.db #0x02	; 2
    000011C1 AA                    4627 	.db #0xaa	; 170
    000011C2 AA                    4628 	.db #0xaa	; 170
    000011C3 AA                    4629 	.db #0xaa	; 170
    000011C4 80                    4630 	.db #0x80	; 128
    000011C5 2A                    4631 	.db #0x2a	; 42
    000011C6 AA                    4632 	.db #0xaa	; 170
    000011C7 A3                    4633 	.db #0xa3	; 163
    000011C8 B4                    4634 	.db #0xb4	; 180
    000011C9 10                    4635 	.db #0x10	; 16
    000011CA 04                    4636 	.db #0x04	; 4
    000011CB 16                    4637 	.db #0x16	; 22
    000011CC FC                    4638 	.db #0xfc	; 252
    000011CD EF                    4639 	.db #0xef	; 239
    000011CE 00                    4640 	.db #0x00	; 0
    000011CF 00                    4641 	.db #0x00	; 0
    000011D0 00                    4642 	.db #0x00	; 0
    000011D1 02                    4643 	.db #0x02	; 2
    000011D2 00                    4644 	.db #0x00	; 0
    000011D3 4A                    4645 	.db #0x4a	; 74	'J'
    000011D4 AA                    4646 	.db #0xaa	; 170
    000011D5 41                    4647 	.db #0x41	; 65	'A'
    000011D6 55                    4648 	.db #0x55	; 85	'U'
    000011D7 01                    4649 	.db #0x01	; 1
    000011D8 55                    4650 	.db #0x55	; 85	'U'
    000011D9 55                    4651 	.db #0x55	; 85	'U'
    000011DA 55                    4652 	.db #0x55	; 85	'U'
    000011DB 15                    4653 	.db #0x15	; 21
    000011DC 44                    4654 	.db #0x44	; 68	'D'
    000011DD 85                    4655 	.db #0x85	; 133
    000011DE 42                    4656 	.db #0x42	; 66	'B'
    000011DF 41                    4657 	.db #0x41	; 65	'A'
    000011E0 10                    4658 	.db #0x10	; 16
    000011E1 00                    4659 	.db #0x00	; 0
    000011E2 00                    4660 	.db #0x00	; 0
    000011E3 00                    4661 	.db #0x00	; 0
    000011E4 01                    4662 	.db #0x01	; 1
    000011E5 D4                    4663 	.db #0xd4	; 212
    000011E6 81                    4664 	.db #0x81	; 129
    000011E7 09                    4665 	.db #0x09	; 9
    000011E8 29                    4666 	.db #0x29	; 41
    000011E9 48                    4667 	.db #0x48	; 72	'H'
    000011EA 55                    4668 	.db #0x55	; 85	'U'
    000011EB 15                    4669 	.db #0x15	; 21
    000011EC 02                    4670 	.db #0x02	; 2
    000011ED AA                    4671 	.db #0xaa	; 170
    000011EE 54                    4672 	.db #0x54	; 84	'T'
    000011EF 01                    4673 	.db #0x01	; 1
    000011F0 D4                    4674 	.db #0xd4	; 212
    000011F1 81                    4675 	.db #0x81	; 129
    000011F2 09                    4676 	.db #0x09	; 9
    000011F3 28                    4677 	.db #0x28	; 40
    000011F4 91                    4678 	.db #0x91	; 145
    000011F5 45                    4679 	.db #0x45	; 69	'E'
    000011F6 10                    4680 	.db #0x10	; 16
    000011F7 08                    4681 	.db #0x08	; 8
    000011F8 A9                    4682 	.db #0xa9	; 169
    000011F9 42                    4683 	.db #0x42	; 66	'B'
    000011FA A7                    4684 	.db #0xa7	; 167
    000011FB 52                    4685 	.db #0x52	; 82	'R'
    000011FC 39                    4686 	.db #0x39	; 57	'9'
    000011FD 27                    4687 	.db #0x27	; 39
    000011FE A9                    4688 	.db #0xa9	; 169
    000011FF 29                    4689 	.db #0x29	; 41
    00001200 48                    4690 	.db #0x48	; 72	'H'
    00001201 82                    4691 	.db #0x82	; 130
    00001202 88                    4692 	.db #0x88	; 136
    00001203 88                    4693 	.db #0x88	; 136
    00001204 41                    4694 	.db #0x41	; 65	'A'
    00001205 02                    4695 	.db #0x02	; 2
    00001206 75                    4696 	.db #0x75	; 117	'u'
    00001207 20                    4697 	.db #0x20	; 32
    00001208 42                    4698 	.db #0x42	; 66	'B'
    00001209 41                    4699 	.db #0x41	; 65	'A'
    0000120A 11                    4700 	.db #0x11	; 17
    0000120B 41                    4701 	.db #0x41	; 65	'A'
    0000120C 12                    4702 	.db #0x12	; 18
    0000120D 48                    4703 	.db #0x48	; 72	'H'
    0000120E 46                    4704 	.db #0x46	; 70	'F'
    0000120F 88                    4705 	.db #0x88	; 136
    00001210 A4                    4706 	.db #0xa4	; 164
    00001211 EA                    4707 	.db #0xea	; 234
    00001212 01                    4708 	.db #0x01	; 1
    00001213 3D                    4709 	.db #0x3d	; 61
    00001214 4A                    4710 	.db #0x4a	; 74	'J'
    00001215 AA                    4711 	.db #0xaa	; 170
    00001216 41                    4712 	.db #0x41	; 65	'A'
    00001217 45                    4713 	.db #0x45	; 69	'E'
    00001218 08                    4714 	.db #0x08	; 8
    00001219 41                    4715 	.db #0x41	; 65	'A'
    0000121A 04                    4716 	.db #0x04	; 4
    0000121B 3A                    4717 	.db #0x3a	; 58
    0000121C 4E                    4718 	.db #0x4e	; 78	'N'
    0000121D AA                    4719 	.db #0xaa	; 170
    0000121E AA                    4720 	.db #0xaa	; 170
    0000121F A1                    4721 	.db #0xa1	; 161
    00001220 00                    4722 	.db #0x00	; 0
    00001221 40                    4723 	.db #0x40	; 64
    00001222 AA                    4724 	.db #0xaa	; 170
    00001223 08                    4725 	.db #0x08	; 8
    00001224 42                    4726 	.db #0x42	; 66	'B'
    00001225 AC                    4727 	.db #0xac	; 172
    00001226 B2                    4728 	.db #0xb2	; 178
    00001227 A9                    4729 	.db #0xa9	; 169
    00001228 AA                    4730 	.db #0xaa	; 170
    00001229 8E                    4731 	.db #0x8e	; 142
    0000122A 8E                    4732 	.db #0x8e	; 142
    0000122B BA                    4733 	.db #0xba	; 186
    0000122C EB                    4734 	.db #0xeb	; 235
    0000122D A1                    4735 	.db #0xa1	; 161
    0000122E 55                    4736 	.db #0x55	; 85	'U'
    0000122F 55                    4737 	.db #0x55	; 85	'U'
    00001230 50                    4738 	.db #0x50	; 80	'P'
    00001231 00                    4739 	.db #0x00	; 0
    00001232 00                    4740 	.db #0x00	; 0
    00001233 00                    4741 	.db #0x00	; 0
    00001234 00                    4742 	.db #0x00	; 0
    00001235                       4743 _dandy_level_11:
    00001235 E3                    4744 	.db #0xe3	; 227
    00001236 6D                    4745 	.db #0x6d	; 109	'm'
    00001237 F7                    4746 	.db #0xf7	; 247
    00001238 EF                    4747 	.db #0xef	; 239
    00001239 AE                    4748 	.db #0xae	; 174
    0000123A 40                    4749 	.db #0x40	; 64
    0000123B 00                    4750 	.db #0x00	; 0
    0000123C 01                    4751 	.db #0x01	; 1
    0000123D 00                    4752 	.db #0x00	; 0
    0000123E 00                    4753 	.db #0x00	; 0
    0000123F 01                    4754 	.db #0x01	; 1
    00001240 CF                    4755 	.db #0xcf	; 207
    00001241 5D                    4756 	.db #0x5d	; 93
    00001242 EF                    4757 	.db #0xef	; 239
    00001243 BE                    4758 	.db #0xbe	; 190
    00001244 DC                    4759 	.db #0xdc	; 220
    00001245 6D                    4760 	.db #0x6d	; 109	'm'
    00001246 B6                    4761 	.db #0xb6	; 182
    00001247 FB                    4762 	.db #0xfb	; 251
    00001248 F7                    4763 	.db #0xf7	; 247
    00001249 D7                    4764 	.db #0xd7	; 215
    0000124A 20                    4765 	.db #0x20	; 32
    0000124B 00                    4766 	.db #0x00	; 0
    0000124C 00                    4767 	.db #0x00	; 0
    0000124D 80                    4768 	.db #0x80	; 128
    0000124E 00                    4769 	.db #0x00	; 0
    0000124F 00                    4770 	.db #0x00	; 0
    00001250 E7                    4771 	.db #0xe7	; 231
    00001251 AE                    4772 	.db #0xae	; 174
    00001252 F7                    4773 	.db #0xf7	; 247
    00001253 DF                    4774 	.db #0xdf	; 223
    00001254 6D                    4775 	.db #0x6d	; 109	'm'
    00001255 B7                    4776 	.db #0xb7	; 183
    00001256 DF                    4777 	.db #0xdf	; 223
    00001257 7D                    4778 	.db #0x7d	; 125
    00001258 FB                    4779 	.db #0xfb	; 251
    00001259 EB                    4780 	.db #0xeb	; 235
    0000125A 90                    4781 	.db #0x90	; 144
    0000125B 0A                    4782 	.db #0x0a	; 10
    0000125C 00                    4783 	.db #0x00	; 0
    0000125D 10                    4784 	.db #0x10	; 16
    0000125E 00                    4785 	.db #0x00	; 0
    0000125F A8                    4786 	.db #0xa8	; 168
    00001260 03                    4787 	.db #0x03	; 3
    00001261 9E                    4788 	.db #0x9e	; 158
    00001262 BB                    4789 	.db #0xbb	; 187
    00001263 DF                    4790 	.db #0xdf	; 223
    00001264 7D                    4791 	.db #0x7d	; 125
    00001265 F7                    4792 	.db #0xf7	; 247
    00001266 DF                    4793 	.db #0xdf	; 223
    00001267 7D                    4794 	.db #0x7d	; 125
    00001268 F7                    4795 	.db #0xf7	; 247
    00001269 EF                    4796 	.db #0xef	; 239
    0000126A AE                    4797 	.db #0xae	; 174
    0000126B 40                    4798 	.db #0x40	; 64
    0000126C 28                    4799 	.db #0x28	; 40
    0000126D 00                    4800 	.db #0x00	; 0
    0000126E 40                    4801 	.db #0x40	; 64
    0000126F 04                    4802 	.db #0x04	; 4
    00001270 90                    4803 	.db #0x90	; 144
    00001271 0E                    4804 	.db #0x0e	; 14
    00001272 7A                    4805 	.db #0x7a	; 122	'z'
    00001273 EF                    4806 	.db #0xef	; 239
    00001274 7D                    4807 	.db #0x7d	; 125
    00001275 F7                    4808 	.db #0xf7	; 247
    00001276 DF                    4809 	.db #0xdf	; 223
    00001277 BE                    4810 	.db #0xbe	; 190
    00001278 FB                    4811 	.db #0xfb	; 251
    00001279 EF                    4812 	.db #0xef	; 239
    0000127A BE                    4813 	.db #0xbe	; 190
    0000127B B9                    4814 	.db #0xb9	; 185
    0000127C 02                    4815 	.db #0x02	; 2
    0000127D AA                    4816 	.db #0xaa	; 170
    0000127E 80                    4817 	.db #0x80	; 128
    0000127F 10                    4818 	.db #0x10	; 16
    00001280 01                    4819 	.db #0x01	; 1
    00001281 55                    4820 	.db #0x55	; 85	'U'
    00001282 00                    4821 	.db #0x00	; 0
    00001283 E7                    4822 	.db #0xe7	; 231
    00001284 AE                    4823 	.db #0xae	; 174
    00001285 FB                    4824 	.db #0xfb	; 251
    00001286 EF                    4825 	.db #0xef	; 239
    00001287 BE                    4826 	.db #0xbe	; 190
    00001288 FA                    4827 	.db #0xfa	; 250
    00001289 EB                    4828 	.db #0xeb	; 235
    0000128A AE                    4829 	.db #0xae	; 174
    0000128B BA                    4830 	.db #0xba	; 186
    0000128C EB                    4831 	.db #0xeb	; 235
    0000128D 90                    4832 	.db #0x90	; 144
    0000128E 2A                    4833 	.db #0x2a	; 42
    0000128F A8                    4834 	.db #0xa8	; 168
    00001290 00                    4835 	.db #0x00	; 0
    00001291 00                    4836 	.db #0x00	; 0
    00001292 24                    4837 	.db #0x24	; 36
    00001293 80                    4838 	.db #0x80	; 128
    00001294 73                    4839 	.db #0x73	; 115	's'
    00001295 D7                    4840 	.db #0xd7	; 215
    00001296 5D                    4841 	.db #0x5d	; 93
    00001297 75                    4842 	.db #0x75	; 117	'u'
    00001298 D7                    4843 	.db #0xd7	; 215
    00001299 5C                    4844 	.db #0x5c	; 92
    0000129A F3                    4845 	.db #0xf3	; 243
    0000129B CF                    4846 	.db #0xcf	; 207
    0000129C 3C                    4847 	.db #0x3c	; 60
    0000129D F3                    4848 	.db #0xf3	; 243
    0000129E C8                    4849 	.db #0xc8	; 200
    0000129F 05                    4850 	.db #0x05	; 5
    000012A0 00                    4851 	.db #0x00	; 0
    000012A1 00                    4852 	.db #0x00	; 0
    000012A2 00                    4853 	.db #0x00	; 0
    000012A3 A8                    4854 	.db #0xa8	; 168
    000012A4 03                    4855 	.db #0x03	; 3
    000012A5 9E                    4856 	.db #0x9e	; 158
    000012A6 79                    4857 	.db #0x79	; 121	'y'
    000012A7 E7                    4858 	.db #0xe7	; 231
    000012A8 9E                    4859 	.db #0x9e	; 158
    000012A9 79                    4860 	.db #0x79	; 121	'y'
    000012AA 00                    4861 	.db #0x00	; 0
    000012AB 01                    4862 	.db #0x01	; 1
    000012AC 40                    4863 	.db #0x40	; 64
    000012AD 04                    4864 	.db #0x04	; 4
    000012AE 80                    4865 	.db #0x80	; 128
    000012AF 00                    4866 	.db #0x00	; 0
    000012B0 00                    4867 	.db #0x00	; 0
    000012B1 00                    4868 	.db #0x00	; 0
    000012B2 00                    4869 	.db #0x00	; 0
    000012B3 00                    4870 	.db #0x00	; 0
    000012B4 00                    4871 	.db #0x00	; 0
    000012B5 A5                    4872 	.db #0xa5	; 165
    000012B6 00                    4873 	.db #0x00	; 0
    000012B7 00                    4874 	.db #0x00	; 0
    000012B8 00                    4875 	.db #0x00	; 0
    000012B9 00                    4876 	.db #0x00	; 0
    000012BA 00                    4877 	.db #0x00	; 0
    000012BB 00                    4878 	.db #0x00	; 0
    000012BC 05                    4879 	.db #0x05	; 5
    000012BD 0A                    4880 	.db #0x0a	; 10
    000012BE 00                    4881 	.db #0x00	; 0
    000012BF 00                    4882 	.db #0x00	; 0
    000012C0 00                    4883 	.db #0x00	; 0
    000012C1 00                    4884 	.db #0x00	; 0
    000012C2 00                    4885 	.db #0x00	; 0
    000012C3 00                    4886 	.db #0x00	; 0
    000012C4 10                    4887 	.db #0x10	; 16
    000012C5 20                    4888 	.db #0x20	; 32
    000012C6 00                    4889 	.db #0x00	; 0
    000012C7 00                    4890 	.db #0x00	; 0
    000012C8 00                    4891 	.db #0x00	; 0
    000012C9 00                    4892 	.db #0x00	; 0
    000012CA 00                    4893 	.db #0x00	; 0
    000012CB 01                    4894 	.db #0x01	; 1
    000012CC 02                    4895 	.db #0x02	; 2
    000012CD 00                    4896 	.db #0x00	; 0
    000012CE 00                    4897 	.db #0x00	; 0
    000012CF 00                    4898 	.db #0x00	; 0
    000012D0 00                    4899 	.db #0x00	; 0
    000012D1 00                    4900 	.db #0x00	; 0
    000012D2 2A                    4901 	.db #0x2a	; 42
    000012D3 AA                    4902 	.db #0xaa	; 170
    000012D4 AA                    4903 	.db #0xaa	; 170
    000012D5 95                    4904 	.db #0x95	; 149
    000012D6 55                    4905 	.db #0x55	; 85	'U'
    000012D7 55                    4906 	.db #0x55	; 85	'U'
    000012D8 40                    4907 	.db #0x40	; 64
    000012D9 00                    4908 	.db #0x00	; 0
    000012DA 00                    4909 	.db #0x00	; 0
    000012DB 00                    4910 	.db #0x00	; 0
    000012DC 14                    4911 	.db #0x14	; 20
    000012DD 01                    4912 	.db #0x01	; 1
    000012DE 78                    4913 	.db #0x78	; 120	'x'
    000012DF 3C                    4914 	.db #0x3c	; 60
    000012E0 80                    4915 	.db #0x80	; 128
    000012E1 28                    4916 	.db #0x28	; 40
    000012E2 00                    4917 	.db #0x00	; 0
    000012E3 02                    4918 	.db #0x02	; 2
    000012E4 AA                    4919 	.db #0xaa	; 170
    000012E5 AA                    4920 	.db #0xaa	; 170
    000012E6 80                    4921 	.db #0x80	; 128
    000012E7 19                    4922 	.db #0x19	; 25
    000012E8 90                    4923 	.db #0x90	; 144
    000012E9 00                    4924 	.db #0x00	; 0
    000012EA 8D                    4925 	.db #0x8d	; 141
    000012EB 00                    4926 	.db #0x00	; 0
    000012EC 15                    4927 	.db #0x15	; 21
    000012ED 55                    4928 	.db #0x55	; 85	'U'
    000012EE 55                    4929 	.db #0x55	; 85	'U'
    000012EF 00                    4930 	.db #0x00	; 0
    000012F0 00                    4931 	.db #0x00	; 0
    000012F1 A0                    4932 	.db #0xa0	; 160
    000012F2 0B                    4933 	.db #0x0b	; 11
    000012F3 C1                    4934 	.db #0xc1	; 193
    000012F4 E4                    4935 	.db #0xe4	; 228
    000012F5 01                    4936 	.db #0x01	; 1
    000012F6 40                    4937 	.db #0x40	; 64
    000012F7 00                    4938 	.db #0x00	; 0
    000012F8 00                    4939 	.db #0x00	; 0
    000012F9 00                    4940 	.db #0x00	; 0
    000012FA 15                    4941 	.db #0x15	; 21
    000012FB 55                    4942 	.db #0x55	; 85	'U'
    000012FC 55                    4943 	.db #0x55	; 85	'U'
    000012FD 4A                    4944 	.db #0x4a	; 74	'J'
    000012FE AA                    4945 	.db #0xaa	; 170
    000012FF AA                    4946 	.db #0xaa	; 170
    00001300 A0                    4947 	.db #0xa0	; 160
    00001301 00                    4948 	.db #0x00	; 0
    00001302 00                    4949 	.db #0x00	; 0
    00001303 00                    4950 	.db #0x00	; 0
    00001304 00                    4951 	.db #0x00	; 0
    00001305 02                    4952 	.db #0x02	; 2
    00001306 04                    4953 	.db #0x04	; 4
    00001307 00                    4954 	.db #0x00	; 0
    00001308 00                    4955 	.db #0x00	; 0
    00001309 00                    4956 	.db #0x00	; 0
    0000130A 00                    4957 	.db #0x00	; 0
    0000130B 00                    4958 	.db #0x00	; 0
    0000130C 00                    4959 	.db #0x00	; 0
    0000130D 20                    4960 	.db #0x20	; 32
    0000130E 40                    4961 	.db #0x40	; 64
    0000130F 00                    4962 	.db #0x00	; 0
    00001310 00                    4963 	.db #0x00	; 0
    00001311 00                    4964 	.db #0x00	; 0
    00001312 00                    4965 	.db #0x00	; 0
    00001313 00                    4966 	.db #0x00	; 0
    00001314 02                    4967 	.db #0x02	; 2
    00001315 85                    4968 	.db #0x85	; 133
    00001316 00                    4969 	.db #0x00	; 0
    00001317 54                    4970 	.db #0x54	; 84	'T'
    00001318 00                    4971 	.db #0x00	; 0
    00001319 00                    4972 	.db #0x00	; 0
    0000131A 00                    4973 	.db #0x00	; 0
    0000131B 00                    4974 	.db #0x00	; 0
    0000131C 00                    4975 	.db #0x00	; 0
    0000131D A5                    4976 	.db #0xa5	; 165
    0000131E 00                    4977 	.db #0x00	; 0
    0000131F 42                    4978 	.db #0x42	; 66	'B'
    00001320 00                    4979 	.db #0x00	; 0
    00001321 03                    4980 	.db #0x03	; 3
    00001322 9E                    4981 	.db #0x9e	; 158
    00001323 79                    4982 	.db #0x79	; 121	'y'
    00001324 E7                    4983 	.db #0xe7	; 231
    00001325 9E                    4984 	.db #0x9e	; 158
    00001326 79                    4985 	.db #0x79	; 121	'y'
    00001327 00                    4986 	.db #0x00	; 0
    00001328 A0                    4987 	.db #0xa0	; 160
    00001329 00                    4988 	.db #0x00	; 0
    0000132A 00                    4989 	.db #0x00	; 0
    0000132B 21                    4990 	.db #0x21	; 33
    0000132C 00                    4991 	.db #0x00	; 0
    0000132D E7                    4992 	.db #0xe7	; 231
    0000132E 9E                    4993 	.db #0x9e	; 158
    0000132F 79                    4994 	.db #0x79	; 121	'y'
    00001330 E7                    4995 	.db #0xe7	; 231
    00001331 9E                    4996 	.db #0x9e	; 158
    00001332 7A                    4997 	.db #0x7a	; 122	'z'
    00001333 EB                    4998 	.db #0xeb	; 235
    00001334 AE                    4999 	.db #0xae	; 174
    00001335 BA                    5000 	.db #0xba	; 186
    00001336 EB                    5001 	.db #0xeb	; 235
    00001337 90                    5002 	.db #0x90	; 144
    00001338 2A                    5003 	.db #0x2a	; 42
    00001339 A8                    5004 	.db #0xa8	; 168
    0000133A 00                    5005 	.db #0x00	; 0
    0000133B 00                    5006 	.db #0x00	; 0
    0000133C 12                    5007 	.db #0x12	; 18
    0000133D 00                    5008 	.db #0x00	; 0
    0000133E E7                    5009 	.db #0xe7	; 231
    0000133F AE                    5010 	.db #0xae	; 174
    00001340 BA                    5011 	.db #0xba	; 186
    00001341 EB                    5012 	.db #0xeb	; 235
    00001342 AE                    5013 	.db #0xae	; 174
    00001343 BB                    5014 	.db #0xbb	; 187
    00001344 EF                    5015 	.db #0xef	; 239
    00001345 BE                    5016 	.db #0xbe	; 190
    00001346 FB                    5017 	.db #0xfb	; 251
    00001347 EB                    5018 	.db #0xeb	; 235
    00001348 90                    5019 	.db #0x90	; 144
    00001349 11                    5020 	.db #0x11	; 17
    0000134A 00                    5021 	.db #0x00	; 0
    0000134B 10                    5022 	.db #0x10	; 16
    0000134C 02                    5023 	.db #0x02	; 2
    0000134D AA                    5024 	.db #0xaa	; 170
    0000134E A0                    5025 	.db #0xa0	; 160
    0000134F 39                    5026 	.db #0x39	; 57	'9'
    00001350 EB                    5027 	.db #0xeb	; 235
    00001351 BE                    5028 	.db #0xbe	; 190
    00001352 FB                    5029 	.db #0xfb	; 251
    00001353 EF                    5030 	.db #0xef	; 239
    00001354 BD                    5031 	.db #0xbd	; 189
    00001355 F7                    5032 	.db #0xf7	; 247
    00001356 DF                    5033 	.db #0xdf	; 223
    00001357 7E                    5034 	.db #0x7e	; 126
    00001358 FA                    5035 	.db #0xfa	; 250
    00001359 E4                    5036 	.db #0xe4	; 228
    0000135A 0A                    5037 	.db #0x0a	; 10
    0000135B AA                    5038 	.db #0xaa	; 170
    0000135C 00                    5039 	.db #0x00	; 0
    0000135D 40                    5040 	.db #0x40	; 64
    0000135E 08                    5041 	.db #0x08	; 8
    0000135F 88                    5042 	.db #0x88	; 136
    00001360 0E                    5043 	.db #0x0e	; 14
    00001361 7A                    5044 	.db #0x7a	; 122	'z'
    00001362 EF                    5045 	.db #0xef	; 239
    00001363 7D                    5046 	.db #0x7d	; 125
    00001364 F7                    5047 	.db #0xf7	; 247
    00001365 DF                    5048 	.db #0xdf	; 223
    00001366 7D                    5049 	.db #0x7d	; 125
    00001367 F7                    5050 	.db #0xf7	; 247
    00001368 DF                    5051 	.db #0xdf	; 223
    00001369 BE                    5052 	.db #0xbe	; 190
    0000136A B9                    5053 	.db #0xb9	; 185
    0000136B 00                    5054 	.db #0x00	; 0
    0000136C A0                    5055 	.db #0xa0	; 160
    0000136D 01                    5056 	.db #0x01	; 1
    0000136E 00                    5057 	.db #0x00	; 0
    0000136F 04                    5058 	.db #0x04	; 4
    00001370 00                    5059 	.db #0x00	; 0
    00001371 E7                    5060 	.db #0xe7	; 231
    00001372 AE                    5061 	.db #0xae	; 174
    00001373 F7                    5062 	.db #0xf7	; 247
    00001374 DF                    5063 	.db #0xdf	; 223
    00001375 7D                    5064 	.db #0x7d	; 125
    00001376 F6                    5065 	.db #0xf6	; 246
    00001377 DB                    5066 	.db #0xdb	; 219
    00001378 7D                    5067 	.db #0x7d	; 125
    00001379 FB                    5068 	.db #0xfb	; 251
    0000137A EB                    5069 	.db #0xeb	; 235
    0000137B 90                    5070 	.db #0x90	; 144
    0000137C 00                    5071 	.db #0x00	; 0
    0000137D 00                    5072 	.db #0x00	; 0
    0000137E 40                    5073 	.db #0x40	; 64
    0000137F 02                    5074 	.db #0x02	; 2
    00001380 A0                    5075 	.db #0xa0	; 160
    00001381 0E                    5076 	.db #0x0e	; 14
    00001382 7A                    5077 	.db #0x7a	; 122	'z'
    00001383 EF                    5078 	.db #0xef	; 239
    00001384 7D                    5079 	.db #0x7d	; 125
    00001385 F6                    5080 	.db #0xf6	; 246
    00001386 DB                    5081 	.db #0xdb	; 219
    00001387 8D                    5082 	.db #0x8d	; 141
    00001388 B7                    5083 	.db #0xb7	; 183
    00001389 DF                    5084 	.db #0xdf	; 223
    0000138A BE                    5085 	.db #0xbe	; 190
    0000138B B9                    5086 	.db #0xb9	; 185
    0000138C 00                    5087 	.db #0x00	; 0
    0000138D 00                    5088 	.db #0x00	; 0
    0000138E 04                    5089 	.db #0x04	; 4
    0000138F 00                    5090 	.db #0x00	; 0
    00001390 00                    5091 	.db #0x00	; 0
    00001391 07                    5092 	.db #0x07	; 7
    00001392 3D                    5093 	.db #0x3d	; 61
    00001393 77                    5094 	.db #0x77	; 119	'w'
    00001394 BE                    5095 	.db #0xbe	; 190
    00001395 FB                    5096 	.db #0xfb	; 251
    00001396 70                    5097 	.db #0x70	; 112	'p'
    00001397                       5098 _dandy_level_12:
    00001397 E4                    5099 	.db #0xe4	; 228
    00001398 73                    5100 	.db #0x73	; 115	's'
    00001399 55                    5101 	.db #0x55	; 85	'U'
    0000139A 02                    5102 	.db #0x02	; 2
    0000139B AA                    5103 	.db #0xaa	; 170
    0000139C 3A                    5104 	.db #0x3a	; 58
    0000139D 2A                    5105 	.db #0x2a	; 42
    0000139E A6                    5106 	.db #0xa6	; 166
    0000139F ED                    5107 	.db #0xed	; 237
    000013A0 D5                    5108 	.db #0xd5	; 213
    000013A1 53                    5109 	.db #0x53	; 83	'S'
    000013A2 76                    5110 	.db #0x76	; 118	'v'
    000013A3 EA                    5111 	.db #0xea	; 234
    000013A4 AB                    5112 	.db #0xab	; 171
    000013A5 7D                    5113 	.db #0x7d	; 125
    000013A6 F7                    5114 	.db #0xf7	; 247
    000013A7 DF                    5115 	.db #0xdf	; 223
    000013A8 7A                    5116 	.db #0x7a	; 122	'z'
    000013A9 81                    5117 	.db #0x81	; 129
    000013AA 08                    5118 	.db #0x08	; 8
    000013AB 10                    5119 	.db #0x10	; 16
    000013AC 9B                    5120 	.db #0x9b	; 155
    000013AD F5                    5121 	.db #0xf5	; 245
    000013AE BA                    5122 	.db #0xba	; 186
    000013AF 16                    5123 	.db #0x16	; 22
    000013B0 ED                    5124 	.db #0xed	; 237
    000013B1 DB                    5125 	.db #0xdb	; 219
    000013B2 C2                    5126 	.db #0xc2	; 194
    000013B3 DD                    5127 	.db #0xdd	; 221
    000013B4 BB                    5128 	.db #0xbb	; 187
    000013B5 78                    5129 	.db #0x78	; 120	'x'
    000013B6 5B                    5130 	.db #0x5b	; 91
    000013B7 8D                    5131 	.db #0x8d	; 141
    000013B8 E0                    5132 	.db #0xe0	; 224
    000013B9 19                    5133 	.db #0x19	; 25
    000013BA 3D                    5134 	.db #0x3d	; 61
    000013BB 40                    5135 	.db #0x40	; 64
    000013BC C9                    5136 	.db #0xc9	; 201
    000013BD EA                    5137 	.db #0xea	; 234
    000013BE 6F                    5138 	.db #0x6f	; 111	'o'
    000013BF D6                    5139 	.db #0xd6	; 214
    000013C0 EC                    5140 	.db #0xec	; 236
    000013C1 B8                    5141 	.db #0xb8	; 184
    000013C2 F5                    5142 	.db #0xf5	; 245
    000013C3 1E                    5143 	.db #0x1e	; 30
    000013C4 19                    5144 	.db #0x19	; 25
    000013C5 3D                    5145 	.db #0x3d	; 61
    000013C6 47                    5146 	.db #0x47	; 71	'G'
    000013C7 86                    5147 	.db #0x86	; 134
    000013C8 4F                    5148 	.db #0x4f	; 79	'O'
    000013C9 56                    5149 	.db #0x56	; 86	'V'
    000013CA FC                    5150 	.db #0xfc	; 252
    000013CB EA                    5151 	.db #0xea	; 234
    000013CC DF                    5152 	.db #0xdf	; 223
    000013CD 27                    5153 	.db #0x27	; 39
    000013CE A7                    5154 	.db #0xa7	; 167
    000013CF C4                    5155 	.db #0xc4	; 196
    000013D0 20                    5156 	.db #0x20	; 32
    000013D1 42                    5157 	.db #0x42	; 66	'B'
    000013D2 6F                    5158 	.db #0x6f	; 111	'o'
    000013D3 D6                    5159 	.db #0xd6	; 214
    000013D4 E8                    5160 	.db #0xe8	; 232
    000013D5 47                    5161 	.db #0x47	; 71	'G'
    000013D6 A4                    5162 	.db #0xa4	; 164
    000013D7 23                    5163 	.db #0x23	; 35
    000013D8 D2                    5164 	.db #0xd2	; 210
    000013D9 16                    5165 	.db #0x16	; 22
    000013DA E3                    5166 	.db #0xe3	; 227
    000013DB 78                    5167 	.db #0x78	; 120	'x'
    000013DC E4                    5168 	.db #0xe4	; 228
    000013DD 73                    5169 	.db #0x73	; 115	's'
    000013DE 55                    5170 	.db #0x55	; 85	'U'
    000013DF 02                    5171 	.db #0x02	; 2
    000013E0 AA                    5172 	.db #0xaa	; 170
    000013E1 6F                    5173 	.db #0x6f	; 111	'o'
    000013E2 B6                    5174 	.db #0xb6	; 182
    000013E3 EA                    5175 	.db #0xea	; 234
    000013E4 A8                    5176 	.db #0xa8	; 168
    000013E5 15                    5177 	.db #0x15	; 21
    000013E6 57                    5178 	.db #0x57	; 87	'W'
    000013E7 63                    5179 	.db #0x63	; 99	'c'
    000013E8 BA                    5180 	.db #0xba	; 186
    000013E9 AB                    5181 	.db #0xab	; 171
    000013EA 7D                    5182 	.db #0x7d	; 125
    000013EB F7                    5183 	.db #0xf7	; 247
    000013EC DF                    5184 	.db #0xdf	; 223
    000013ED 7A                    5185 	.db #0x7a	; 122	'z'
    000013EE AA                    5186 	.db #0xaa	; 170
    000013EF A0                    5187 	.db #0xa0	; 160
    000013F0 55                    5188 	.db #0x55	; 85	'U'
    000013F1 40                    5189 	.db #0x40	; 64
    000013F2 AA                    5190 	.db #0xaa	; 170
    000013F3 81                    5191 	.db #0x81	; 129
    000013F4 55                    5192 	.db #0x55	; 85	'U'
    000013F5 02                    5193 	.db #0x02	; 2
    000013F6 AA                    5194 	.db #0xaa	; 170
    000013F7 05                    5195 	.db #0x05	; 5
    000013F8 54                    5196 	.db #0x54	; 84	'T'
    000013F9 02                    5197 	.db #0x02	; 2
    000013FA 04                    5198 	.db #0x04	; 4
    000013FB 20                    5199 	.db #0x20	; 32
    000013FC 42                    5200 	.db #0x42	; 66	'B'
    000013FD 04                    5201 	.db #0x04	; 4
    000013FE 20                    5202 	.db #0x20	; 32
    000013FF 42                    5203 	.db #0x42	; 66	'B'
    00001400 04                    5204 	.db #0x04	; 4
    00001401 23                    5205 	.db #0x23	; 35
    00001402 93                    5206 	.db #0x93	; 147
    00001403 D6                    5207 	.db #0xd6	; 214
    00001404 4F                    5208 	.db #0x4f	; 79	'O'
    00001405 C4                    5209 	.db #0xc4	; 196
    00001406 F5                    5210 	.db #0xf5	; 245
    00001407 91                    5211 	.db #0x91	; 145
    00001408 C9                    5212 	.db #0xc9	; 201
    00001409 3D                    5213 	.db #0x3d	; 61
    0000140A 64                    5214 	.db #0x64	; 100	'd'
    0000140B 72                    5215 	.db #0x72	; 114	'r'
    0000140C 4F                    5216 	.db #0x4f	; 79	'O'
    0000140D 59                    5217 	.db #0x59	; 89	'Y'
    0000140E 02                    5218 	.db #0x02	; 2
    0000140F 7A                    5219 	.db #0x7a	; 122	'z'
    00001410 C8                    5220 	.db #0xc8	; 200
    00001411 13                    5221 	.db #0x13	; 19
    00001412 D6                    5222 	.db #0xd6	; 214
    00001413 40                    5223 	.db #0x40	; 64
    00001414 20                    5224 	.db #0x20	; 32
    00001415 42                    5225 	.db #0x42	; 66	'B'
    00001416 04                    5226 	.db #0x04	; 4
    00001417 20                    5227 	.db #0x20	; 32
    00001418 42                    5228 	.db #0x42	; 66	'B'
    00001419 04                    5229 	.db #0x04	; 4
    0000141A 23                    5230 	.db #0x23	; 35
    0000141B 92                    5231 	.db #0x92	; 146
    0000141C 10                    5232 	.db #0x10	; 16
    0000141D AA                    5233 	.db #0xaa	; 170
    0000141E 81                    5234 	.db #0x81	; 129
    0000141F 55                    5235 	.db #0x55	; 85	'U'
    00001420 02                    5236 	.db #0x02	; 2
    00001421 AA                    5237 	.db #0xaa	; 170
    00001422 05                    5238 	.db #0x05	; 5
    00001423 54                    5239 	.db #0x54	; 84	'T'
    00001424 0A                    5240 	.db #0x0a	; 10
    00001425 A8                    5241 	.db #0xa8	; 168
    00001426 15                    5242 	.db #0x15	; 21
    00001427 50                    5243 	.db #0x50	; 80	'P'
    00001428 05                    5244 	.db #0x05	; 5
    00001429 54                    5245 	.db #0x54	; 84	'T'
    0000142A 0A                    5246 	.db #0x0a	; 10
    0000142B A8                    5247 	.db #0xa8	; 168
    0000142C 15                    5248 	.db #0x15	; 21
    0000142D 50                    5249 	.db #0x50	; 80	'P'
    0000142E 2A                    5250 	.db #0x2a	; 42
    0000142F A0                    5251 	.db #0xa0	; 160
    00001430 EA                    5252 	.db #0xea	; 234
    00001431 AA                    5253 	.db #0xaa	; 170
    00001432 E8                    5254 	.db #0xe8	; 232
    00001433 2A                    5255 	.db #0x2a	; 42
    00001434 04                    5256 	.db #0x04	; 4
    00001435 20                    5257 	.db #0x20	; 32
    00001436 42                    5258 	.db #0x42	; 66	'B'
    00001437 04                    5259 	.db #0x04	; 4
    00001438 27                    5260 	.db #0x27	; 39
    00001439 97                    5261 	.db #0x97	; 151
    0000143A 88                    5262 	.db #0x88	; 136
    0000143B 4D                    5263 	.db #0x4d	; 77	'M'
    0000143C C4                    5264 	.db #0xc4	; 196
    0000143D 21                    5265 	.db #0x21	; 33
    0000143E BA                    5266 	.db #0xba	; 186
    0000143F 1A                    5267 	.db #0x1a	; 26
    00001440 0C                    5268 	.db #0x0c	; 12
    00001441 9E                    5269 	.db #0x9e	; 158
    00001442 A7                    5270 	.db #0xa7	; 167
    00001443 C3                    5271 	.db #0xc3	; 195
    00001444 27                    5272 	.db #0x27	; 39
    00001445 A8                    5273 	.db #0xa8	; 168
    00001446 E4                    5274 	.db #0xe4	; 228
    00001447 C9                    5275 	.db #0xc9	; 201
    00001448 EA                    5276 	.db #0xea	; 234
    00001449 5C                    5277 	.db #0x5c	; 92
    0000144A 4C                    5278 	.db #0x4c	; 76	'L'
    0000144B 9E                    5279 	.db #0x9e	; 158
    0000144C A3                    5280 	.db #0xa3	; 163
    0000144D 73                    5281 	.db #0x73	; 115	's'
    0000144E 27                    5282 	.db #0x27	; 39
    0000144F A8                    5283 	.db #0xa8	; 168
    00001450 DC                    5284 	.db #0xdc	; 220
    00001451 C9                    5285 	.db #0xc9	; 201
    00001452 E8                    5286 	.db #0xe8	; 232
    00001453 21                    5287 	.db #0x21	; 33
    00001454 02                    5288 	.db #0x02	; 2
    00001455 10                    5289 	.db #0x10	; 16
    00001456 21                    5290 	.db #0x21	; 33
    00001457 3C                    5291 	.db #0x3c	; 60
    00001458 BC                    5292 	.db #0xbc	; 188
    00001459 42                    5293 	.db #0x42	; 66	'B'
    0000145A 1B                    5294 	.db #0x1b	; 27
    0000145B A1                    5295 	.db #0xa1	; 161
    0000145C 37                    5296 	.db #0x37	; 55	'7'
    0000145D 10                    5297 	.db #0x10	; 16
    0000145E 0A                    5298 	.db #0x0a	; 10
    0000145F A8                    5299 	.db #0xa8	; 168
    00001460 15                    5300 	.db #0x15	; 21
    00001461 50                    5301 	.db #0x50	; 80	'P'
    00001462 2A                    5302 	.db #0x2a	; 42
    00001463 A0                    5303 	.db #0xa0	; 160
    00001464 55                    5304 	.db #0x55	; 85	'U'
    00001465 5D                    5305 	.db #0x5d	; 93
    00001466 05                    5306 	.db #0x05	; 5
    00001467 54                    5307 	.db #0x54	; 84	'T'
    00001468 1D                    5308 	.db #0x1d	; 29
    00001469 55                    5309 	.db #0x55	; 85	'U'
    0000146A 55                    5310 	.db #0x55	; 85	'U'
    0000146B 02                    5311 	.db #0x02	; 2
    0000146C AA                    5312 	.db #0xaa	; 170
    0000146D 05                    5313 	.db #0x05	; 5
    0000146E 54                    5314 	.db #0x54	; 84	'T'
    0000146F 0A                    5315 	.db #0x0a	; 10
    00001470 A8                    5316 	.db #0xa8	; 168
    00001471 15                    5317 	.db #0x15	; 21
    00001472 50                    5318 	.db #0x50	; 80	'P'
    00001473 2A                    5319 	.db #0x2a	; 42
    00001474 A0                    5320 	.db #0xa0	; 160
    00001475 10                    5321 	.db #0x10	; 16
    00001476 21                    5322 	.db #0x21	; 33
    00001477 02                    5323 	.db #0x02	; 2
    00001478 10                    5324 	.db #0x10	; 16
    00001479 21                    5325 	.db #0x21	; 33
    0000147A 3A                    5326 	.db #0x3a	; 58
    0000147B 74                    5327 	.db #0x74	; 116	't'
    0000147C 84                    5328 	.db #0x84	; 132
    0000147D E9                    5329 	.db #0xe9	; 233
    0000147E D2                    5330 	.db #0xd2	; 210
    0000147F 10                    5331 	.db #0x10	; 16
    00001480 3D                    5332 	.db #0x3d	; 61
    00001481 64                    5333 	.db #0x64	; 100	'd'
    00001482 FC                    5334 	.db #0xfc	; 252
    00001483 4F                    5335 	.db #0x4f	; 79	'O'
    00001484 59                    5336 	.db #0x59	; 89	'Y'
    00001485 02                    5337 	.db #0x02	; 2
    00001486 7A                    5338 	.db #0x7a	; 122	'z'
    00001487 C8                    5339 	.db #0xc8	; 200
    00001488 13                    5340 	.db #0x13	; 19
    00001489 D6                    5341 	.db #0xd6	; 214
    0000148A 40                    5342 	.db #0x40	; 64
    0000148B 9E                    5343 	.db #0x9e	; 158
    0000148C B2                    5344 	.db #0xb2	; 178
    0000148D 3A                    5345 	.db #0x3a	; 58
    0000148E 27                    5346 	.db #0x27	; 39
    0000148F AC                    5347 	.db #0xac	; 172
    00001490 80                    5348 	.db #0x80	; 128
    00001491 40                    5349 	.db #0x40	; 64
    00001492 84                    5350 	.db #0x84	; 132
    00001493 08                    5351 	.db #0x08	; 8
    00001494 40                    5352 	.db #0x40	; 64
    00001495 84                    5353 	.db #0x84	; 132
    00001496 E9                    5354 	.db #0xe9	; 233
    00001497 D2                    5355 	.db #0xd2	; 210
    00001498 13                    5356 	.db #0x13	; 19
    00001499 A7                    5357 	.db #0xa7	; 167
    0000149A 48                    5358 	.db #0x48	; 72	'H'
    0000149B 5D                    5359 	.db #0x5d	; 93
    0000149C 6D                    5360 	.db #0x6d	; 109	'm'
    0000149D B5                    5361 	.db #0xb5	; 181
    0000149E 54                    5362 	.db #0x54	; 84	'T'
    0000149F 0A                    5363 	.db #0x0a	; 10
    000014A0 A8                    5364 	.db #0xa8	; 168
    000014A1 15                    5365 	.db #0x15	; 21
    000014A2 50                    5366 	.db #0x50	; 80	'P'
    000014A3 2A                    5367 	.db #0x2a	; 42
    000014A4 A0                    5368 	.db #0xa0	; 160
    000014A5 55                    5369 	.db #0x55	; 85	'U'
    000014A6 40                    5370 	.db #0x40	; 64
    000014A7 AA                    5371 	.db #0xaa	; 170
    000014A8 87                    5372 	.db #0x87	; 135
    000014A9 23                    5373 	.db #0x23	; 35
    000014AA 9A                    5374 	.db #0x9a	; 154
    000014AB A8                    5375 	.db #0xa8	; 168
    000014AC 15                    5376 	.db #0x15	; 21
    000014AD 57                    5377 	.db #0x57	; 87	'W'
    000014AE 43                    5378 	.db #0x43	; 67	'C'
    000014AF AA                    5379 	.db #0xaa	; 170
    000014B0 A8                    5380 	.db #0xa8	; 168
    000014B1 EC                    5381 	.db #0xec	; 236
    000014B2 AA                    5382 	.db #0xaa	; 170
    000014B3 81                    5383 	.db #0x81	; 129
    000014B4 55                    5384 	.db #0x55	; 85	'U'
    000014B5 02                    5385 	.db #0x02	; 2
    000014B6 A3                    5386 	.db #0xa3	; 163
    000014B7 E2                    5387 	.db #0xe2	; 226
    000014B8 10                    5388 	.db #0x10	; 16
    000014B9 21                    5389 	.db #0x21	; 33
    000014BA 02                    5390 	.db #0x02	; 2
    000014BB 10                    5391 	.db #0x10	; 16
    000014BC 21                    5392 	.db #0x21	; 33
    000014BD 0D                    5393 	.db #0x0d	; 13
    000014BE D0                    5394 	.db #0xd0	; 208
    000014BF 9B                    5395 	.db #0x9b	; 155
    000014C0 88                    5396 	.db #0x88	; 136
    000014C1 06                    5397 	.db #0x06	; 6
    000014C2 4F                    5398 	.db #0x4f	; 79	'O'
    000014C3 50                    5399 	.db #0x50	; 80	'P'
    000014C4 32                    5400 	.db #0x32	; 50	'2'
    000014C5 7A                    5401 	.db #0x7a	; 122	'z'
    000014C6 81                    5402 	.db #0x81	; 129
    000014C7 93                    5403 	.db #0x93	; 147
    000014C8 D5                    5404 	.db #0xd5	; 213
    000014C9 D8                    5405 	.db #0xd8	; 216
    000014CA 64                    5406 	.db #0x64	; 100	'd'
    000014CB F5                    5407 	.db #0xf5	; 245
    000014CC 1B                    5408 	.db #0x1b	; 27
    000014CD 99                    5409 	.db #0x99	; 153
    000014CE 3D                    5410 	.db #0x3d	; 61
    000014CF 46                    5411 	.db #0x46	; 70	'F'
    000014D0 E6                    5412 	.db #0xe6	; 230
    000014D1 4F                    5413 	.db #0x4f	; 79	'O'
    000014D2 41                    5414 	.db #0x41	; 65	'A'
    000014D3 08                    5415 	.db #0x08	; 8
    000014D4 39                    5416 	.db #0x39	; 57	'9'
    000014D5 84                    5417 	.db #0x84	; 132
    000014D6 08                    5418 	.db #0x08	; 8
    000014D7 40                    5419 	.db #0x40	; 64
    000014D8 84                    5420 	.db #0x84	; 132
    000014D9 DC                    5421 	.db #0xdc	; 220
    000014DA 42                    5422 	.db #0x42	; 66	'B'
    000014DB 1B                    5423 	.db #0x1b	; 27
    000014DC A3                    5424 	.db #0xa3	; 163
    000014DD 91                    5425 	.db #0x91	; 145
    000014DE CD                    5426 	.db #0xcd	; 205
    000014DF 54                    5427 	.db #0x54	; 84	'T'
    000014E0 39                    5428 	.db #0x39	; 57	'9'
    000014E1 55                    5429 	.db #0x55	; 85	'U'
    000014E2 5D                    5430 	.db #0x5d	; 93
    000014E3 0E                    5431 	.db #0x0e	; 14
    000014E4 AA                    5432 	.db #0xaa	; 170
    000014E5 A0                    5433 	.db #0xa0	; 160
    000014E6 EE                    5434 	.db #0xee	; 238
    000014E7 AA                    5435 	.db #0xaa	; 170
    000014E8 05                    5436 	.db #0x05	; 5
    000014E9 54                    5437 	.db #0x54	; 84	'T'
    000014EA 0A                    5438 	.db #0x0a	; 10
    000014EB AA                    5439 	.db #0xaa	; 170
    000014EC A0                    5440 	.db #0xa0	; 160
    000014ED 55                    5441 	.db #0x55	; 85	'U'
    000014EE 40                    5442 	.db #0x40	; 64
    000014EF AA                    5443 	.db #0xaa	; 170
    000014F0 81                    5444 	.db #0x81	; 129
    000014F1 55                    5445 	.db #0x55	; 85	'U'
    000014F2 1D                    5446 	.db #0x1d	; 29
    000014F3 15                    5447 	.db #0x15	; 21
    000014F4 50                    5448 	.db #0x50	; 80	'P'
    000014F5 2A                    5449 	.db #0x2a	; 42
    000014F6 A0                    5450 	.db #0xa0	; 160
    000014F7 10                    5451 	.db #0x10	; 16
    000014F8 21                    5452 	.db #0x21	; 33
    000014F9 02                    5453 	.db #0x02	; 2
    000014FA 11                    5454 	.db #0x11	; 17
    000014FB E9                    5455 	.db #0xe9	; 233
    000014FC 0B                    5456 	.db #0x0b	; 11
    000014FD A0                    5457 	.db #0xa0	; 160
    000014FE 84                    5458 	.db #0x84	; 132
    000014FF 36                    5459 	.db #0x36	; 54	'6'
    00001500 42                    5460 	.db #0x42	; 66	'B'
    00001501 66                    5461 	.db #0x66	; 102	'f'
    00001502 3D                    5462 	.db #0x3d	; 61
    00001503 64                    5463 	.db #0x64	; 100	'd'
    00001504 1B                    5464 	.db #0x1b	; 27
    00001505 4F                    5465 	.db #0x4f	; 79	'O'
    00001506 59                    5466 	.db #0x59	; 89	'Y'
    00001507 72                    5467 	.db #0x72	; 114	'r'
    00001508 36                    5468 	.db #0x36	; 54	'6'
    00001509 9E                    5469 	.db #0x9e	; 158
    0000150A B2                    5470 	.db #0xb2	; 178
    0000150B 0D                    5471 	.db #0x0d	; 13
    0000150C 67                    5472 	.db #0x67	; 103	'g'
    0000150D AC                    5473 	.db #0xac	; 172
    0000150E 8E                    5474 	.db #0x8e	; 142
    0000150F 89                    5475 	.db #0x89	; 137
    00001510 EB                    5476 	.db #0xeb	; 235
    00001511 2E                    5477 	.db #0x2e	; 46
    00001512 8D                    5478 	.db #0x8d	; 141
    00001513 93                    5479 	.db #0x93	; 147
    00001514 D6                    5480 	.db #0xd6	; 214
    00001515 40                    5481 	.db #0x40	; 64
    00001516                       5482 _dandy_level_13:
    00001516 2A                    5483 	.db #0x2a	; 42
    00001517 9A                    5484 	.db #0x9a	; 154
    00001518 DE                    5485 	.db #0xde	; 222
    00001519 AA                    5486 	.db #0xaa	; 170
    0000151A BD                    5487 	.db #0xbd	; 189
    0000151B 5F                    5488 	.db #0x5f	; 95
    0000151C 1F                    5489 	.db #0x1f	; 31
    0000151D 5F                    5490 	.db #0x5f	; 95
    0000151E 1F                    5491 	.db #0x1f	; 31
    0000151F 51                    5492 	.db #0x51	; 81	'Q'
    00001520 40                    5493 	.db #0x40	; 64
    00001521 54                    5494 	.db #0x54	; 84	'T'
    00001522 A7                    5495 	.db #0xa7	; 167
    00001523 A7                    5496 	.db #0xa7	; 167
    00001524 A8                    5497 	.db #0xa8	; 168
    00001525 06                    5498 	.db #0x06	; 6
    00001526 6A                    5499 	.db #0x6a	; 106	'j'
    00001527 88                    5500 	.db #0x88	; 136
    00001528 AA                    5501 	.db #0xaa	; 170
    00001529 28                    5502 	.db #0x28	; 40
    0000152A A8                    5503 	.db #0xa8	; 168
    0000152B AF                    5504 	.db #0xaf	; 175
    0000152C 8A                    5505 	.db #0x8a	; 138
    0000152D FD                    5506 	.db #0xfd	; 253
    0000152E 45                    5507 	.db #0x45	; 69	'E'
    0000152F 44                    5508 	.db #0x44	; 68	'D'
    00001530 AA                    5509 	.db #0xaa	; 170
    00001531 5E                    5510 	.db #0x5e	; 94
    00001532 D5                    5511 	.db #0xd5	; 213
    00001533 02                    5512 	.db #0x02	; 2
    00001534 88                    5513 	.db #0x88	; 136
    00001535 AA                    5514 	.db #0xaa	; 170
    00001536 28                    5515 	.db #0x28	; 40
    00001537 A8                    5516 	.db #0xa8	; 168
    00001538 A8                    5517 	.db #0xa8	; 168
    00001539 AA                    5518 	.db #0xaa	; 170
    0000153A 85                    5519 	.db #0x85	; 133
    0000153B 52                    5520 	.db #0x52	; 82	'R'
    0000153C 55                    5521 	.db #0x55	; 85	'U'
    0000153D 2A                    5522 	.db #0x2a	; 42
    0000153E A8                    5523 	.db #0xa8	; 168
    0000153F 44                    5524 	.db #0x44	; 68	'D'
    00001540 40                    5525 	.db #0x40	; 64
    00001541 14                    5526 	.db #0x14	; 20
    00001542 54                    5527 	.db #0x54	; 84	'T'
    00001543 54                    5528 	.db #0x54	; 84	'T'
    00001544 55                    5529 	.db #0x55	; 85	'U'
    00001545 45                    5530 	.db #0x45	; 69	'E'
    00001546 55                    5531 	.db #0x55	; 85	'U'
    00001547 40                    5532 	.db #0x40	; 64
    00001548 55                    5533 	.db #0x55	; 85	'U'
    00001549 7A                    5534 	.db #0x7a	; 122	'z'
    0000154A 14                    5535 	.db #0x14	; 20
    0000154B 10                    5536 	.db #0x10	; 16
    0000154C 05                    5537 	.db #0x05	; 5
    0000154D 15                    5538 	.db #0x15	; 21
    0000154E 15                    5539 	.db #0x15	; 21
    0000154F 15                    5540 	.db #0x15	; 21
    00001550 42                    5541 	.db #0x42	; 66	'B'
    00001551 AA                    5542 	.db #0xaa	; 170
    00001552 A5                    5543 	.db #0xa5	; 165
    00001553 52                    5544 	.db #0x52	; 82	'R'
    00001554 AA                    5545 	.db #0xaa	; 170
    00001555 9B                    5546 	.db #0x9b	; 155
    00001556 6D                    5547 	.db #0x6d	; 109	'm'
    00001557 56                    5548 	.db #0x56	; 86	'V'
    00001558 DB                    5549 	.db #0xdb	; 219
    00001559 6D                    5550 	.db #0x6d	; 109	'm'
    0000155A 6D                    5551 	.db #0x6d	; 109	'm'
    0000155B B5                    5552 	.db #0xb5	; 181
    0000155C 56                    5553 	.db #0x56	; 86	'V'
    0000155D DB                    5554 	.db #0xdb	; 219
    0000155E 56                    5555 	.db #0x56	; 86	'V'
    0000155F DB                    5556 	.db #0xdb	; 219
    00001560 55                    5557 	.db #0x55	; 85	'U'
    00001561 B6                    5558 	.db #0xb6	; 182
    00001562 D5                    5559 	.db #0xd5	; 213
    00001563 6D                    5560 	.db #0x6d	; 109	'm'
    00001564 B5                    5561 	.db #0xb5	; 181
    00001565 56                    5562 	.db #0x56	; 86	'V'
    00001566 DB                    5563 	.db #0xdb	; 219
    00001567 55                    5564 	.db #0x55	; 85	'U'
    00001568 55                    5565 	.db #0x55	; 85	'U'
    00001569 6D                    5566 	.db #0x6d	; 109	'm'
    0000156A 55                    5567 	.db #0x55	; 85	'U'
    0000156B B5                    5568 	.db #0xb5	; 181
    0000156C 55                    5569 	.db #0x55	; 85	'U'
    0000156D 6D                    5570 	.db #0x6d	; 109	'm'
    0000156E BE                    5571 	.db #0xbe	; 190
    0000156F F5                    5572 	.db #0xf5	; 245
    00001570 5B                    5573 	.db #0x5b	; 91
    00001571 EF                    5574 	.db #0xef	; 239
    00001572 6F                    5575 	.db #0x6f	; 111	'o'
    00001573 BD                    5576 	.db #0xbd	; 189
    00001574 56                    5577 	.db #0x56	; 86	'V'
    00001575 FB                    5578 	.db #0xfb	; 251
    00001576 D6                    5579 	.db #0xd6	; 214
    00001577 FB                    5580 	.db #0xfb	; 251
    00001578 D5                    5581 	.db #0xd5	; 213
    00001579 BE                    5582 	.db #0xbe	; 190
    0000157A F5                    5583 	.db #0xf5	; 245
    0000157B 6F                    5584 	.db #0x6f	; 111	'o'
    0000157C BD                    5585 	.db #0xbd	; 189
    0000157D 56                    5586 	.db #0x56	; 86	'V'
    0000157E FB                    5587 	.db #0xfb	; 251
    0000157F D5                    5588 	.db #0xd5	; 213
    00001580 55                    5589 	.db #0x55	; 85	'U'
    00001581 6F                    5590 	.db #0x6f	; 111	'o'
    00001582 55                    5591 	.db #0x55	; 85	'U'
    00001583 BD                    5592 	.db #0xbd	; 189
    00001584 BD                    5593 	.db #0xbd	; 189
    00001585 56                    5594 	.db #0x56	; 86	'V'
    00001586 FB                    5595 	.db #0xfb	; 251
    00001587 EF                    5596 	.db #0xef	; 239
    00001588 55                    5597 	.db #0x55	; 85	'U'
    00001589 BE                    5598 	.db #0xbe	; 190
    0000158A F6                    5599 	.db #0xf6	; 246
    0000158B FB                    5600 	.db #0xfb	; 251
    0000158C D5                    5601 	.db #0xd5	; 213
    0000158D 6F                    5602 	.db #0x6f	; 111	'o'
    0000158E BD                    5603 	.db #0xbd	; 189
    0000158F BE                    5604 	.db #0xbe	; 190
    00001590 FB                    5605 	.db #0xfb	; 251
    00001591 EF                    5606 	.db #0xef	; 239
    00001592 6F                    5607 	.db #0x6f	; 111	'o'
    00001593 BE                    5608 	.db #0xbe	; 190
    00001594 FB                    5609 	.db #0xfb	; 251
    00001595 DB                    5610 	.db #0xdb	; 219
    00001596 EF                    5611 	.db #0xef	; 239
    00001597 BE                    5612 	.db #0xbe	; 190
    00001598 F5                    5613 	.db #0xf5	; 245
    00001599 BE                    5614 	.db #0xbe	; 190
    0000159A FB                    5615 	.db #0xfb	; 251
    0000159B EF                    5616 	.db #0xef	; 239
    0000159C 55                    5617 	.db #0x55	; 85	'U'
    0000159D 56                    5618 	.db #0x56	; 86	'V'
    0000159E FB                    5619 	.db #0xfb	; 251
    0000159F EF                    5620 	.db #0xef	; 239
    000015A0 BE                    5621 	.db #0xbe	; 190
    000015A1 FB                    5622 	.db #0xfb	; 251
    000015A2 DB                    5623 	.db #0xdb	; 219
    000015A3 EF                    5624 	.db #0xef	; 239
    000015A4 BE                    5625 	.db #0xbe	; 190
    000015A5 FB                    5626 	.db #0xfb	; 251
    000015A6 EF                    5627 	.db #0xef	; 239
    000015A7 96                    5628 	.db #0x96	; 150
    000015A8 59                    5629 	.db #0x59	; 89	'Y'
    000015A9 65                    5630 	.db #0x65	; 101	'e'
    000015AA 96                    5631 	.db #0x96	; 150
    000015AB 59                    5632 	.db #0x59	; 89	'Y'
    000015AC 65                    5633 	.db #0x65	; 101	'e'
    000015AD 96                    5634 	.db #0x96	; 150
    000015AE 59                    5635 	.db #0x59	; 89	'Y'
    000015AF 65                    5636 	.db #0x65	; 101	'e'
    000015B0 96                    5637 	.db #0x96	; 150
    000015B1 59                    5638 	.db #0x59	; 89	'Y'
    000015B2 65                    5639 	.db #0x65	; 101	'e'
    000015B3 96                    5640 	.db #0x96	; 150
    000015B4 59                    5641 	.db #0x59	; 89	'Y'
    000015B5 65                    5642 	.db #0x65	; 101	'e'
    000015B6 96                    5643 	.db #0x96	; 150
    000015B7 59                    5644 	.db #0x59	; 89	'Y'
    000015B8 65                    5645 	.db #0x65	; 101	'e'
    000015B9 96                    5646 	.db #0x96	; 150
    000015BA 59                    5647 	.db #0x59	; 89	'Y'
    000015BB 65                    5648 	.db #0x65	; 101	'e'
    000015BC 96                    5649 	.db #0x96	; 150
    000015BD 59                    5650 	.db #0x59	; 89	'Y'
    000015BE 65                    5651 	.db #0x65	; 101	'e'
    000015BF 96                    5652 	.db #0x96	; 150
    000015C0 59                    5653 	.db #0x59	; 89	'Y'
    000015C1 65                    5654 	.db #0x65	; 101	'e'
    000015C2 96                    5655 	.db #0x96	; 150
    000015C3 59                    5656 	.db #0x59	; 89	'Y'
    000015C4 65                    5657 	.db #0x65	; 101	'e'
    000015C5 96                    5658 	.db #0x96	; 150
    000015C6 59                    5659 	.db #0x59	; 89	'Y'
    000015C7 65                    5660 	.db #0x65	; 101	'e'
    000015C8 96                    5661 	.db #0x96	; 150
    000015C9 59                    5662 	.db #0x59	; 89	'Y'
    000015CA 65                    5663 	.db #0x65	; 101	'e'
    000015CB 96                    5664 	.db #0x96	; 150
    000015CC 59                    5665 	.db #0x59	; 89	'Y'
    000015CD 65                    5666 	.db #0x65	; 101	'e'
    000015CE 96                    5667 	.db #0x96	; 150
    000015CF 59                    5668 	.db #0x59	; 89	'Y'
    000015D0 65                    5669 	.db #0x65	; 101	'e'
    000015D1 96                    5670 	.db #0x96	; 150
    000015D2 40                    5671 	.db #0x40	; 64
    000015D3 00                    5672 	.db #0x00	; 0
    000015D4 00                    5673 	.db #0x00	; 0
    000015D5 00                    5674 	.db #0x00	; 0
    000015D6 00                    5675 	.db #0x00	; 0
    000015D7 00                    5676 	.db #0x00	; 0
    000015D8 00                    5677 	.db #0x00	; 0
    000015D9 00                    5678 	.db #0x00	; 0
    000015DA 00                    5679 	.db #0x00	; 0
    000015DB 00                    5680 	.db #0x00	; 0
    000015DC 00                    5681 	.db #0x00	; 0
    000015DD 00                    5682 	.db #0x00	; 0
    000015DE 00                    5683 	.db #0x00	; 0
    000015DF 00                    5684 	.db #0x00	; 0
    000015E0 00                    5685 	.db #0x00	; 0
    000015E1 11                    5686 	.db #0x11	; 17
    000015E2 41                    5687 	.db #0x41	; 65	'A'
    000015E3 09                    5688 	.db #0x09	; 9
    000015E4 55                    5689 	.db #0x55	; 85	'U'
    000015E5 08                    5690 	.db #0x08	; 8
    000015E6 8A                    5691 	.db #0x8a	; 138
    000015E7 0A                    5692 	.db #0x0a	; 10
    000015E8 A5                    5693 	.db #0xa5	; 165
    000015E9 54                    5694 	.db #0x54	; 84	'T'
    000015EA 54                    5695 	.db #0x54	; 84	'T'
    000015EB 01                    5696 	.db #0x01	; 1
    000015EC 22                    5697 	.db #0x22	; 34
    000015ED 14                    5698 	.db #0x14	; 20
    000015EE A1                    5699 	.db #0xa1	; 161
    000015EF 02                    5700 	.db #0x02	; 2
    000015F0 E7                    5701 	.db #0xe7	; 231
    000015F1 99                    5702 	.db #0x99	; 153
    000015F2 73                    5703 	.db #0x73	; 115	's'
    000015F3 CC                    5704 	.db #0xcc	; 204
    000015F4 27                    5705 	.db #0x27	; 39
    000015F5 21                    5706 	.db #0x21	; 33
    000015F6 09                    5707 	.db #0x09	; 9
    000015F7 D2                    5708 	.db #0xd2	; 210
    000015F8 01                    5709 	.db #0x01	; 1
    000015F9 2E                    5710 	.db #0x2e	; 46
    000015FA 9D                    5711 	.db #0x9d	; 157
    000015FB 0B                    5712 	.db #0x0b	; 11
    000015FC AB                    5713 	.db #0xab	; 171
    000015FD A8                    5714 	.db #0xa8	; 168
    000015FE 40                    5715 	.db #0x40	; 64
    000015FF AA                    5716 	.db #0xaa	; 170
    00001600 55                    5717 	.db #0x55	; 85	'U'
    00001601 0A                    5718 	.db #0x0a	; 10
    00001602 82                    5719 	.db #0x82	; 130
    00001603 17                    5720 	.db #0x17	; 23
    00001604 5D                    5721 	.db #0x5d	; 93
    00001605 74                    5722 	.db #0x74	; 116	't'
    00001606 08                    5723 	.db #0x08	; 8
    00001607 92                    5724 	.db #0x92	; 146
    00001608 84                    5725 	.db #0x84	; 132
    00001609 21                    5726 	.db #0x21	; 33
    0000160A 02                    5727 	.db #0x02	; 2
    0000160B 24                    5728 	.db #0x24	; 36
    0000160C 42                    5729 	.db #0x42	; 66	'B'
    0000160D 72                    5730 	.db #0x72	; 114	'r'
    0000160E 10                    5731 	.db #0x10	; 16
    0000160F BA                    5732 	.db #0xba	; 186
    00001610 EB                    5733 	.db #0xeb	; 235
    00001611 A0                    5734 	.db #0xa0	; 160
    00001612 44                    5735 	.db #0x44	; 68	'D'
    00001613 88                    5736 	.db #0x88	; 136
    00001614 42                    5737 	.db #0x42	; 66	'B'
    00001615 10                    5738 	.db #0x10	; 16
    00001616 22                    5739 	.db #0x22	; 34
    00001617 44                    5740 	.db #0x44	; 68	'D'
    00001618 27                    5741 	.db #0x27	; 39
    00001619 21                    5742 	.db #0x21	; 33
    0000161A 09                    5743 	.db #0x09	; 9
    0000161B D2                    5744 	.db #0xd2	; 210
    0000161C 05                    5745 	.db #0x05	; 5
    0000161D 38                    5746 	.db #0x38	; 56	'8'
    0000161E 53                    5747 	.db #0x53	; 83	'S'
    0000161F 82                    5748 	.db #0x82	; 130
    00001620 16                    5749 	.db #0x16	; 22
    00001621 C4                    5750 	.db #0xc4	; 196
    00001622 D8                    5751 	.db #0xd8	; 216
    00001623 45                    5752 	.db #0x45	; 69	'E'
    00001624 BC                    5753 	.db #0xbc	; 188
    00001625 5B                    5754 	.db #0x5b	; 91
    00001626 95                    5755 	.db #0x95	; 149
    00001627 42                    5756 	.db #0x42	; 66	'B'
    00001628 0A                    5757 	.db #0x0a	; 10
    00001629 8D                    5758 	.db #0x8d	; 141
    0000162A 40                    5759 	.db #0x40	; 64
    0000162B 00                    5760 	.db #0x00	; 0
    0000162C 00                    5761 	.db #0x00	; 0
    0000162D 00                    5762 	.db #0x00	; 0
    0000162E 00                    5763 	.db #0x00	; 0
    0000162F 00                    5764 	.db #0x00	; 0
    00001630 00                    5765 	.db #0x00	; 0
    00001631 06                    5766 	.db #0x06	; 6
    00001632 59                    5767 	.db #0x59	; 89	'Y'
    00001633 65                    5768 	.db #0x65	; 101	'e'
    00001634 96                    5769 	.db #0x96	; 150
    00001635 59                    5770 	.db #0x59	; 89	'Y'
    00001636 65                    5771 	.db #0x65	; 101	'e'
    00001637 96                    5772 	.db #0x96	; 150
    00001638 59                    5773 	.db #0x59	; 89	'Y'
    00001639 65                    5774 	.db #0x65	; 101	'e'
    0000163A 96                    5775 	.db #0x96	; 150
    0000163B 59                    5776 	.db #0x59	; 89	'Y'
    0000163C 65                    5777 	.db #0x65	; 101	'e'
    0000163D 96                    5778 	.db #0x96	; 150
    0000163E 59                    5779 	.db #0x59	; 89	'Y'
    0000163F 65                    5780 	.db #0x65	; 101	'e'
    00001640 96                    5781 	.db #0x96	; 150
    00001641 59                    5782 	.db #0x59	; 89	'Y'
    00001642 65                    5783 	.db #0x65	; 101	'e'
    00001643 96                    5784 	.db #0x96	; 150
    00001644 59                    5785 	.db #0x59	; 89	'Y'
    00001645 65                    5786 	.db #0x65	; 101	'e'
    00001646 96                    5787 	.db #0x96	; 150
    00001647 59                    5788 	.db #0x59	; 89	'Y'
    00001648 65                    5789 	.db #0x65	; 101	'e'
    00001649 96                    5790 	.db #0x96	; 150
    0000164A 59                    5791 	.db #0x59	; 89	'Y'
    0000164B 65                    5792 	.db #0x65	; 101	'e'
    0000164C 96                    5793 	.db #0x96	; 150
    0000164D 59                    5794 	.db #0x59	; 89	'Y'
    0000164E 65                    5795 	.db #0x65	; 101	'e'
    0000164F 96                    5796 	.db #0x96	; 150
    00001650 59                    5797 	.db #0x59	; 89	'Y'
    00001651 65                    5798 	.db #0x65	; 101	'e'
    00001652 96                    5799 	.db #0x96	; 150
    00001653 59                    5800 	.db #0x59	; 89	'Y'
    00001654 65                    5801 	.db #0x65	; 101	'e'
    00001655 96                    5802 	.db #0x96	; 150
    00001656 59                    5803 	.db #0x59	; 89	'Y'
    00001657 65                    5804 	.db #0x65	; 101	'e'
    00001658 96                    5805 	.db #0x96	; 150
    00001659 59                    5806 	.db #0x59	; 89	'Y'
    0000165A 65                    5807 	.db #0x65	; 101	'e'
    0000165B 96                    5808 	.db #0x96	; 150
    0000165C 59                    5809 	.db #0x59	; 89	'Y'
    0000165D 00                    5810 	.db #0x00	; 0
    0000165E 00                    5811 	.db #0x00	; 0
    0000165F 00                    5812 	.db #0x00	; 0
    00001660 00                    5813 	.db #0x00	; 0
    00001661 00                    5814 	.db #0x00	; 0
    00001662 00                    5815 	.db #0x00	; 0
    00001663 00                    5816 	.db #0x00	; 0
    00001664 0A                    5817 	.db #0x0a	; 10
    00001665 A2                    5818 	.db #0xa2	; 162
    00001666 A8                    5819 	.db #0xa8	; 168
    00001667 AA                    5820 	.db #0xaa	; 170
    00001668 2A                    5821 	.db #0x2a	; 42
    00001669 AA                    5822 	.db #0xaa	; 170
    0000166A 8D                    5823 	.db #0x8d	; 141
    0000166B F7                    5824 	.db #0xf7	; 247
    0000166C DF                    5825 	.db #0xdf	; 223
    0000166D 7D                    5826 	.db #0x7d	; 125
    0000166E F7                    5827 	.db #0xf7	; 247
    0000166F DC                    5828 	.db #0xdc	; 220
    00001670 AA                    5829 	.db #0xaa	; 170
    00001671 A8                    5830 	.db #0xa8	; 168
    00001672 A2                    5831 	.db #0xa2	; 162
    00001673 8A                    5832 	.db #0x8a	; 138
    00001674 14                    5833 	.db #0x14	; 20
    00001675 14                    5834 	.db #0x14	; 20
    00001676 EF                    5835 	.db #0xef	; 239
    00001677 B5                    5836 	.db #0xb5	; 181
    00001678 09                    5837 	.db #0x09	; 9
    00001679 DD                    5838 	.db #0xdd	; 221
    0000167A 76                    5839 	.db #0x76	; 118	'v'
    0000167B 86                    5840 	.db #0x86	; 134
    0000167C FB                    5841 	.db #0xfb	; 251
    0000167D F7                    5842 	.db #0xf7	; 247
    0000167E DF                    5843 	.db #0xdf	; 223
    0000167F 7B                    5844 	.db #0x7b	; 123
    00001680 8A                    5845 	.db #0x8a	; 138
    00001681 11                    5846 	.db #0x11	; 17
    00001682 45                    5847 	.db #0x45	; 69	'E'
    00001683 14                    5848 	.db #0x14	; 20
    00001684 29                    5849 	.db #0x29	; 41
    00001685 DF                    5850 	.db #0xdf	; 223
    00001686 6A                    5851 	.db #0x6a	; 106	'j'
    00001687 EC                    5852 	.db #0xec	; 236
    00001688 EE                    5853 	.db #0xee	; 238
    00001689 83                    5854 	.db #0x83	; 131
    0000168A B5                    5855 	.db #0xb5	; 181
    0000168B 3B                    5856 	.db #0x3b	; 59
    0000168C 0D                    5857 	.db #0x0d	; 13
    0000168D F7                    5858 	.db #0xf7	; 247
    0000168E EF                    5859 	.db #0xef	; 239
    0000168F 7E                    5860 	.db #0x7e	; 126
    00001690 F7                    5861 	.db #0xf7	; 247
    00001691 14                    5862 	.db #0x14	; 20
    00001692 22                    5863 	.db #0x22	; 34
    00001693 8A                    5864 	.db #0x8a	; 138
    00001694 28                    5865 	.db #0x28	; 40
    00001695 53                    5866 	.db #0x53	; 83	'S'
    00001696 BE                    5867 	.db #0xbe	; 190
    00001697 D5                    5868 	.db #0xd5	; 213
    00001698 55                    5869 	.db #0x55	; 85	'U'
    00001699 40                    5870 	.db #0x40	; 64
    0000169A 50                    5871 	.db #0x50	; 80	'P'
    0000169B 1B                    5872 	.db #0x1b	; 27
    0000169C EF                    5873 	.db #0xef	; 239
    0000169D BE                    5874 	.db #0xbe	; 190
    0000169E FD                    5875 	.db #0xfd	; 253
    0000169F EE                    5876 	.db #0xee	; 238
    000016A0 2A                    5877 	.db #0x2a	; 42
    000016A1 A8                    5878 	.db #0xa8	; 168
    000016A2 A2                    5879 	.db #0xa2	; 162
    000016A3 8A                    5880 	.db #0x8a	; 138
    000016A4 14                    5881 	.db #0x14	; 20
    000016A5 EF                    5882 	.db #0xef	; 239
    000016A6 B5                    5883 	.db #0xb5	; 181
    000016A7 78                    5884 	.db #0x78	; 120	'x'
    000016A8 79                    5885 	.db #0x79	; 121	'y'
    000016A9 40                    5886 	.db #0x40	; 64
    000016AA 50                    5887 	.db #0x50	; 80	'P'
    000016AB 1B                    5888 	.db #0x1b	; 27
    000016AC EF                    5889 	.db #0xef	; 239
    000016AD DE                    5890 	.db #0xde	; 222
    000016AE FD                    5891 	.db #0xfd	; 253
    000016AF EE                    5892 	.db #0xee	; 238
    000016B0 28                    5893 	.db #0x28	; 40
    000016B1 0A                    5894 	.db #0x0a	; 10
    000016B2 28                    5895 	.db #0x28	; 40
    000016B3 A1                    5896 	.db #0xa1	; 161
    000016B4 41                    5897 	.db #0x41	; 65	'A'
    000016B5 41                    5898 	.db #0x41	; 65	'A'
    000016B6 40                    5899 	.db #0x40	; 64
    000016B7 50                    5900 	.db #0x50	; 80	'P'
    000016B8 1B                    5901 	.db #0x1b	; 27
    000016B9 EF                    5902 	.db #0xef	; 239
    000016BA DF                    5903 	.db #0xdf	; 223
    000016BB 7D                    5904 	.db #0x7d	; 125
    000016BC EE                    5905 	.db #0xee	; 238
    000016BD 28                    5906 	.db #0x28	; 40
    000016BE 00                    5907 	.db #0x00	; 0
    000016BF 1A                    5908 	.db #0x1a	; 26
    000016C0 05                    5909 	.db #0x05	; 5
    000016C1 51                    5910 	.db #0x51	; 81	'Q'
    000016C2 54                    5911 	.db #0x54	; 84	'T'
    000016C3 55                    5912 	.db #0x55	; 85	'U'
    000016C4 05                    5913 	.db #0x05	; 5
    000016C5 50                    5914 	.db #0x50	; 80	'P'
    000016C6 6F                    5915 	.db #0x6f	; 111	'o'
    000016C7 BE                    5916 	.db #0xbe	; 190
    000016C8 FB                    5917 	.db #0xfb	; 251
    000016C9 EF                    5918 	.db #0xef	; 239
    000016CA BE                    5919 	.db #0xbe	; 190
    000016CB E5                    5920 	.db #0xe5	; 229
    000016CC 50                    5921 	.db #0x50	; 80	'P'
    000016CD 28                    5922 	.db #0x28	; 40
    000016CE A2                    5923 	.db #0xa2	; 162
    000016CF 80                    5924 	.db #0x80	; 128
    000016D0 00                    5925 	.db #0x00	; 0
    000016D1 00                    5926 	.db #0x00	; 0
    000016D2 00                    5927 	.db #0x00	; 0
    000016D3 00                    5928 	.db #0x00	; 0
    000016D4 00                    5929 	.db #0x00	; 0
    000016D5 00                    5930 	.db #0x00	; 0
    000016D6 00                    5931 	.db #0x00	; 0
    000016D7                       5932 _dandy_level_14:
    000016D7 A1                    5933 	.db #0xa1	; 161
    000016D8 DD                    5934 	.db #0xdd	; 221
    000016D9 55                    5935 	.db #0x55	; 85	'U'
    000016DA 05                    5936 	.db #0x05	; 5
    000016DB 55                    5937 	.db #0x55	; 85	'U'
    000016DC 05                    5938 	.db #0x05	; 5
    000016DD 55                    5939 	.db #0x55	; 85	'U'
    000016DE 05                    5940 	.db #0x05	; 5
    000016DF 55                    5941 	.db #0x55	; 85	'U'
    000016E0 05                    5942 	.db #0x05	; 5
    000016E1 55                    5943 	.db #0x55	; 85	'U'
    000016E2 78                    5944 	.db #0x78	; 120	'x'
    000016E3 79                    5945 	.db #0x79	; 121	'y'
    000016E4 56                    5946 	.db #0x56	; 86	'V'
    000016E5 40                    5947 	.db #0x40	; 64
    000016E6 AA                    5948 	.db #0xaa	; 170
    000016E7 02                    5949 	.db #0x02	; 2
    000016E8 A8                    5950 	.db #0xa8	; 168
    000016E9 0A                    5951 	.db #0x0a	; 10
    000016EA A0                    5952 	.db #0xa0	; 160
    000016EB 2A                    5953 	.db #0x2a	; 42
    000016EC 80                    5954 	.db #0x80	; 128
    000016ED AA                    5955 	.db #0xaa	; 170
    000016EE 02                    5956 	.db #0x02	; 2
    000016EF D3                    5957 	.db #0xd3	; 211
    000016F0 26                    5958 	.db #0x26	; 38
    000016F1 FB                    5959 	.db #0xfb	; 251
    000016F2 80                    5960 	.db #0x80	; 128
    000016F3 6F                    5961 	.db #0x6f	; 111	'o'
    000016F4 B8                    5962 	.db #0xb8	; 184
    000016F5 06                    5963 	.db #0x06	; 6
    000016F6 FB                    5964 	.db #0xfb	; 251
    000016F7 8A                    5965 	.db #0x8a	; 138
    000016F8 1B                    5966 	.db #0x1b	; 27
    000016F9 EE                    5967 	.db #0xee	; 238
    000016FA 28                    5968 	.db #0x28	; 40
    000016FB 6F                    5969 	.db #0x6f	; 111	'o'
    000016FC B8                    5970 	.db #0xb8	; 184
    000016FD 06                    5971 	.db #0x06	; 6
    000016FE FB                    5972 	.db #0xfb	; 251
    000016FF 9C                    5973 	.db #0x9c	; 156
    00001700 59                    5974 	.db #0x59	; 89	'Y'
    00001701 02                    5975 	.db #0x02	; 2
    00001702 A8                    5976 	.db #0xa8	; 168
    00001703 0A                    5977 	.db #0x0a	; 10
    00001704 A0                    5978 	.db #0xa0	; 160
    00001705 2A                    5979 	.db #0x2a	; 42
    00001706 80                    5980 	.db #0x80	; 128
    00001707 AA                    5981 	.db #0xaa	; 170
    00001708 02                    5982 	.db #0x02	; 2
    00001709 A8                    5983 	.db #0xa8	; 168
    0000170A 0A                    5984 	.db #0x0a	; 10
    0000170B 87                    5985 	.db #0x87	; 135
    0000170C 75                    5986 	.db #0x75	; 117	'u'
    0000170D 54                    5987 	.db #0x54	; 84	'T'
    0000170E 15                    5988 	.db #0x15	; 21
    0000170F 54                    5989 	.db #0x54	; 84	'T'
    00001710 15                    5990 	.db #0x15	; 21
    00001711 54                    5991 	.db #0x54	; 84	'T'
    00001712 15                    5992 	.db #0x15	; 21
    00001713 54                    5993 	.db #0x54	; 84	'T'
    00001714 15                    5994 	.db #0x15	; 21
    00001715 55                    5995 	.db #0x55	; 85	'U'
    00001716 E1                    5996 	.db #0xe1	; 225
    00001717 E5                    5997 	.db #0xe5	; 229
    00001718 55                    5998 	.db #0x55	; 85	'U'
    00001719 55                    5999 	.db #0x55	; 85	'U'
    0000171A 55                    6000 	.db #0x55	; 85	'U'
    0000171B 45                    6001 	.db #0x45	; 69	'E'
    0000171C 55                    6002 	.db #0x55	; 85	'U'
    0000171D 51                    6003 	.db #0x51	; 81	'Q'
    0000171E 55                    6004 	.db #0x55	; 85	'U'
    0000171F 54                    6005 	.db #0x54	; 84	'T'
    00001720 55                    6006 	.db #0x55	; 85	'U'
    00001721 55                    6007 	.db #0x55	; 85	'U'
    00001722 15                    6008 	.db #0x15	; 21
    00001723 55                    6009 	.db #0x55	; 85	'U'
    00001724 45                    6010 	.db #0x45	; 69	'E'
    00001725 55                    6011 	.db #0x55	; 85	'U'
    00001726 55                    6012 	.db #0x55	; 85	'U'
    00001727 55                    6013 	.db #0x55	; 85	'U'
    00001728 51                    6014 	.db #0x51	; 81	'Q'
    00001729 55                    6015 	.db #0x55	; 85	'U'
    0000172A 54                    6016 	.db #0x54	; 84	'T'
    0000172B 55                    6017 	.db #0x55	; 85	'U'
    0000172C 55                    6018 	.db #0x55	; 85	'U'
    0000172D 15                    6019 	.db #0x15	; 21
    0000172E 55                    6020 	.db #0x55	; 85	'U'
    0000172F 45                    6021 	.db #0x45	; 69	'E'
    00001730 55                    6022 	.db #0x55	; 85	'U'
    00001731 51                    6023 	.db #0x51	; 81	'Q'
    00001732 55                    6024 	.db #0x55	; 85	'U'
    00001733 05                    6025 	.db #0x05	; 5
    00001734 55                    6026 	.db #0x55	; 85	'U'
    00001735 05                    6027 	.db #0x05	; 5
    00001736 55                    6028 	.db #0x55	; 85	'U'
    00001737 05                    6029 	.db #0x05	; 5
    00001738 55                    6030 	.db #0x55	; 85	'U'
    00001739 05                    6031 	.db #0x05	; 5
    0000173A 55                    6032 	.db #0x55	; 85	'U'
    0000173B 05                    6033 	.db #0x05	; 5
    0000173C 55                    6034 	.db #0x55	; 85	'U'
    0000173D 05                    6035 	.db #0x05	; 5
    0000173E 40                    6036 	.db #0x40	; 64
    0000173F 55                    6037 	.db #0x55	; 85	'U'
    00001740 01                    6038 	.db #0x01	; 1
    00001741 54                    6039 	.db #0x54	; 84	'T'
    00001742 05                    6040 	.db #0x05	; 5
    00001743 50                    6041 	.db #0x50	; 80	'P'
    00001744 15                    6042 	.db #0x15	; 21
    00001745 40                    6043 	.db #0x40	; 64
    00001746 55                    6044 	.db #0x55	; 85	'U'
    00001747 01                    6045 	.db #0x01	; 1
    00001748 0D                    6046 	.db #0x0d	; 13
    00001749 F7                    6047 	.db #0xf7	; 247
    0000174A 14                    6048 	.db #0x14	; 20
    0000174B 37                    6049 	.db #0x37	; 55	'7'
    0000174C DC                    6050 	.db #0xdc	; 220
    0000174D 50                    6051 	.db #0x50	; 80	'P'
    0000174E DF                    6052 	.db #0xdf	; 223
    0000174F 70                    6053 	.db #0x70	; 112	'p'
    00001750 0D                    6054 	.db #0x0d	; 13
    00001751 F7                    6055 	.db #0xf7	; 247
    00001752 00                    6056 	.db #0x00	; 0
    00001753 DF                    6057 	.db #0xdf	; 223
    00001754 71                    6058 	.db #0x71	; 113	'q'
    00001755 43                    6059 	.db #0x43	; 67	'C'
    00001756 7D                    6060 	.db #0x7d	; 125
    00001757 C4                    6061 	.db #0xc4	; 196
    00001758 05                    6062 	.db #0x05	; 5
    00001759 40                    6063 	.db #0x40	; 64
    0000175A 2A                    6064 	.db #0x2a	; 42
    0000175B 80                    6065 	.db #0x80	; 128
    0000175C AA                    6066 	.db #0xaa	; 170
    0000175D 02                    6067 	.db #0x02	; 2
    0000175E A8                    6068 	.db #0xa8	; 168
    0000175F 0A                    6069 	.db #0x0a	; 10
    00001760 A0                    6070 	.db #0xa0	; 160
    00001761 2A                    6071 	.db #0x2a	; 42
    00001762 0A                    6072 	.db #0x0a	; 10
    00001763 80                    6073 	.db #0x80	; 128
    00001764 51                    6074 	.db #0x51	; 81	'Q'
    00001765 41                    6075 	.db #0x41	; 65	'A'
    00001766 5C                    6076 	.db #0x5c	; 92
    00001767 D4                    6077 	.db #0xd4	; 212
    00001768 15                    6078 	.db #0x15	; 21
    00001769 54                    6079 	.db #0x54	; 84	'T'
    0000176A 15                    6080 	.db #0x15	; 21
    0000176B 54                    6081 	.db #0x54	; 84	'T'
    0000176C 15                    6082 	.db #0x15	; 21
    0000176D 51                    6083 	.db #0x51	; 81	'Q'
    0000176E 50                    6084 	.db #0x50	; 80	'P'
    0000176F A2                    6085 	.db #0xa2	; 162
    00001770 9E                    6086 	.db #0x9e	; 158
    00001771 FA                    6087 	.db #0xfa	; 250
    00001772 A2                    6088 	.db #0xa2	; 162
    00001773 B9                    6089 	.db #0xb9	; 185
    00001774 B9                    6090 	.db #0xb9	; 185
    00001775 A8                    6091 	.db #0xa8	; 168
    00001776 AA                    6092 	.db #0xaa	; 170
    00001777 AA                    6093 	.db #0xaa	; 170
    00001778 AA                    6094 	.db #0xaa	; 170
    00001779 AA                    6095 	.db #0xaa	; 170
    0000177A AA                    6096 	.db #0xaa	; 170
    0000177B AA                    6097 	.db #0xaa	; 170
    0000177C A2                    6098 	.db #0xa2	; 162
    0000177D 85                    6099 	.db #0x85	; 133
    0000177E 45                    6100 	.db #0x45	; 69	'E'
    0000177F 3D                    6101 	.db #0x3d	; 61
    00001780 F5                    6102 	.db #0xf5	; 245
    00001781 45                    6103 	.db #0x45	; 69	'E'
    00001782 5C                    6104 	.db #0x5c	; 92
    00001783 DC                    6105 	.db #0xdc	; 220
    00001784 D1                    6106 	.db #0xd1	; 209
    00001785 55                    6107 	.db #0x55	; 85	'U'
    00001786 55                    6108 	.db #0x55	; 85	'U'
    00001787 55                    6109 	.db #0x55	; 85	'U'
    00001788 55                    6110 	.db #0x55	; 85	'U'
    00001789 55                    6111 	.db #0x55	; 85	'U'
    0000178A 55                    6112 	.db #0x55	; 85	'U'
    0000178B 00                    6113 	.db #0x00	; 0
    0000178C A8                    6114 	.db #0xa8	; 168
    0000178D 28                    6115 	.db #0x28	; 40
    0000178E A0                    6116 	.db #0xa0	; 160
    0000178F AB                    6117 	.db #0xab	; 171
    00001790 9A                    6118 	.db #0x9a	; 154
    00001791 0A                    6119 	.db #0x0a	; 10
    00001792 AA                    6120 	.db #0xaa	; 170
    00001793 75                    6121 	.db #0x75	; 117	'u'
    00001794 D2                    6122 	.db #0xd2	; 210
    00001795 AA                    6123 	.db #0xaa	; 170
    00001796 BA                    6124 	.db #0xba	; 186
    00001797 3A                    6125 	.db #0x3a	; 58
    00001798 A8                    6126 	.db #0xa8	; 168
    00001799 05                    6127 	.db #0x05	; 5
    0000179A 40                    6128 	.db #0x40	; 64
    0000179B 44                    6129 	.db #0x44	; 68	'D'
    0000179C 05                    6130 	.db #0x05	; 5
    0000179D CA                    6131 	.db #0xca	; 202
    0000179E 02                    6132 	.db #0x02	; 2
    0000179F A8                    6133 	.db #0xa8	; 168
    000017A0 0A                    6134 	.db #0x0a	; 10
    000017A1 AE                    6135 	.db #0xae	; 174
    000017A2 83                    6136 	.db #0x83	; 131
    000017A3 A8                    6137 	.db #0xa8	; 168
    000017A4 6F                    6138 	.db #0x6f	; 111	'o'
    000017A5 B8                    6139 	.db #0xb8	; 184
    000017A6 A1                    6140 	.db #0xa1	; 161
    000017A7 BE                    6141 	.db #0xbe	; 190
    000017A8 E0                    6142 	.db #0xe0	; 224
    000017A9 1B                    6143 	.db #0x1b	; 27
    000017AA EE                    6144 	.db #0xee	; 238
    000017AB 6E                    6145 	.db #0x6e	; 110	'n'
    000017AC E7                    6146 	.db #0xe7	; 231
    000017AD 73                    6147 	.db #0x73	; 115	's'
    000017AE 7D                    6148 	.db #0x7d	; 125
    000017AF C5                    6149 	.db #0xc5	; 197
    000017B0 3A                    6150 	.db #0x3a	; 58
    000017B1 6F                    6151 	.db #0x6f	; 111	'o'
    000017B2 BB                    6152 	.db #0xbb	; 187
    000017B3 A0                    6153 	.db #0xa0	; 160
    000017B4 E9                    6154 	.db #0xe9	; 233
    000017B5 BE                    6155 	.db #0xbe	; 190
    000017B6 EE                    6156 	.db #0xee	; 238
    000017B7 BA                    6157 	.db #0xba	; 186
    000017B8 80                    6158 	.db #0x80	; 128
    000017B9 AA                    6159 	.db #0xaa	; 170
    000017BA 02                    6160 	.db #0x02	; 2
    000017BB A8                    6161 	.db #0xa8	; 168
    000017BC 0B                    6162 	.db #0x0b	; 11
    000017BD 94                    6163 	.db #0x94	; 148
    000017BE 05                    6164 	.db #0x05	; 5
    000017BF 50                    6165 	.db #0x50	; 80	'P'
    000017C0 15                    6166 	.db #0x15	; 21
    000017C1 40                    6167 	.db #0x40	; 64
    000017C2 54                    6168 	.db #0x54	; 84	'T'
    000017C3 15                    6169 	.db #0x15	; 21
    000017C4 D7                    6170 	.db #0xd7	; 215
    000017C5 54                    6171 	.db #0x54	; 84	'T'
    000017C6 15                    6172 	.db #0x15	; 21
    000017C7 54                    6173 	.db #0x54	; 84	'T'
    000017C8 15                    6174 	.db #0x15	; 21
    000017C9 73                    6175 	.db #0x73	; 115	's'
    000017CA 41                    6176 	.db #0x41	; 65	'A'
    000017CB 5C                    6177 	.db #0x5c	; 92
    000017CC F3                    6178 	.db #0xf3	; 243
    000017CD 41                    6179 	.db #0x41	; 65	'A'
    000017CE 45                    6180 	.db #0x45	; 69	'E'
    000017CF 05                    6181 	.db #0x05	; 5
    000017D0 54                    6182 	.db #0x54	; 84	'T'
    000017D1 57                    6183 	.db #0x57	; 87	'W'
    000017D2 5D                    6184 	.db #0x5d	; 93
    000017D3 5D                    6185 	.db #0x5d	; 93
    000017D4 51                    6186 	.db #0x51	; 81	'Q'
    000017D5 55                    6187 	.db #0x55	; 85	'U'
    000017D6 54                    6188 	.db #0x54	; 84	'T'
    000017D7 55                    6189 	.db #0x55	; 85	'U'
    000017D8 CD                    6190 	.db #0xcd	; 205
    000017D9 CD                    6191 	.db #0xcd	; 205
    000017DA 15                    6192 	.db #0x15	; 21
    000017DB CF                    6193 	.db #0xcf	; 207
    000017DC 3C                    6194 	.db #0x3c	; 60
    000017DD F3                    6195 	.db #0xf3	; 243
    000017DE 45                    6196 	.db #0x45	; 69	'E'
    000017DF 39                    6197 	.db #0x39	; 57	'9'
    000017E0 E5                    6198 	.db #0xe5	; 229
    000017E1 45                    6199 	.db #0x45	; 69	'E'
    000017E2 55                    6200 	.db #0x55	; 85	'U'
    000017E3 1D                    6201 	.db #0x1d	; 29
    000017E4 75                    6202 	.db #0x75	; 117	'u'
    000017E5 D5                    6203 	.db #0xd5	; 213
    000017E6 D7                    6204 	.db #0xd7	; 215
    000017E7 54                    6205 	.db #0x54	; 84	'T'
    000017E8 55                    6206 	.db #0x55	; 85	'U'
    000017E9 55                    6207 	.db #0x55	; 85	'U'
    000017EA 15                    6208 	.db #0x15	; 21
    000017EB CD                    6209 	.db #0xcd	; 205
    000017EC CD                    6210 	.db #0xcd	; 205
    000017ED 45                    6211 	.db #0x45	; 69	'E'
    000017EE 73                    6212 	.db #0x73	; 115	's'
    000017EF CF                    6213 	.db #0xcf	; 207
    000017F0 3C                    6214 	.db #0x3c	; 60
    000017F1 D1                    6215 	.db #0xd1	; 209
    000017F2 4E                    6216 	.db #0x4e	; 78	'N'
    000017F3 79                    6217 	.db #0x79	; 121	'y'
    000017F4 51                    6218 	.db #0x51	; 81	'Q'
    000017F5 55                    6219 	.db #0x55	; 85	'U'
    000017F6 05                    6220 	.db #0x05	; 5
    000017F7 75                    6221 	.db #0x75	; 117	'u'
    000017F8 D5                    6222 	.db #0xd5	; 213
    000017F9 05                    6223 	.db #0x05	; 5
    000017FA 55                    6224 	.db #0x55	; 85	'U'
    000017FB 05                    6225 	.db #0x05	; 5
    000017FC 73                    6226 	.db #0x73	; 115	's'
    000017FD 50                    6227 	.db #0x50	; 80	'P'
    000017FE 57                    6228 	.db #0x57	; 87	'W'
    000017FF 3C                    6229 	.db #0x3c	; 60
    00001800 D0                    6230 	.db #0xd0	; 208
    00001801 51                    6231 	.db #0x51	; 81	'Q'
    00001802 41                    6232 	.db #0x41	; 65	'A'
    00001803 50                    6233 	.db #0x50	; 80	'P'
    00001804 15                    6234 	.db #0x15	; 21
    00001805 40                    6235 	.db #0x40	; 64
    00001806 55                    6236 	.db #0x55	; 85	'U'
    00001807 01                    6237 	.db #0x01	; 1
    00001808 54                    6238 	.db #0x54	; 84	'T'
    00001809 05                    6239 	.db #0x05	; 5
    0000180A CF                    6240 	.db #0xcf	; 207
    0000180B 39                    6241 	.db #0x39	; 57	'9'
    0000180C 01                    6242 	.db #0x01	; 1
    0000180D 54                    6243 	.db #0x54	; 84	'T'
    0000180E 04                    6244 	.db #0x04	; 4
    0000180F 37                    6245 	.db #0x37	; 55	'7'
    00001810 DC                    6246 	.db #0xdc	; 220
    00001811 03                    6247 	.db #0x03	; 3
    00001812 7D                    6248 	.db #0x7d	; 125
    00001813 C0                    6249 	.db #0xc0	; 192
    00001814 37                    6250 	.db #0x37	; 55	'7'
    00001815 DC                    6251 	.db #0xdc	; 220
    00001816 50                    6252 	.db #0x50	; 80	'P'
    00001817 DF                    6253 	.db #0xdf	; 223
    00001818 73                    6254 	.db #0x73	; 115	's'
    00001819 2C                    6255 	.db #0x2c	; 44
    0000181A B2                    6256 	.db #0xb2	; 178
    0000181B C8                    6257 	.db #0xc8	; 200
    0000181C DF                    6258 	.db #0xdf	; 223
    0000181D 70                    6259 	.db #0x70	; 112	'p'
    0000181E 0D                    6260 	.db #0x0d	; 13
    0000181F F7                    6261 	.db #0xf7	; 247
    00001820 66                    6262 	.db #0x66	; 102	'f'
    00001821 80                    6263 	.db #0x80	; 128
    00001822 AA                    6264 	.db #0xaa	; 170
    00001823 02                    6265 	.db #0x02	; 2
    00001824 20                    6266 	.db #0x20	; 32
    00001825 2A                    6267 	.db #0x2a	; 42
    00001826 80                    6268 	.db #0x80	; 128
    00001827 B9                    6269 	.db #0xb9	; 185
    00001828 E7                    6270 	.db #0xe7	; 231
    00001829 20                    6271 	.db #0x20	; 32
    0000182A 22                    6272 	.db #0x22	; 34
    0000182B 02                    6273 	.db #0x02	; 2
    0000182C A0                    6274 	.db #0xa0	; 160
    0000182D AA                    6275 	.db #0xaa	; 170
    0000182E A0                    6276 	.db #0xa0	; 160
    0000182F A2                    6277 	.db #0xa2	; 162
    00001830 82                    6278 	.db #0x82	; 130
    00001831 AA                    6279 	.db #0xaa	; 170
    00001832 82                    6280 	.db #0x82	; 130
    00001833 B9                    6281 	.db #0xb9	; 185
    00001834 E6                    6282 	.db #0xe6	; 230
    00001835 82                    6283 	.db #0x82	; 130
    00001836 8A                    6284 	.db #0x8a	; 138
    00001837 0A                    6285 	.db #0x0a	; 10
    00001838 A8                    6286 	.db #0xa8	; 168
    00001839 AA                    6287 	.db #0xaa	; 170
    0000183A AA                    6288 	.db #0xaa	; 170
    0000183B 2A                    6289 	.db #0x2a	; 42
    0000183C 2A                    6290 	.db #0x2a	; 42
    0000183D 2A                    6291 	.db #0x2a	; 42
    0000183E AA                    6292 	.db #0xaa	; 170
    0000183F 8A                    6293 	.db #0x8a	; 138
    00001840 E7                    6294 	.db #0xe7	; 231
    00001841 9E                    6295 	.db #0x9e	; 158
    00001842 79                    6296 	.db #0x79	; 121	'y'
    00001843 A2                    6297 	.db #0xa2	; 162
    00001844 82                    6298 	.db #0x82	; 130
    00001845 8A                    6299 	.db #0x8a	; 138
    00001846 AA                    6300 	.db #0xaa	; 170
    00001847 AA                    6301 	.db #0xaa	; 170
    00001848 AA                    6302 	.db #0xaa	; 170
    00001849 AA                    6303 	.db #0xaa	; 170
    0000184A B6                    6304 	.db #0xb6	; 182
    0000184B 77                    6305 	.db #0x77	; 119	'w'
    0000184C DB                    6306 	.db #0xdb	; 219
    0000184D 6A                    6307 	.db #0x6a	; 106	'j'
    0000184E AA                    6308 	.db #0xaa	; 170
    0000184F AA                    6309 	.db #0xaa	; 170
    00001850 AA                    6310 	.db #0xaa	; 170
    00001851 B9                    6311 	.db #0xb9	; 185
    00001852 E7                    6312 	.db #0xe7	; 231
    00001853 9E                    6313 	.db #0x9e	; 158
    00001854 6A                    6314 	.db #0x6a	; 106	'j'
    00001855 AB                    6315 	.db #0xab	; 171
    00001856 9D                    6316 	.db #0x9d	; 157
    00001857 75                    6317 	.db #0x75	; 117	'u'
    00001858 E6                    6318 	.db #0xe6	; 230
    00001859 B6                    6319 	.db #0xb6	; 182
    0000185A DA                    6320 	.db #0xda	; 218
    0000185B A0                    6321 	.db #0xa0	; 160
    0000185C                       6322 _dandy_level_15:
    0000185C DF                    6323 	.db #0xdf	; 223
    0000185D 7D                    6324 	.db #0x7d	; 125
    0000185E F7                    6325 	.db #0xf7	; 247
    0000185F DF                    6326 	.db #0xdf	; 223
    00001860 7D                    6327 	.db #0x7d	; 125
    00001861 F7                    6328 	.db #0xf7	; 247
    00001862 DF                    6329 	.db #0xdf	; 223
    00001863 7D                    6330 	.db #0x7d	; 125
    00001864 F7                    6331 	.db #0xf7	; 247
    00001865 DC                    6332 	.db #0xdc	; 220
    00001866 00                    6333 	.db #0x00	; 0
    00001867 00                    6334 	.db #0x00	; 0
    00001868 00                    6335 	.db #0x00	; 0
    00001869 00                    6336 	.db #0x00	; 0
    0000186A 00                    6337 	.db #0x00	; 0
    0000186B 1B                    6338 	.db #0x1b	; 27
    0000186C EF                    6339 	.db #0xef	; 239
    0000186D 5B                    6340 	.db #0x5b	; 91
    0000186E EF                    6341 	.db #0xef	; 239
    0000186F BE                    6342 	.db #0xbe	; 190
    00001870 FB                    6343 	.db #0xfb	; 251
    00001871 EF                    6344 	.db #0xef	; 239
    00001872 BD                    6345 	.db #0xbd	; 189
    00001873 B8                    6346 	.db #0xb8	; 184
    00001874 1B                    6347 	.db #0x1b	; 27
    00001875 80                    6348 	.db #0x80	; 128
    00001876 40                    6349 	.db #0x40	; 64
    00001877 00                    6350 	.db #0x00	; 0
    00001878 00                    6351 	.db #0x00	; 0
    00001879 10                    6352 	.db #0x10	; 16
    0000187A 6F                    6353 	.db #0x6f	; 111	'o'
    0000187B 10                    6354 	.db #0x10	; 16
    0000187C 16                    6355 	.db #0x16	; 22
    0000187D E0                    6356 	.db #0xe0	; 224
    0000187E DD                    6357 	.db #0xdd	; 221
    0000187F B8                    6358 	.db #0xb8	; 184
    00001880 17                    6359 	.db #0x17	; 23
    00001881 30                    6360 	.db #0x30	; 48	'0'
    00001882 00                    6361 	.db #0x00	; 0
    00001883 00                    6362 	.db #0x00	; 0
    00001884 14                    6363 	.db #0x14	; 20
    00001885 F4                    6364 	.db #0xf4	; 244
    00001886 DF                    6365 	.db #0xdf	; 223
    00001887 72                    6366 	.db #0x72	; 114	'r'
    00001888 33                    6367 	.db #0x33	; 51	'3'
    00001889 2D                    6368 	.db #0x2d	; 45
    0000188A F7                    6369 	.db #0xf7	; 247
    0000188B 03                    6370 	.db #0x03	; 3
    0000188C 70                    6371 	.db #0x70	; 112	'p'
    0000188D 17                    6372 	.db #0x17	; 23
    0000188E 30                    6373 	.db #0x30	; 48	'0'
    0000188F 00                    6374 	.db #0x00	; 0
    00001890 20                    6375 	.db #0x20	; 32
    00001891 0A                    6376 	.db #0x0a	; 10
    00001892 0D                    6377 	.db #0x0d	; 13
    00001893 F7                    6378 	.db #0xf7	; 247
    00001894 20                    6379 	.db #0x20	; 32
    00001895 5B                    6380 	.db #0x5b	; 91
    00001896 EE                    6381 	.db #0xee	; 238
    00001897 00                    6382 	.db #0x00	; 0
    00001898 05                    6383 	.db #0x05	; 5
    00001899 00                    6384 	.db #0x00	; 0
    0000189A 01                    6385 	.db #0x01	; 1
    0000189B C0                    6386 	.db #0xc0	; 192
    0000189C 02                    6387 	.db #0x02	; 2
    0000189D 0D                    6388 	.db #0x0d	; 13
    0000189E F7                    6389 	.db #0xf7	; 247
    0000189F 54                    6390 	.db #0x54	; 84	'T'
    000018A0 A5                    6391 	.db #0xa5	; 165
    000018A1 6F                    6392 	.db #0x6f	; 111	'o'
    000018A2 40                    6393 	.db #0x40	; 64
    000018A3 54                    6394 	.db #0x54	; 84	'T'
    000018A4 2A                    6395 	.db #0x2a	; 42
    000018A5 84                    6396 	.db #0x84	; 132
    000018A6 40                    6397 	.db #0x40	; 64
    000018A7 8A                    6398 	.db #0x8a	; 138
    000018A8 04                    6399 	.db #0x04	; 4
    000018A9 1B                    6400 	.db #0x1b	; 27
    000018AA EE                    6401 	.db #0xee	; 238
    000018AB 94                    6402 	.db #0x94	; 148
    000018AC 4D                    6403 	.db #0x4d	; 77	'M'
    000018AD E2                    6404 	.db #0xe2	; 226
    000018AE 04                    6405 	.db #0x04	; 4
    000018AF 0A                    6406 	.db #0x0a	; 10
    000018B0 25                    6407 	.db #0x25	; 37
    000018B1 D4                    6408 	.db #0xd4	; 212
    000018B2 A0                    6409 	.db #0xa0	; 160
    000018B3 97                    6410 	.db #0x97	; 151
    000018B4 51                    6411 	.db #0x51	; 81	'Q'
    000018B5 4A                    6412 	.db #0x4a	; 74	'J'
    000018B6 8D                    6413 	.db #0x8d	; 141
    000018B7 F7                    6414 	.db #0xf7	; 247
    000018B8 42                    6415 	.db #0x42	; 66	'B'
    000018B9 4D                    6416 	.db #0x4d	; 77	'M'
    000018BA E7                    6417 	.db #0xe7	; 231
    000018BB 34                    6418 	.db #0x34	; 52	'4'
    000018BC 27                    6419 	.db #0x27	; 39
    000018BD 3C                    6420 	.db #0x3c	; 60
    000018BE F2                    6421 	.db #0xf2	; 242
    000018BF A7                    6422 	.db #0xa7	; 167
    000018C0 34                    6423 	.db #0x34	; 52	'4'
    000018C1 BA                    6424 	.db #0xba	; 186
    000018C2 97                    6425 	.db #0x97	; 151
    000018C3 51                    6426 	.db #0x51	; 81	'Q'
    000018C4 4B                    6427 	.db #0x4b	; 75	'K'
    000018C5 A9                    6428 	.db #0xa9	; 169
    000018C6 08                    6429 	.db #0x08	; 8
    000018C7 9B                    6430 	.db #0x9b	; 155
    000018C8 EF                    6431 	.db #0xef	; 239
    000018C9 02                    6432 	.db #0x02	; 2
    000018CA 9B                    6433 	.db #0x9b	; 155
    000018CB DC                    6434 	.db #0xdc	; 220
    000018CC A8                    6435 	.db #0xa8	; 168
    000018CD 43                    6436 	.db #0x43	; 67	'C'
    000018CE 95                    6437 	.db #0x95	; 149
    000018CF 11                    6438 	.db #0x11	; 17
    000018D0 44                    6439 	.db #0x44	; 68	'D'
    000018D1 8A                    6440 	.db #0x8a	; 138
    000018D2 AE                    6441 	.db #0xae	; 174
    000018D3 A4                    6442 	.db #0xa4	; 164
    000018D4 75                    6443 	.db #0x75	; 117	'u'
    000018D5 75                    6444 	.db #0x75	; 117	'u'
    000018D6 1B                    6445 	.db #0x1b	; 27
    000018D7 EF                    6446 	.db #0xef	; 239
    000018D8 6F                    6447 	.db #0x6f	; 111	'o'
    000018D9 BE                    6448 	.db #0xbe	; 190
    000018DA FB                    6449 	.db #0xfb	; 251
    000018DB EF                    6450 	.db #0xef	; 239
    000018DC BD                    6451 	.db #0xbd	; 189
    000018DD BE                    6452 	.db #0xbe	; 190
    000018DE F1                    6453 	.db #0xf1	; 241
    000018DF 22                    6454 	.db #0x22	; 34
    000018E0 84                    6455 	.db #0x84	; 132
    000018E1 84                    6456 	.db #0x84	; 132
    000018E2 89                    6457 	.db #0x89	; 137
    000018E3 D4                    6458 	.db #0xd4	; 212
    000018E4 52                    6459 	.db #0x52	; 82	'R'
    000018E5 EA                    6460 	.db #0xea	; 234
    000018E6 A1                    6461 	.db #0xa1	; 161
    000018E7 29                    6462 	.db #0x29	; 41
    000018E8 BE                    6463 	.db #0xbe	; 190
    000018E9 F6                    6464 	.db #0xf6	; 246
    000018EA FB                    6465 	.db #0xfb	; 251
    000018EB EF                    6466 	.db #0xef	; 239
    000018EC BE                    6467 	.db #0xbe	; 190
    000018ED FB                    6468 	.db #0xfb	; 251
    000018EE DB                    6469 	.db #0xdb	; 219
    000018EF EF                    6470 	.db #0xef	; 239
    000018F0 BD                    6471 	.db #0xbd	; 189
    000018F1 0A                    6472 	.db #0x0a	; 10
    000018F2 55                    6473 	.db #0x55	; 85	'U'
    000018F3 10                    6474 	.db #0x10	; 16
    000018F4 55                    6475 	.db #0x55	; 85	'U'
    000018F5 05                    6476 	.db #0x05	; 5
    000018F6 75                    6477 	.db #0x75	; 117	'u'
    000018F7 12                    6478 	.db #0x12	; 18
    000018F8 54                    6479 	.db #0x54	; 84	'T'
    000018F9 00                    6480 	.db #0x00	; 0
    000018FA 00                    6481 	.db #0x00	; 0
    000018FB 00                    6482 	.db #0x00	; 0
    000018FC 00                    6483 	.db #0x00	; 0
    000018FD 00                    6484 	.db #0x00	; 0
    000018FE 02                    6485 	.db #0x02	; 2
    000018FF 80                    6486 	.db #0x80	; 128
    00001900 00                    6487 	.db #0x00	; 0
    00001901 00                    6488 	.db #0x00	; 0
    00001902 00                    6489 	.db #0x00	; 0
    00001903 03                    6490 	.db #0x03	; 3
    00001904 60                    6491 	.db #0x60	; 96
    00001905 36                    6492 	.db #0x36	; 54	'6'
    00001906 03                    6493 	.db #0x03	; 3
    00001907 60                    6494 	.db #0x60	; 96
    00001908 50                    6495 	.db #0x50	; 80	'P'
    00001909 00                    6496 	.db #0x00	; 0
    0000190A 1B                    6497 	.db #0x1b	; 27
    0000190B EF                    6498 	.db #0xef	; 239
    0000190C 6F                    6499 	.db #0x6f	; 111	'o'
    0000190D BD                    6500 	.db #0xbd	; 189
    0000190E 5B                    6501 	.db #0x5b	; 91
    0000190F EF                    6502 	.db #0xef	; 239
    00001910 B8                    6503 	.db #0xb8	; 184
    00001911 00                    6504 	.db #0x00	; 0
    00001912 1B                    6505 	.db #0x1b	; 27
    00001913 81                    6506 	.db #0x81	; 129
    00001914 BB                    6507 	.db #0xbb	; 187
    00001915 70                    6508 	.db #0x70	; 112	'p'
    00001916 2A                    6509 	.db #0x2a	; 42
    00001917 01                    6510 	.db #0x01	; 1
    00001918 01                    6511 	.db #0x01	; 1
    00001919 BE                    6512 	.db #0xbe	; 190
    0000191A F5                    6513 	.db #0xf5	; 245
    0000191B 6F                    6514 	.db #0x6f	; 111	'o'
    0000191C BE                    6515 	.db #0xbe	; 190
    0000191D F6                    6516 	.db #0xf6	; 246
    0000191E FB                    6517 	.db #0xfb	; 251
    0000191F 80                    6518 	.db #0x80	; 128
    00001920 81                    6519 	.db #0x81	; 129
    00001921 BB                    6520 	.db #0xbb	; 187
    00001922 70                    6521 	.db #0x70	; 112	'p'
    00001923 37                    6522 	.db #0x37	; 55	'7'
    00001924 01                    6523 	.db #0x01	; 1
    00001925 77                    6524 	.db #0x77	; 119	'w'
    00001926 1B                    6525 	.db #0x1b	; 27
    00001927 EF                    6526 	.db #0xef	; 239
    00001928 B9                    6527 	.db #0xb9	; 185
    00001929 40                    6528 	.db #0x40	; 64
    0000192A DE                    6529 	.db #0xde	; 222
    0000192B 80                    6530 	.db #0x80	; 128
    0000192C B7                    6531 	.db #0xb7	; 183
    0000192D 02                    6532 	.db #0x02	; 2
    0000192E 40                    6533 	.db #0x40	; 64
    0000192F DC                    6534 	.db #0xdc	; 220
    00001930 0D                    6535 	.db #0x0d	; 13
    00001931 DB                    6536 	.db #0xdb	; 219
    00001932 81                    6537 	.db #0x81	; 129
    00001933 43                    6538 	.db #0x43	; 67	'C'
    00001934 76                    6539 	.db #0x76	; 118	'v'
    00001935 E5                    6540 	.db #0xe5	; 229
    00001936 03                    6541 	.db #0x03	; 3
    00001937 7D                    6542 	.db #0x7d	; 125
    00001938 E3                    6543 	.db #0xe3	; 227
    00001939 91                    6544 	.db #0x91	; 145
    0000193A 6E                    6545 	.db #0x6e	; 110	'n'
    0000193B 04                    6546 	.db #0x04	; 4
    0000193C 80                    6547 	.db #0x80	; 128
    0000193D 00                    6548 	.db #0x00	; 0
    0000193E 01                    6549 	.db #0x01	; 1
    0000193F 06                    6550 	.db #0x06	; 6
    00001940 FB                    6551 	.db #0xfb	; 251
    00001941 EE                    6552 	.db #0xee	; 238
    00001942 50                    6553 	.db #0x50	; 80	'P'
    00001943 37                    6554 	.db #0x37	; 55	'7'
    00001944 DE                    6555 	.db #0xde	; 222
    00001945 1C                    6556 	.db #0x1c	; 28
    00001946 AD                    6557 	.db #0xad	; 173
    00001947 F7                    6558 	.db #0xf7	; 247
    00001948 02                    6559 	.db #0x02	; 2
    00001949 E6                    6560 	.db #0xe6	; 230
    0000194A 00                    6561 	.db #0x00	; 0
    0000194B 00                    6562 	.db #0x00	; 0
    0000194C 10                    6563 	.db #0x10	; 16
    0000194D 00                    6564 	.db #0x00	; 0
    0000194E A0                    6565 	.db #0xa0	; 160
    0000194F 6F                    6566 	.db #0x6f	; 111	'o'
    00001950 BD                    6567 	.db #0xbd	; 189
    00001951 05                    6568 	.db #0x05	; 5
    00001952 BE                    6569 	.db #0xbe	; 190
    00001953 E0                    6570 	.db #0xe0	; 224
    00001954 48                    6571 	.db #0x48	; 72	'H'
    00001955 00                    6572 	.db #0x00	; 0
    00001956 00                    6573 	.db #0x00	; 0
    00001957 70                    6574 	.db #0x70	; 112	'p'
    00001958 00                    6575 	.db #0x00	; 0
    00001959 28                    6576 	.db #0x28	; 40
    0000195A 1B                    6577 	.db #0x1b	; 27
    0000195B EF                    6578 	.db #0xef	; 239
    0000195C 2A                    6579 	.db #0x2a	; 42
    0000195D 9B                    6580 	.db #0x9b	; 155
    0000195E EE                    6581 	.db #0xee	; 238
    0000195F 05                    6582 	.db #0x05	; 5
    00001960 05                    6583 	.db #0x05	; 5
    00001961 05                    6584 	.db #0x05	; 5
    00001962 0A                    6585 	.db #0x0a	; 10
    00001963 10                    6586 	.db #0x10	; 16
    00001964 14                    6587 	.db #0x14	; 20
    00001965 20                    6588 	.db #0x20	; 32
    00001966 37                    6589 	.db #0x37	; 55	'7'
    00001967 DE                    6590 	.db #0xde	; 222
    00001968 03                    6591 	.db #0x03	; 3
    00001969 7A                    6592 	.db #0x7a	; 122	'z'
    0000196A A1                    6593 	.db #0xa1	; 161
    0000196B 42                    6594 	.db #0x42	; 66	'B'
    0000196C 22                    6595 	.db #0x22	; 34
    0000196D 21                    6596 	.db #0x21	; 33
    0000196E 55                    6597 	.db #0x55	; 85	'U'
    0000196F 02                    6598 	.db #0x02	; 2
    00001970 22                    6599 	.db #0x22	; 34
    00001971 50                    6600 	.db #0x50	; 80	'P'
    00001972 DF                    6601 	.db #0xdf	; 223
    00001973 78                    6602 	.db #0x78	; 120	'x'
    00001974 E4                    6603 	.db #0xe4	; 228
    00001975 5B                    6604 	.db #0x5b	; 91
    00001976 B9                    6605 	.db #0xb9	; 185
    00001977 85                    6606 	.db #0x85	; 133
    00001978 09                    6607 	.db #0x09	; 9
    00001979 CC                    6608 	.db #0xcc	; 204
    0000197A 44                    6609 	.db #0x44	; 68	'D'
    0000197B E9                    6610 	.db #0xe9	; 233
    0000197C 08                    6611 	.db #0x08	; 8
    0000197D 20                    6612 	.db #0x20	; 32
    0000197E 28                    6613 	.db #0x28	; 40
    0000197F 8D                    6614 	.db #0x8d	; 141
    00001980 E0                    6615 	.db #0xe0	; 224
    00001981 16                    6616 	.db #0x16	; 22
    00001982 E4                    6617 	.db #0xe4	; 228
    00001983 28                    6618 	.db #0x28	; 40
    00001984 44                    6619 	.db #0x44	; 68	'D'
    00001985 44                    6620 	.db #0x44	; 68	'D'
    00001986 E9                    6621 	.db #0xe9	; 233
    00001987 08                    6622 	.db #0x08	; 8
    00001988 2E                    6623 	.db #0x2e	; 46
    00001989 BA                    6624 	.db #0xba	; 186
    0000198A E8                    6625 	.db #0xe8	; 232
    0000198B 53                    6626 	.db #0x53	; 83	'S'
    0000198C A8                    6627 	.db #0xa8	; 168
    0000198D DE                    6628 	.db #0xde	; 222
    0000198E 39                    6629 	.db #0x39	; 57	'9'
    0000198F 72                    6630 	.db #0x72	; 114	'r'
    00001990 5B                    6631 	.db #0x5b	; 91
    00001991 F3                    6632 	.db #0xf3	; 243
    00001992 22                    6633 	.db #0x22	; 34
    00001993 85                    6634 	.db #0x85	; 133
    00001994 CC                    6635 	.db #0xcc	; 204
    00001995 22                    6636 	.db #0x22	; 34
    00001996 74                    6637 	.db #0x74	; 116	't'
    00001997 84                    6638 	.db #0x84	; 132
    00001998 10                    6639 	.db #0x10	; 16
    00001999 28                    6640 	.db #0x28	; 40
    0000199A 46                    6641 	.db #0x46	; 70	'F'
    0000199B F0                    6642 	.db #0xf0	; 240
    0000199C 0B                    6643 	.db #0x0b	; 11
    0000199D 74                    6644 	.db #0x74	; 116	't'
    0000199E 89                    6645 	.db #0x89	; 137
    0000199F 4A                    6646 	.db #0x4a	; 74	'J'
    000019A0 10                    6647 	.db #0x10	; 16
    000019A1 84                    6648 	.db #0x84	; 132
    000019A2 21                    6649 	.db #0x21	; 33
    000019A3 22                    6650 	.db #0x22	; 34
    000019A4 97                    6651 	.db #0x97	; 151
    000019A5 5D                    6652 	.db #0x5d	; 93
    000019A6 23                    6653 	.db #0x23	; 35
    000019A7 7B                    6654 	.db #0x7b	; 123
    000019A8 7D                    6655 	.db #0x7d	; 125
    000019A9 F7                    6656 	.db #0xf7	; 247
    000019AA DF                    6657 	.db #0xdf	; 223
    000019AB 7D                    6658 	.db #0x7d	; 125
    000019AC F7                    6659 	.db #0xf7	; 247
    000019AD DE                    6660 	.db #0xde	; 222
    000019AE 85                    6661 	.db #0x85	; 133
    000019AF 05                    6662 	.db #0x05	; 5
    000019B0 2A                    6663 	.db #0x2a	; 42
    000019B1 05                    6664 	.db #0x05	; 5
    000019B2 40                    6665 	.db #0x40	; 64
    000019B3 A8                    6666 	.db #0xa8	; 168
    000019B4 50                    6667 	.db #0x50	; 80	'P'
    000019B5 82                    6668 	.db #0x82	; 130
    000019B6 6F                    6669 	.db #0x6f	; 111	'o'
    000019B7 BE                    6670 	.db #0xbe	; 190
    000019B8 FB                    6671 	.db #0xfb	; 251
    000019B9 EF                    6672 	.db #0xef	; 239
    000019BA BE                    6673 	.db #0xbe	; 190
    000019BB FB                    6674 	.db #0xfb	; 251
    000019BC EF                    6675 	.db #0xef	; 239
    000019BD BE                    6676 	.db #0xbe	; 190
    000019BE E0                    6677 	.db #0xe0	; 224
    000019BF 00                    6678 	.db #0x00	; 0
    000019C0 00                    6679 	.db #0x00	; 0
    000019C1 00                    6680 	.db #0x00	; 0
    000019C2 00                    6681 	.db #0x00	; 0
    000019C3 00                    6682 	.db #0x00	; 0
    000019C4 00                    6683 	.db #0x00	; 0
    000019C5 00                    6684 	.db #0x00	; 0
    000019C6 78                    6685 	.db #0x78	; 120	'x'
    000019C7 00                    6686 	.db #0x00	; 0
    000019C8 0F                    6687 	.db #0x0f	; 15
    000019C9 00                    6688 	.db #0x00	; 0
    000019CA 78                    6689 	.db #0x78	; 120	'x'
    000019CB 00                    6690 	.db #0x00	; 0
    000019CC 00                    6691 	.db #0x00	; 0
    000019CD 34                    6692 	.db #0x34	; 52	'4'
    000019CE                       6693 _dandy_level_16:
    000019CE D8                    6694 	.db #0xd8	; 216
    000019CF 5D                    6695 	.db #0x5d	; 93
    000019D0 90                    6696 	.db #0x90	; 144
    000019D1 21                    6697 	.db #0x21	; 33
    000019D2 06                    6698 	.db #0x06	; 6
    000019D3 F0                    6699 	.db #0xf0	; 240
    000019D4 8E                    6700 	.db #0x8e	; 142
    000019D5 48                    6701 	.db #0x48	; 72	'H'
    000019D6 4D                    6702 	.db #0x4d	; 77	'M'
    000019D7 C4                    6703 	.db #0xc4	; 196
    000019D8 23                    6704 	.db #0x23	; 35
    000019D9 72                    6705 	.db #0x72	; 114	'r'
    000019DA 36                    6706 	.db #0x36	; 54	'6'
    000019DB E4                    6707 	.db #0xe4	; 228
    000019DC 0D                    6708 	.db #0x0d	; 13
    000019DD D3                    6709 	.db #0xd3	; 211
    000019DE A0                    6710 	.db #0xa0	; 160
    000019DF 10                    6711 	.db #0x10	; 16
    000019E0 0E                    6712 	.db #0x0e	; 14
    000019E1 90                    6713 	.db #0x90	; 144
    000019E2 02                    6714 	.db #0x02	; 2
    000019E3 00                    6715 	.db #0x00	; 0
    000019E4 40                    6716 	.db #0x40	; 64
    000019E5 02                    6717 	.db #0x02	; 2
    000019E6 A1                    6718 	.db #0xa1	; 161
    000019E7 0A                    6719 	.db #0x0a	; 10
    000019E8 8E                    6720 	.db #0x8e	; 142
    000019E9 A1                    6721 	.db #0xa1	; 161
    000019EA 50                    6722 	.db #0x50	; 80	'P'
    000019EB 85                    6723 	.db #0x85	; 133
    000019EC 4E                    6724 	.db #0x4e	; 78	'N'
    000019ED D0                    6725 	.db #0xd0	; 208
    000019EE A9                    6726 	.db #0xa9	; 169
    000019EF CA                    6727 	.db #0xca	; 202
    000019F0 15                    6728 	.db #0x15	; 21
    000019F1 04                    6729 	.db #0x04	; 4
    000019F2 20                    6730 	.db #0x20	; 32
    000019F3 42                    6731 	.db #0x42	; 66	'B'
    000019F4 04                    6732 	.db #0x04	; 4
    000019F5 79                    6733 	.db #0x79	; 121	'y'
    000019F6 02                    6734 	.db #0x02	; 2
    000019F7 10                    6735 	.db #0x10	; 16
    000019F8 26                    6736 	.db #0x26	; 38
    000019F9 E8                    6737 	.db #0xe8	; 232
    000019FA 10                    6738 	.db #0x10	; 16
    000019FB 81                    6739 	.db #0x81	; 129
    000019FC CA                    6740 	.db #0xca	; 202
    000019FD 20                    6741 	.db #0x20	; 32
    000019FE DD                    6742 	.db #0xdd	; 221
    000019FF 10                    6743 	.db #0x10	; 16
    00001A00 11                    6744 	.db #0x11	; 17
    00001A01 37                    6745 	.db #0x37	; 55	'7'
    00001A02 09                    6746 	.db #0x09	; 9
    00001A03 D4                    6747 	.db #0xd4	; 212
    00001A04 04                    6748 	.db #0x04	; 4
    00001A05 40                    6749 	.db #0x40	; 64
    00001A06 43                    6750 	.db #0x43	; 67	'C'
    00001A07 72                    6751 	.db #0x72	; 114	'r'
    00001A08 07                    6752 	.db #0x07	; 7
    00001A09 22                    6753 	.db #0x22	; 34
    00001A0A 03                    6754 	.db #0x03	; 3
    00001A0B 92                    6755 	.db #0x92	; 146
    00001A0C 00                    6756 	.db #0x00	; 0
    00001A0D 40                    6757 	.db #0x40	; 64
    00001A0E 08                    6758 	.db #0x08	; 8
    00001A0F E8                    6759 	.db #0xe8	; 232
    00001A10 08                    6760 	.db #0x08	; 8
    00001A11 84                    6761 	.db #0x84	; 132
    00001A12 2A                    6762 	.db #0x2a	; 42
    00001A13 10                    6763 	.db #0x10	; 16
    00001A14 A8                    6764 	.db #0xa8	; 168
    00001A15 42                    6765 	.db #0x42	; 66	'B'
    00001A16 A1                    6766 	.db #0xa1	; 161
    00001A17 0A                    6767 	.db #0x0a	; 10
    00001A18 84                    6768 	.db #0x84	; 132
    00001A19 2A                    6769 	.db #0x2a	; 42
    00001A1A 10                    6770 	.db #0x10	; 16
    00001A1B EA                    6771 	.db #0xea	; 234
    00001A1C 22                    6772 	.db #0x22	; 34
    00001A1D 11                    6773 	.db #0x11	; 17
    00001A1E 10                    6774 	.db #0x10	; 16
    00001A1F 88                    6775 	.db #0x88	; 136
    00001A20 8E                    6776 	.db #0x8e	; 142
    00001A21 A2                    6777 	.db #0xa2	; 162
    00001A22 21                    6778 	.db #0x21	; 33
    00001A23 11                    6779 	.db #0x11	; 17
    00001A24 08                    6780 	.db #0x08	; 8
    00001A25 88                    6781 	.db #0x88	; 136
    00001A26 04                    6782 	.db #0x04	; 4
    00001A27 00                    6783 	.db #0x00	; 0
    00001A28 80                    6784 	.db #0x80	; 128
    00001A29 3B                    6785 	.db #0x3b	; 59
    00001A2A 80                    6786 	.db #0x80	; 128
    00001A2B 13                    6787 	.db #0x13	; 19
    00001A2C 90                    6788 	.db #0x90	; 144
    00001A2D 3B                    6789 	.db #0x3b	; 59
    00001A2E 80                    6790 	.db #0x80	; 128
    00001A2F 10                    6791 	.db #0x10	; 16
    00001A30 42                    6792 	.db #0x42	; 66	'B'
    00001A31 1C                    6793 	.db #0x1c	; 28
    00001A32 A1                    6794 	.db #0xa1	; 161
    00001A33 3A                    6795 	.db #0x3a	; 58
    00001A34 10                    6796 	.db #0x10	; 16
    00001A35 81                    6797 	.db #0x81	; 129
    00001A36 08                    6798 	.db #0x08	; 8
    00001A37 DC                    6799 	.db #0xdc	; 220
    00001A38 D0                    6800 	.db #0xd0	; 208
    00001A39 43                    6801 	.db #0x43	; 67	'C'
    00001A3A 94                    6802 	.db #0x94	; 148
    00001A3B 00                    6803 	.db #0x00	; 0
    00001A3C 10                    6804 	.db #0x10	; 16
    00001A3D 02                    6805 	.db #0x02	; 2
    00001A3E 00                    6806 	.db #0x00	; 0
    00001A3F 40                    6807 	.db #0x40	; 64
    00001A40 74                    6808 	.db #0x74	; 116	't'
    00001A41 4D                    6809 	.db #0x4d	; 77	'M'
    00001A42 C0                    6810 	.db #0xc0	; 192
    00001A43 40                    6811 	.db #0x40	; 64
    00001A44 37                    6812 	.db #0x37	; 55	'7'
    00001A45 15                    6813 	.db #0x15	; 21
    00001A46 08                    6814 	.db #0x08	; 8
    00001A47 54                    6815 	.db #0x54	; 84	'T'
    00001A48 21                    6816 	.db #0x21	; 33
    00001A49 50                    6817 	.db #0x50	; 80	'P'
    00001A4A 85                    6818 	.db #0x85	; 133
    00001A4B 42                    6819 	.db #0x42	; 66	'B'
    00001A4C 15                    6820 	.db #0x15	; 21
    00001A4D 08                    6821 	.db #0x08	; 8
    00001A4E 54                    6822 	.db #0x54	; 84	'T'
    00001A4F 16                    6823 	.db #0x16	; 22
    00001A50 E4                    6824 	.db #0xe4	; 228
    00001A51 08                    6825 	.db #0x08	; 8
    00001A52 40                    6826 	.db #0x40	; 64
    00001A53 84                    6827 	.db #0x84	; 132
    00001A54 08                    6828 	.db #0x08	; 8
    00001A55 40                    6829 	.db #0x40	; 64
    00001A56 84                    6830 	.db #0x84	; 132
    00001A57 08                    6831 	.db #0x08	; 8
    00001A58 40                    6832 	.db #0x40	; 64
    00001A59 E5                    6833 	.db #0xe5	; 229
    00001A5A 10                    6834 	.db #0x10	; 16
    00001A5B 11                    6835 	.db #0x11	; 17
    00001A5C 01                    6836 	.db #0x01	; 1
    00001A5D 13                    6837 	.db #0x13	; 19
    00001A5E 90                    6838 	.db #0x90	; 144
    00001A5F 88                    6839 	.db #0x88	; 136
    00001A60 08                    6840 	.db #0x08	; 8
    00001A61 81                    6841 	.db #0x81	; 129
    00001A62 D4                    6842 	.db #0xd4	; 212
    00001A63 04                    6843 	.db #0x04	; 4
    00001A64 07                    6844 	.db #0x07	; 7
    00001A65 24                    6845 	.db #0x24	; 36
    00001A66 03                    6846 	.db #0x03	; 3
    00001A67 94                    6847 	.db #0x94	; 148
    00001A68 06                    6848 	.db #0x06	; 6
    00001A69 FB                    6849 	.db #0xfb	; 251
    00001A6A A0                    6850 	.db #0xa0	; 160
    00001A6B 04                    6851 	.db #0x04	; 4
    00001A6C 00                    6852 	.db #0x00	; 0
    00001A6D 88                    6853 	.db #0x88	; 136
    00001A6E 42                    6854 	.db #0x42	; 66	'B'
    00001A6F A1                    6855 	.db #0xa1	; 161
    00001A70 0A                    6856 	.db #0x0a	; 10
    00001A71 84                    6857 	.db #0x84	; 132
    00001A72 2A                    6858 	.db #0x2a	; 42
    00001A73 10                    6859 	.db #0x10	; 16
    00001A74 A8                    6860 	.db #0xa8	; 168
    00001A75 42                    6861 	.db #0x42	; 66	'B'
    00001A76 A1                    6862 	.db #0xa1	; 161
    00001A77 39                    6863 	.db #0x39	; 57	'9'
    00001A78 22                    6864 	.db #0x22	; 34
    00001A79 21                    6865 	.db #0x21	; 33
    00001A7A 11                    6866 	.db #0x11	; 17
    00001A7B 37                    6867 	.db #0x37	; 55	'7'
    00001A7C 44                    6868 	.db #0x44	; 68	'D'
    00001A7D 42                    6869 	.db #0x42	; 66	'B'
    00001A7E 22                    6870 	.db #0x22	; 34
    00001A7F 72                    6871 	.db #0x72	; 114	'r'
    00001A80 88                    6872 	.db #0x88	; 136
    00001A81 84                    6873 	.db #0x84	; 132
    00001A82 44                    6874 	.db #0x44	; 68	'D'
    00001A83 02                    6875 	.db #0x02	; 2
    00001A84 37                    6876 	.db #0x37	; 55	'7'
    00001A85 02                    6877 	.db #0x02	; 2
    00001A86 00                    6878 	.db #0x00	; 0
    00001A87 DE                    6879 	.db #0xde	; 222
    00001A88 00                    6880 	.db #0x00	; 0
    00001A89 EE                    6881 	.db #0xee	; 238
    00001A8A 00                    6882 	.db #0x00	; 0
    00001A8B 40                    6883 	.db #0x40	; 64
    00001A8C 08                    6884 	.db #0x08	; 8
    00001A8D DD                    6885 	.db #0xdd	; 221
    00001A8E 08                    6886 	.db #0x08	; 8
    00001A8F 19                    6887 	.db #0x19	; 25
    00001A90 89                    6888 	.db #0x89	; 137
    00001A91 CB                    6889 	.db #0xcb	; 203
    00001A92 B4                    6890 	.db #0xb4	; 180
    00001A93 20                    6891 	.db #0x20	; 32
    00001A94 42                    6892 	.db #0x42	; 66	'B'
    00001A95 37                    6893 	.db #0x37	; 55	'7'
    00001A96 DD                    6894 	.db #0xdd	; 221
    00001A97 09                    6895 	.db #0x09	; 9
    00001A98 B8                    6896 	.db #0xb8	; 184
    00001A99 B7                    6897 	.db #0xb7	; 183
    00001A9A 76                    6898 	.db #0x76	; 118	'v'
    00001A9B 00                    6899 	.db #0x00	; 0
    00001A9C 80                    6900 	.db #0x80	; 128
    00001A9D 10                    6901 	.db #0x10	; 16
    00001A9E EC                    6902 	.db #0xec	; 236
    00001A9F 13                    6903 	.db #0x13	; 19
    00001AA0 A0                    6904 	.db #0xa0	; 160
    00001AA1 E4                    6905 	.db #0xe4	; 228
    00001AA2 80                    6906 	.db #0x80	; 128
    00001AA3 10                    6907 	.db #0x10	; 16
    00001AA4 00                    6908 	.db #0x00	; 0
    00001AA5 A8                    6909 	.db #0xa8	; 168
    00001AA6 42                    6910 	.db #0x42	; 66	'B'
    00001AA7 A1                    6911 	.db #0xa1	; 161
    00001AA8 0A                    6912 	.db #0x0a	; 10
    00001AA9 84                    6913 	.db #0x84	; 132
    00001AAA 2A                    6914 	.db #0x2a	; 42
    00001AAB 10                    6915 	.db #0x10	; 16
    00001AAC A8                    6916 	.db #0xa8	; 168
    00001AAD 42                    6917 	.db #0x42	; 66	'B'
    00001AAE A0                    6918 	.db #0xa0	; 160
    00001AAF 84                    6919 	.db #0x84	; 132
    00001AB0 08                    6920 	.db #0x08	; 8
    00001AB1 40                    6921 	.db #0x40	; 64
    00001AB2 9D                    6922 	.db #0x9d	; 157
    00001AB3 20                    6923 	.db #0x20	; 32
    00001AB4 42                    6924 	.db #0x42	; 66	'B'
    00001AB5 04                    6925 	.db #0x04	; 4
    00001AB6 E9                    6926 	.db #0xe9	; 233
    00001AB7 72                    6927 	.db #0x72	; 114	'r'
    00001AB8 10                    6928 	.db #0x10	; 16
    00001AB9 81                    6929 	.db #0x81	; 129
    00001ABA CA                    6930 	.db #0xca	; 202
    00001ABB 20                    6931 	.db #0x20	; 32
    00001ABC 22                    6932 	.db #0x22	; 34
    00001ABD 02                    6933 	.db #0x02	; 2
    00001ABE 20                    6934 	.db #0x20	; 32
    00001ABF 22                    6935 	.db #0x22	; 34
    00001AC0 02                    6936 	.db #0x02	; 2
    00001AC1 2D                    6937 	.db #0x2d	; 45
    00001AC2 C7                    6938 	.db #0xc7	; 199
    00001AC3 6B                    6939 	.db #0x6b	; 107	'k'
    00001AC4 A0                    6940 	.db #0xa0	; 160
    00001AC5 41                    6941 	.db #0x41	; 65	'A'
    00001AC6 B9                    6942 	.db #0xb9	; 185
    00001AC7 CA                    6943 	.db #0xca	; 202
    00001AC8 00                    6944 	.db #0x00	; 0
    00001AC9 40                    6945 	.db #0x40	; 64
    00001ACA 39                    6946 	.db #0x39	; 57	'9'
    00001ACB 40                    6947 	.db #0x40	; 64
    00001ACC 08                    6948 	.db #0x08	; 8
    00001ACD 01                    6949 	.db #0x01	; 1
    00001ACE 10                    6950 	.db #0x10	; 16
    00001ACF 85                    6951 	.db #0x85	; 133
    00001AD0 42                    6952 	.db #0x42	; 66	'B'
    00001AD1 15                    6953 	.db #0x15	; 21
    00001AD2 08                    6954 	.db #0x08	; 8
    00001AD3 54                    6955 	.db #0x54	; 84	'T'
    00001AD4 21                    6956 	.db #0x21	; 33
    00001AD5 50                    6957 	.db #0x50	; 80	'P'
    00001AD6 9D                    6958 	.db #0x9d	; 157
    00001AD7 AA                    6959 	.db #0xaa	; 170
    00001AD8 13                    6960 	.db #0x13	; 19
    00001AD9 92                    6961 	.db #0x92	; 146
    00001ADA 22                    6962 	.db #0x22	; 34
    00001ADB 11                    6963 	.db #0x11	; 17
    00001ADC 10                    6964 	.db #0x10	; 16
    00001ADD 88                    6965 	.db #0x88	; 136
    00001ADE 9C                    6966 	.db #0x9c	; 156
    00001ADF A2                    6967 	.db #0xa2	; 162
    00001AE0 21                    6968 	.db #0x21	; 33
    00001AE1 11                    6969 	.db #0x11	; 17
    00001AE2 08                    6970 	.db #0x08	; 8
    00001AE3 88                    6971 	.db #0x88	; 136
    00001AE4 EC                    6972 	.db #0xec	; 236
    00001AE5 23                    6973 	.db #0x23	; 35
    00001AE6 70                    6974 	.db #0x70	; 112	'p'
    00001AE7 2E                    6975 	.db #0x2e	; 46
    00001AE8 40                    6976 	.db #0x40	; 64
    00001AE9 20                    6977 	.db #0x20	; 32
    00001AEA 04                    6978 	.db #0x04	; 4
    00001AEB 00                    6979 	.db #0x00	; 0
    00001AEC 87                    6980 	.db #0x87	; 135
    00001AED 40                    6981 	.db #0x40	; 64
    00001AEE B6                    6982 	.db #0xb6	; 182
    00001AEF DC                    6983 	.db #0xdc	; 220
    00001AF0 9D                    6984 	.db #0x9d	; 157
    00001AF1 21                    6985 	.db #0x21	; 33
    00001AF2 BA                    6986 	.db #0xba	; 186
    00001AF3 E8                    6987 	.db #0xe8	; 232
    00001AF4 87                    6988 	.db #0x87	; 135
    00001AF5 68                    6989 	.db #0x68	; 104	'h'
    00001AF6 40                    6990 	.db #0x40	; 64
    00001AF7 85                    6991 	.db #0x85	; 133
    00001AF8 DF                    6992 	.db #0xdf	; 223
    00001AF9 62                    6993 	.db #0x62	; 98	'b'
    00001AFA 10                    6994 	.db #0x10	; 16
    00001AFB 2D                    6995 	.db #0x2d	; 45
    00001AFC F7                    6996 	.db #0xf7	; 247
    00001AFD DC                    6997 	.db #0xdc	; 220
    00001AFE                       6998 _dandy_level_17:
    00001AFE 07                    6999 	.db #0x07	; 7
    00001AFF 3C                    7000 	.db #0x3c	; 60
    00001B00 F3                    7001 	.db #0xf3	; 243
    00001B01 CF                    7002 	.db #0xcf	; 207
    00001B02 20                    7003 	.db #0x20	; 32
    00001B03 83                    7004 	.db #0x83	; 131
    00001B04 6D                    7005 	.db #0x6d	; 109	'm'
    00001B05 B5                    7006 	.db #0xb5	; 181
    00001B06 AD                    7007 	.db #0xad	; 173
    00001B07 76                    7008 	.db #0x76	; 118	'v'
    00001B08 D8                    7009 	.db #0xd8	; 216
    00001B09 65                    7010 	.db #0x65	; 101	'e'
    00001B0A 90                    7011 	.db #0x90	; 144
    00001B0B E4                    7012 	.db #0xe4	; 228
    00001B0C 01                    7013 	.db #0x01	; 1
    00001B0D C9                    7014 	.db #0xc9	; 201
    00001B0E E9                    7015 	.db #0xe9	; 233
    00001B0F C8                    7016 	.db #0xc8	; 200
    00001B10 01                    7017 	.db #0x01	; 1
    00001B11 CF                    7018 	.db #0xcf	; 207
    00001B12 3C                    7019 	.db #0x3c	; 60
    00001B13 F3                    7020 	.db #0xf3	; 243
    00001B14 C8                    7021 	.db #0xc8	; 200
    00001B15 20                    7022 	.db #0x20	; 32
    00001B16 14                    7023 	.db #0x14	; 20
    00001B17 06                    7024 	.db #0x06	; 6
    00001B18 59                    7025 	.db #0x59	; 89	'Y'
    00001B19 1C                    7026 	.db #0x1c	; 28
    00001B1A EF                    7027 	.db #0xef	; 239
    00001B1B C8                    7028 	.db #0xc8	; 200
    00001B1C 0E                    7029 	.db #0x0e	; 14
    00001B1D 77                    7030 	.db #0x77	; 119	'w'
    00001B1E E4                    7031 	.db #0xe4	; 228
    00001B1F 73                    7032 	.db #0x73	; 115	's'
    00001B20 BF                    7033 	.db #0xbf	; 191
    00001B21 27                    7034 	.db #0x27	; 39
    00001B22 A0                    7035 	.db #0xa0	; 160
    00001B23 AA                    7036 	.db #0xaa	; 170
    00001B24 AA                    7037 	.db #0xaa	; 170
    00001B25 88                    7038 	.db #0x88	; 136
    00001B26 00                    7039 	.db #0x00	; 0
    00001B27 06                    7040 	.db #0x06	; 6
    00001B28 59                    7041 	.db #0x59	; 89	'Y'
    00001B29 39                    7042 	.db #0x39	; 57	'9'
    00001B2A B7                    7043 	.db #0xb7	; 183
    00001B2B B9                    7044 	.db #0xb9	; 185
    00001B2C 3D                    7045 	.db #0x3d	; 61
    00001B2D 39                    7046 	.db #0x39	; 57	'9'
    00001B2E B7                    7047 	.db #0xb7	; 183
    00001B2F B9                    7048 	.db #0xb9	; 185
    00001B30 73                    7049 	.db #0x73	; 115	's'
    00001B31 6F                    7050 	.db #0x6f	; 111	'o'
    00001B32 72                    7051 	.db #0x72	; 114	'r'
    00001B33 02                    7052 	.db #0x02	; 2
    00001B34 07                    7053 	.db #0x07	; 7
    00001B35 7D                    7054 	.db #0x7d	; 125
    00001B36 C4                    7055 	.db #0xc4	; 196
    00001B37 05                    7056 	.db #0x05	; 5
    00001B38 50                    7057 	.db #0x50	; 80	'P'
    00001B39 32                    7058 	.db #0x32	; 50	'2'
    00001B3A CB                    7059 	.db #0xcb	; 203
    00001B3B 9D                    7060 	.db #0x9d	; 157
    00001B3C F7                    7061 	.db #0xf7	; 247
    00001B3D DF                    7062 	.db #0xdf	; 223
    00001B3E 7D                    7063 	.db #0x7d	; 125
    00001B3F F9                    7064 	.db #0xf9	; 249
    00001B40 1C                    7065 	.db #0x1c	; 28
    00001B41 EF                    7066 	.db #0xef	; 239
    00001B42 BE                    7067 	.db #0xbe	; 190
    00001B43 FB                    7068 	.db #0xfb	; 251
    00001B44 EF                    7069 	.db #0xef	; 239
    00001B45 D6                    7070 	.db #0xd6	; 214
    00001B46 FB                    7071 	.db #0xfb	; 251
    00001B47 EF                    7072 	.db #0xef	; 239
    00001B48 BE                    7073 	.db #0xbe	; 190
    00001B49 FC                    7074 	.db #0xfc	; 252
    00001B4A 81                    7075 	.db #0x81	; 129
    00001B4B 03                    7076 	.db #0x03	; 3
    00001B4C BE                    7077 	.db #0xbe	; 190
    00001B4D E2                    7078 	.db #0xe2	; 226
    00001B4E 05                    7079 	.db #0x05	; 5
    00001B4F 55                    7080 	.db #0x55	; 85	'U'
    00001B50 06                    7081 	.db #0x06	; 6
    00001B51 59                    7082 	.db #0x59	; 89	'Y'
    00001B52 39                    7083 	.db #0x39	; 57	'9'
    00001B53 B7                    7084 	.db #0xb7	; 183
    00001B54 B7                    7085 	.db #0xb7	; 183
    00001B55 B9                    7086 	.db #0xb9	; 185
    00001B56 73                    7087 	.db #0x73	; 115	's'
    00001B57 6F                    7088 	.db #0x6f	; 111	'o'
    00001B58 6F                    7089 	.db #0x6f	; 111	'o'
    00001B59 73                    7090 	.db #0x73	; 115	's'
    00001B5A BF                    7091 	.db #0xbf	; 191
    00001B5B 36                    7092 	.db #0x36	; 54	'6'
    00001B5C F6                    7093 	.db #0xf6	; 246
    00001B5D F7                    7094 	.db #0xf7	; 247
    00001B5E 20                    7095 	.db #0x20	; 32
    00001B5F 8A                    7096 	.db #0x8a	; 138
    00001B60 BB                    7097 	.db #0xbb	; 187
    00001B61 EE                    7098 	.db #0xee	; 238
    00001B62 20                    7099 	.db #0x20	; 32
    00001B63 2A                    7100 	.db #0x2a	; 42
    00001B64 81                    7101 	.db #0x81	; 129
    00001B65 96                    7102 	.db #0x96	; 150
    00001B66 47                    7103 	.db #0x47	; 71	'G'
    00001B67 3B                    7104 	.db #0x3b	; 59
    00001B68 EF                    7105 	.db #0xef	; 239
    00001B69 BE                    7106 	.db #0xbe	; 190
    00001B6A FB                    7107 	.db #0xfb	; 251
    00001B6B F5                    7108 	.db #0xf5	; 245
    00001B6C BE                    7109 	.db #0xbe	; 190
    00001B6D FB                    7110 	.db #0xfb	; 251
    00001B6E EF                    7111 	.db #0xef	; 239
    00001B6F BF                    7112 	.db #0xbf	; 191
    00001B70 3B                    7113 	.db #0x3b	; 59
    00001B71 EF                    7114 	.db #0xef	; 239
    00001B72 BF                    7115 	.db #0xbf	; 191
    00001B73 3B                    7116 	.db #0x3b	; 59
    00001B74 EF                    7117 	.db #0xef	; 239
    00001B75 BE                    7118 	.db #0xbe	; 190
    00001B76 FB                    7119 	.db #0xfb	; 251
    00001B77 F2                    7120 	.db #0xf2	; 242
    00001B78 11                    7121 	.db #0x11	; 17
    00001B79 04                    7122 	.db #0x04	; 4
    00001B7A 40                    7123 	.db #0x40	; 64
    00001B7B 00                    7124 	.db #0x00	; 0
    00001B7C 32                    7125 	.db #0x32	; 50	'2'
    00001B7D C8                    7126 	.db #0xc8	; 200
    00001B7E 73                    7127 	.db #0x73	; 115	's'
    00001B7F 6F                    7128 	.db #0x6f	; 111	'o'
    00001B80 73                    7129 	.db #0x73	; 115	's'
    00001B81 BF                    7130 	.db #0xbf	; 191
    00001B82 36                    7131 	.db #0x36	; 54	'6'
    00001B83 F7                    7132 	.db #0xf7	; 247
    00001B84 35                    7133 	.db #0x35	; 53	'5'
    00001B85 BD                    7134 	.db #0xbd	; 189
    00001B86 73                    7135 	.db #0x73	; 115	's'
    00001B87 6F                    7136 	.db #0x6f	; 111	'o'
    00001B88 72                    7137 	.db #0x72	; 114	'r'
    00001B89 08                    7138 	.db #0x08	; 8
    00001B8A 8E                    7139 	.db #0x8e	; 142
    00001B8B 11                    7140 	.db #0x11	; 17
    00001B8C 04                    7141 	.db #0x04	; 4
    00001B8D 51                    7142 	.db #0x51	; 81	'Q'
    00001B8E 0C                    7143 	.db #0x0c	; 12
    00001B8F B2                    7144 	.db #0xb2	; 178
    00001B90 0E                    7145 	.db #0x0e	; 14
    00001B91 77                    7146 	.db #0x77	; 119	'w'
    00001B92 E6                    7147 	.db #0xe6	; 230
    00001B93 DE                    7148 	.db #0xde	; 222
    00001B94 E7                    7149 	.db #0xe7	; 231
    00001B95 7E                    7150 	.db #0x7e	; 126
    00001B96 77                    7151 	.db #0x77	; 119	'w'
    00001B97 AD                    7152 	.db #0xad	; 173
    00001B98 EB                    7153 	.db #0xeb	; 235
    00001B99 7E                    7154 	.db #0x7e	; 126
    00001B9A 77                    7155 	.db #0x77	; 119	'w'
    00001B9B E4                    7156 	.db #0xe4	; 228
    00001B9C 08                    7157 	.db #0x08	; 8
    00001B9D 9C                    7158 	.db #0x9c	; 156
    00001B9E 38                    7159 	.db #0x38	; 56	'8'
    00001B9F 88                    7160 	.db #0x88	; 136
    00001BA0 05                    7161 	.db #0x05	; 5
    00001BA1 01                    7162 	.db #0x01	; 1
    00001BA2 96                    7163 	.db #0x96	; 150
    00001BA3 40                    7164 	.db #0x40	; 64
    00001BA4 EB                    7165 	.db #0xeb	; 235
    00001BA5 7D                    7166 	.db #0x7d	; 125
    00001BA6 F7                    7167 	.db #0xf7	; 247
    00001BA7 DF                    7168 	.db #0xdf	; 223
    00001BA8 7E                    7169 	.db #0x7e	; 126
    00001BA9 B7                    7170 	.db #0xb7	; 183
    00001BAA DF                    7171 	.db #0xdf	; 223
    00001BAB 7D                    7172 	.db #0x7d	; 125
    00001BAC F7                    7173 	.db #0xf7	; 247
    00001BAD DF                    7174 	.db #0xdf	; 223
    00001BAE 7D                    7175 	.db #0x7d	; 125
    00001BAF F7                    7176 	.db #0xf7	; 247
    00001BB0 E8                    7177 	.db #0xe8	; 232
    00001BB1 04                    7178 	.db #0x04	; 4
    00001BB2 47                    7179 	.db #0x47	; 71	'G'
    00001BB3 08                    7180 	.db #0x08	; 8
    00001BB4 80                    7181 	.db #0x80	; 128
    00001BB5 00                    7182 	.db #0x00	; 0
    00001BB6 65                    7183 	.db #0x65	; 101	'e'
    00001BB7 90                    7184 	.db #0x90	; 144
    00001BB8 73                    7185 	.db #0x73	; 115	's'
    00001BB9 BF                    7186 	.db #0xbf	; 191
    00001BBA 36                    7187 	.db #0x36	; 54	'6'
    00001BBB F7                    7188 	.db #0xf7	; 247
    00001BBC 3B                    7189 	.db #0x3b	; 59
    00001BBD F3                    7190 	.db #0xf3	; 243
    00001BBE BD                    7191 	.db #0xbd	; 189
    00001BBF 6F                    7192 	.db #0x6f	; 111	'o'
    00001BC0 5B                    7193 	.db #0x5b	; 91
    00001BC1 F3                    7194 	.db #0xf3	; 243
    00001BC2 BF                    7195 	.db #0xbf	; 191
    00001BC3 20                    7196 	.db #0x20	; 32
    00001BC4 44                    7197 	.db #0x44	; 68	'D'
    00001BC5 11                    7198 	.db #0x11	; 17
    00001BC6 02                    7199 	.db #0x02	; 2
    00001BC7 08                    7200 	.db #0x08	; 8
    00001BC8 32                    7201 	.db #0x32	; 50	'2'
    00001BC9 C8                    7202 	.db #0xc8	; 200
    00001BCA 73                    7203 	.db #0x73	; 115	's'
    00001BCB 6F                    7204 	.db #0x6f	; 111	'o'
    00001BCC 73                    7205 	.db #0x73	; 115	's'
    00001BCD BF                    7206 	.db #0xbf	; 191
    00001BCE 36                    7207 	.db #0x36	; 54	'6'
    00001BCF F7                    7208 	.db #0xf7	; 247
    00001BD0 35                    7209 	.db #0x35	; 53	'5'
    00001BD1 BD                    7210 	.db #0xbd	; 189
    00001BD2 73                    7211 	.db #0x73	; 115	's'
    00001BD3 6F                    7212 	.db #0x6f	; 111	'o'
    00001BD4 72                    7213 	.db #0x72	; 114	'r'
    00001BD5 0B                    7214 	.db #0x0b	; 11
    00001BD6 AE                    7215 	.db #0xae	; 174
    00001BD7 AA                    7216 	.db #0xaa	; 170
    00001BD8 A8                    7217 	.db #0xa8	; 168
    00001BD9 81                    7218 	.db #0x81	; 129
    00001BDA 04                    7219 	.db #0x04	; 4
    00001BDB 19                    7220 	.db #0x19	; 25
    00001BDC 64                    7221 	.db #0x64	; 100	'd'
    00001BDD 73                    7222 	.db #0x73	; 115	's'
    00001BDE BE                    7223 	.db #0xbe	; 190
    00001BDF FB                    7224 	.db #0xfb	; 251
    00001BE0 EF                    7225 	.db #0xef	; 239
    00001BE1 BF                    7226 	.db #0xbf	; 191
    00001BE2 5B                    7227 	.db #0x5b	; 91
    00001BE3 EF                    7228 	.db #0xef	; 239
    00001BE4 BE                    7229 	.db #0xbe	; 190
    00001BE5 FB                    7230 	.db #0xfb	; 251
    00001BE6 F3                    7231 	.db #0xf3	; 243
    00001BE7 BE                    7232 	.db #0xbe	; 190
    00001BE8 FB                    7233 	.db #0xfb	; 251
    00001BE9 F3                    7234 	.db #0xf3	; 243
    00001BEA BE                    7235 	.db #0xbe	; 190
    00001BEB FB                    7236 	.db #0xfb	; 251
    00001BEC EF                    7237 	.db #0xef	; 239
    00001BED BF                    7238 	.db #0xbf	; 191
    00001BEE 21                    7239 	.db #0x21	; 33
    00001BEF 75                    7240 	.db #0x75	; 117	'u'
    00001BF0 D0                    7241 	.db #0xd0	; 208
    00001BF1 04                    7242 	.db #0x04	; 4
    00001BF2 08                    7243 	.db #0x08	; 8
    00001BF3 20                    7244 	.db #0x20	; 32
    00001BF4 CB                    7245 	.db #0xcb	; 203
    00001BF5 27                    7246 	.db #0x27	; 39
    00001BF6 36                    7247 	.db #0x36	; 54	'6'
    00001BF7 F6                    7248 	.db #0xf6	; 246
    00001BF8 F7                    7249 	.db #0xf7	; 247
    00001BF9 2E                    7250 	.db #0x2e	; 46
    00001BFA 6D                    7251 	.db #0x6d	; 109	'm'
    00001BFB ED                    7252 	.db #0xed	; 237
    00001BFC EE                    7253 	.db #0xee	; 238
    00001BFD 77                    7254 	.db #0x77	; 119	'w'
    00001BFE E6                    7255 	.db #0xe6	; 230
    00001BFF DE                    7256 	.db #0xde	; 222
    00001C00 DE                    7257 	.db #0xde	; 222
    00001C01 E4                    7258 	.db #0xe4	; 228
    00001C02 17                    7259 	.db #0x17	; 23
    00001C03 5D                    7260 	.db #0x5d	; 93
    00001C04 00                    7261 	.db #0x00	; 0
    00001C05 40                    7262 	.db #0x40	; 64
    00001C06 00                    7263 	.db #0x00	; 0
    00001C07 32                    7264 	.db #0x32	; 50	'2'
    00001C08 CB                    7265 	.db #0xcb	; 203
    00001C09 9D                    7266 	.db #0x9d	; 157
    00001C0A F7                    7267 	.db #0xf7	; 247
    00001C0B DF                    7268 	.db #0xdf	; 223
    00001C0C 7D                    7269 	.db #0x7d	; 125
    00001C0D F9                    7270 	.db #0xf9	; 249
    00001C0E 1C                    7271 	.db #0x1c	; 28
    00001C0F EF                    7272 	.db #0xef	; 239
    00001C10 BE                    7273 	.db #0xbe	; 190
    00001C11 FB                    7274 	.db #0xfb	; 251
    00001C12 EF                    7275 	.db #0xef	; 239
    00001C13 D6                    7276 	.db #0xd6	; 214
    00001C14 FB                    7277 	.db #0xfb	; 251
    00001C15 EF                    7278 	.db #0xef	; 239
    00001C16 BE                    7279 	.db #0xbe	; 190
    00001C17 FC                    7280 	.db #0xfc	; 252
    00001C18 99                    7281 	.db #0x99	; 153
    00001C19 65                    7282 	.db #0x65	; 101	'e'
    00001C1A 96                    7283 	.db #0x96	; 150
    00001C1B 55                    7284 	.db #0x55	; 85	'U'
    00001C1C 55                    7285 	.db #0x55	; 85	'U'
    00001C1D 55                    7286 	.db #0x55	; 85	'U'
    00001C1E 41                    7287 	.db #0x41	; 65	'A'
    00001C1F 01                    7288 	.db #0x01	; 1
    00001C20 0C                    7289 	.db #0x0c	; 12
    00001C21 B2                    7290 	.db #0xb2	; 178
    00001C22 73                    7291 	.db #0x73	; 115	's'
    00001C23 6F                    7292 	.db #0x6f	; 111	'o'
    00001C24 72                    7293 	.db #0x72	; 114	'r'
    00001C25 7A                    7294 	.db #0x7a	; 122	'z'
    00001C26 73                    7295 	.db #0x73	; 115	's'
    00001C27 6F                    7296 	.db #0x6f	; 111	'o'
    00001C28 72                    7297 	.db #0x72	; 114	'r'
    00001C29 E6                    7298 	.db #0xe6	; 230
    00001C2A DE                    7299 	.db #0xde	; 222
    00001C2B E4                    7300 	.db #0xe4	; 228
    00001C2C 00                    7301 	.db #0x00	; 0
    00001C2D 00                    7302 	.db #0x00	; 0
    00001C2E 00                    7303 	.db #0x00	; 0
    00001C2F 00                    7304 	.db #0x00	; 0
    00001C30 CB                    7305 	.db #0xcb	; 203
    00001C31 23                    7306 	.db #0x23	; 35
    00001C32 9D                    7307 	.db #0x9d	; 157
    00001C33 F9                    7308 	.db #0xf9	; 249
    00001C34 01                    7309 	.db #0x01	; 1
    00001C35 CE                    7310 	.db #0xce	; 206
    00001C36 FC                    7311 	.db #0xfc	; 252
    00001C37 8E                    7312 	.db #0x8e	; 142
    00001C38 77                    7313 	.db #0x77	; 119	'w'
    00001C39 E4                    7314 	.db #0xe4	; 228
    00001C3A F4                    7315 	.db #0xf4	; 244
    00001C3B 00                    7316 	.db #0x00	; 0
    00001C3C 00                    7317 	.db #0x00	; 0
    00001C3D 03                    7318 	.db #0x03	; 3
    00001C3E CF                    7319 	.db #0xcf	; 207
    00001C3F 00                    7320 	.db #0x00	; 0
    00001C40 CB                    7321 	.db #0xcb	; 203
    00001C41 21                    7322 	.db #0x21	; 33
    00001C42 C8                    7323 	.db #0xc8	; 200
    00001C43 03                    7324 	.db #0x03	; 3
    00001C44 93                    7325 	.db #0x93	; 147
    00001C45 D3                    7326 	.db #0xd3	; 211
    00001C46 90                    7327 	.db #0x90	; 144
    00001C47 00                    7328 	.db #0x00	; 0
    00001C48 A5                    7329 	.db #0xa5	; 165
    00001C49 00                    7330 	.db #0x00	; 0
    00001C4A 0F                    7331 	.db #0x0f	; 15
    00001C4B 3C                    7332 	.db #0x3c	; 60
    00001C4C 03                    7333 	.db #0x03	; 3
    00001C4D 2C                    7334 	.db #0x2c	; 44
    00001C4E 8A                    7335 	.db #0x8a	; 138
    00001C4F 8A                    7336 	.db #0x8a	; 138
    00001C50 8A                    7337 	.db #0x8a	; 138
    00001C51 8A                    7338 	.db #0x8a	; 138
    00001C52 80                    7339 	.db #0x80	; 128
    00001C53 02                    7340 	.db #0x02	; 2
    00001C54 10                    7341 	.db #0x10	; 16
    00001C55 A2                    7342 	.db #0xa2	; 162
    00001C56 80                    7343 	.db #0x80	; 128
    00001C57 A3                    7344 	.db #0xa3	; 163
    00001C58 2C                    7345 	.db #0x2c	; 44
    00001C59 8A                    7346 	.db #0x8a	; 138
    00001C5A 8A                    7347 	.db #0x8a	; 138
    00001C5B 8A                    7348 	.db #0x8a	; 138
    00001C5C 8A                    7349 	.db #0x8a	; 138
    00001C5D 8A                    7350 	.db #0x8a	; 138
    00001C5E 00                    7351 	.db #0x00	; 0
    00001C5F 33                    7352 	.db #0x33	; 51	'3'
    00001C60 05                    7353 	.db #0x05	; 5
    00001C61 14                    7354 	.db #0x14	; 20
    00001C62 05                    7355 	.db #0x05	; 5
    00001C63 19                    7356 	.db #0x19	; 25
    00001C64 64                    7357 	.db #0x64	; 100	'd'
    00001C65 54                    7358 	.db #0x54	; 84	'T'
    00001C66 54                    7359 	.db #0x54	; 84	'T'
    00001C67 54                    7360 	.db #0x54	; 84	'T'
    00001C68 54                    7361 	.db #0x54	; 84	'T'
    00001C69 5A                    7362 	.db #0x5a	; 90	'Z'
    00001C6A 00                    7363 	.db #0x00	; 0
    00001C6B 42                    7364 	.db #0x42	; 66	'B'
    00001C6C 00                    7365 	.db #0x00	; 0
    00001C6D 00                    7366 	.db #0x00	; 0
    00001C6E 19                    7367 	.db #0x19	; 25
    00001C6F 64                    7368 	.db #0x64	; 100	'd'
    00001C70 00                    7369 	.db #0x00	; 0
    00001C71 00                    7370 	.db #0x00	; 0
    00001C72 00                    7371 	.db #0x00	; 0
    00001C73 01                    7372 	.db #0x01	; 1
    00001C74 4A                    7373 	.db #0x4a	; 74	'J'
    00001C75 00                    7374 	.db #0x00	; 0
    00001C76 14                    7375 	.db #0x14	; 20
    00001C77 06                    7376 	.db #0x06	; 6
    00001C78 59                    7377 	.db #0x59	; 89	'Y'
    00001C79 00                    7378 	.db #0x00	; 0
    00001C7A 00                    7379 	.db #0x00	; 0
    00001C7B 00                    7380 	.db #0x00	; 0
    00001C7C 00                    7381 	.db #0x00	; 0
    00001C7D 00                    7382 	.db #0x00	; 0
    00001C7E 00                    7383 	.db #0x00	; 0
    00001C7F AA                    7384 	.db #0xaa	; 170
    00001C80 06                    7385 	.db #0x06	; 6
    00001C81 59                    7386 	.db #0x59	; 89	'Y'
    00001C82 00                    7387 	.db #0x00	; 0
    00001C83 00                    7388 	.db #0x00	; 0
    00001C84 00                    7389 	.db #0x00	; 0
    00001C85 00                    7390 	.db #0x00	; 0
    00001C86 00                    7391 	.db #0x00	; 0
    00001C87 01                    7392 	.db #0x01	; 1
    00001C88 55                    7393 	.db #0x55	; 85	'U'
    00001C89 41                    7394 	.db #0x41	; 65	'A'
    00001C8A 96                    7395 	.db #0x96	; 150
    00001C8B 41                    7396 	.db #0x41	; 65	'A'
    00001C8C F0                    7397 	.db #0xf0	; 240
    00001C8D 0F                    7398 	.db #0x0f	; 15
    00001C8E DF                    7399 	.db #0xdf	; 223
    00001C8F 80                    7400 	.db #0x80	; 128
    00001C90 0A                    7401 	.db #0x0a	; 10
    00001C91 AA                    7402 	.db #0xaa	; 170
    00001C92 AA                    7403 	.db #0xaa	; 170
    00001C93 AA                    7404 	.db #0xaa	; 170
    00001C94 A8                    7405 	.db #0xa8	; 168
    00001C95 14                    7406 	.db #0x14	; 20
    00001C96 06                    7407 	.db #0x06	; 6
    00001C97 59                    7408 	.db #0x59	; 89	'Y'
    00001C98 0F                    7409 	.db #0x0f	; 15
    00001C99 B8                    7410 	.db #0xb8	; 184
    00001C9A F8                    7411 	.db #0xf8	; 248
    00001C9B 07                    7412 	.db #0x07	; 7
    00001C9C 00                    7413 	.db #0x00	; 0
    00001C9D 00                    7414 	.db #0x00	; 0
    00001C9E E7                    7415 	.db #0xe7	; 231
    00001C9F 9E                    7416 	.db #0x9e	; 158
    00001CA0 79                    7417 	.db #0x79	; 121	'y'
    00001CA1 00                    7418 	.db #0x00	; 0
    00001CA2 14                    7419 	.db #0x14	; 20
    00001CA3 14                    7420 	.db #0x14	; 20
    00001CA4 06                    7421 	.db #0x06	; 6
    00001CA5 59                    7422 	.db #0x59	; 89	'Y'
    00001CA6 07                    7423 	.db #0x07	; 7
    00001CA7 C0                    7424 	.db #0xc0	; 192
    00001CA8 3F                    7425 	.db #0x3f	; 63
    00001CA9 7E                    7426 	.db #0x7e	; 126
    00001CAA 00                    7427 	.db #0x00	; 0
    00001CAB 73                    7428 	.db #0x73	; 115	's'
    00001CAC 55                    7429 	.db #0x55	; 85	'U'
    00001CAD 55                    7430 	.db #0x55	; 85	'U'
    00001CAE 55                    7431 	.db #0x55	; 85	'U'
    00001CAF 52                    7432 	.db #0x52	; 82	'R'
    00001CB0 82                    7433 	.db #0x82	; 130
    00001CB1 80                    7434 	.db #0x80	; 128
    00001CB2 CB                    7435 	.db #0xcb	; 203
    00001CB3 20                    7436 	.db #0x20	; 32
    00001CB4 00                    7437 	.db #0x00	; 0
    00001CB5 00                    7438 	.db #0x00	; 0
    00001CB6 06                    7439 	.db #0x06	; 6
    00001CB7 A1                    7440 	.db #0xa1	; 161
    00001CB8 CF                    7441 	.db #0xcf	; 207
    00001CB9 3C                    7442 	.db #0x3c	; 60
    00001CBA 80                    7443 	.db #0x80	; 128
    00001CBB 00                    7444 	.db #0x00	; 0
    00001CBC A0                    7445 	.db #0xa0	; 160
    00001CBD 32                    7446 	.db #0x32	; 50	'2'
    00001CBE C8                    7447 	.db #0xc8	; 200
    00001CBF 00                    7448 	.db #0x00	; 0
    00001CC0 00                    7449 	.db #0x00	; 0
    00001CC1 00                    7450 	.db #0x00	; 0
    00001CC2                       7451 _dandy_level_18:
    00001CC2 00                    7452 	.db #0x00	; 0
    00001CC3 00                    7453 	.db #0x00	; 0
    00001CC4 00                    7454 	.db #0x00	; 0
    00001CC5 55                    7455 	.db #0x55	; 85	'U'
    00001CC6 00                    7456 	.db #0x00	; 0
    00001CC7 00                    7457 	.db #0x00	; 0
    00001CC8 00                    7458 	.db #0x00	; 0
    00001CC9 6D                    7459 	.db #0x6d	; 109	'm'
    00001CCA 05                    7460 	.db #0x05	; 5
    00001CCB 00                    7461 	.db #0x00	; 0
    00001CCC 00                    7462 	.db #0x00	; 0
    00001CCD 00                    7463 	.db #0x00	; 0
    00001CCE 00                    7464 	.db #0x00	; 0
    00001CCF 00                    7465 	.db #0x00	; 0
    00001CD0 00                    7466 	.db #0x00	; 0
    00001CD1 1B                    7467 	.db #0x1b	; 27
    00001CD2 41                    7468 	.db #0x41	; 65	'A'
    00001CD3 40                    7469 	.db #0x40	; 64
    00001CD4 E4                    7470 	.db #0xe4	; 228
    00001CD5 1C                    7471 	.db #0x1c	; 28
    00001CD6 83                    7472 	.db #0x83	; 131
    00001CD7 90                    7473 	.db #0x90	; 144
    00001CD8 54                    7474 	.db #0x54	; 84	'T'
    00001CD9 00                    7475 	.db #0x00	; 0
    00001CDA 00                    7476 	.db #0x00	; 0
    00001CDB 00                    7477 	.db #0x00	; 0
    00001CDC 8E                    7478 	.db #0x8e	; 142
    00001CDD 40                    7479 	.db #0x40	; 64
    00001CDE 00                    7480 	.db #0x00	; 0
    00001CDF 00                    7481 	.db #0x00	; 0
    00001CE0 09                    7482 	.db #0x09	; 9
    00001CE1 00                    7483 	.db #0x00	; 0
    00001CE2 50                    7484 	.db #0x50	; 80	'P'
    00001CE3 00                    7485 	.db #0x00	; 0
    00001CE4 09                    7486 	.db #0x09	; 9
    00001CE5 C8                    7487 	.db #0xc8	; 200
    00001CE6 00                    7488 	.db #0x00	; 0
    00001CE7 72                    7489 	.db #0x72	; 114	'r'
    00001CE8 00                    7490 	.db #0x00	; 0
    00001CE9 05                    7491 	.db #0x05	; 5
    00001CEA 40                    7492 	.db #0x40	; 64
    00001CEB 28                    7493 	.db #0x28	; 40
    00001CEC 00                    7494 	.db #0x00	; 0
    00001CED 02                    7495 	.db #0x02	; 2
    00001CEE E4                    7496 	.db #0xe4	; 228
    00001CEF 00                    7497 	.db #0x00	; 0
    00001CF0 00                    7498 	.db #0x00	; 0
    00001CF1 00                    7499 	.db #0x00	; 0
    00001CF2 00                    7500 	.db #0x00	; 0
    00001CF3 15                    7501 	.db #0x15	; 21
    00001CF4 40                    7502 	.db #0x40	; 64
    00001CF5 00                    7503 	.db #0x00	; 0
    00001CF6 20                    7504 	.db #0x20	; 32
    00001CF7 02                    7505 	.db #0x02	; 2
    00001CF8 01                    7506 	.db #0x01	; 1
    00001CF9 0E                    7507 	.db #0x0e	; 14
    00001CFA 47                    7508 	.db #0x47	; 71	'G'
    00001CFB 22                    7509 	.db #0x22	; 34
    00001CFC 82                    7510 	.db #0x82	; 130
    00001CFD AA                    7511 	.db #0xaa	; 170
    00001CFE A8                    7512 	.db #0xa8	; 168
    00001CFF 0A                    7513 	.db #0x0a	; 10
    00001D00 A1                    7514 	.db #0xa1	; 161
    00001D01 00                    7515 	.db #0x00	; 0
    00001D02 15                    7516 	.db #0x15	; 21
    00001D03 0A                    7517 	.db #0x0a	; 10
    00001D04 80                    7518 	.db #0x80	; 128
    00001D05 05                    7519 	.db #0x05	; 5
    00001D06 0A                    7520 	.db #0x0a	; 10
    00001D07 02                    7521 	.db #0x02	; 2
    00001D08 82                    7522 	.db #0x82	; 130
    00001D09 A8                    7523 	.db #0xa8	; 168
    00001D0A 20                    7524 	.db #0x20	; 32
    00001D0B 01                    7525 	.db #0x01	; 1
    00001D0C 42                    7526 	.db #0x42	; 66	'B'
    00001D0D 80                    7527 	.db #0x80	; 128
    00001D0E 00                    7528 	.db #0x00	; 0
    00001D0F 28                    7529 	.db #0x28	; 40
    00001D10 02                    7530 	.db #0x02	; 2
    00001D11 8A                    7531 	.db #0x8a	; 138
    00001D12 A0                    7532 	.db #0xa0	; 160
    00001D13 47                    7533 	.db #0x47	; 71	'G'
    00001D14 20                    7534 	.db #0x20	; 32
    00001D15 54                    7535 	.db #0x54	; 84	'T'
    00001D16 14                    7536 	.db #0x14	; 20
    00001D17 0A                    7537 	.db #0x0a	; 10
    00001D18 02                    7538 	.db #0x02	; 2
    00001D19 53                    7539 	.db #0x53	; 83	'S'
    00001D1A 77                    7540 	.db #0x77	; 119	'w'
    00001D1B 2E                    7541 	.db #0x2e	; 46
    00001D1C 45                    7542 	.db #0x45	; 69	'E'
    00001D1D 55                    7543 	.db #0x55	; 85	'U'
    00001D1E 40                    7544 	.db #0x40	; 64
    00001D1F 4E                    7545 	.db #0x4e	; 78	'N'
    00001D20 40                    7546 	.db #0x40	; 64
    00001D21 50                    7547 	.db #0x50	; 80	'P'
    00001D22 2A                    7548 	.db #0x2a	; 42
    00001D23 0A                    7549 	.db #0x0a	; 10
    00001D24 00                    7550 	.db #0x00	; 0
    00001D25 81                    7551 	.db #0x81	; 129
    00001D26 C8                    7552 	.db #0xc8	; 200
    00001D27 15                    7553 	.db #0x15	; 21
    00001D28 40                    7554 	.db #0x40	; 64
    00001D29 2E                    7555 	.db #0x2e	; 46
    00001D2A 42                    7556 	.db #0x42	; 66	'B'
    00001D2B 14                    7557 	.db #0x14	; 20
    00001D2C A1                    7558 	.db #0xa1	; 161
    00001D2D 45                    7559 	.db #0x45	; 69	'E'
    00001D2E 50                    7560 	.db #0x50	; 80	'P'
    00001D2F 04                    7561 	.db #0x04	; 4
    00001D30 1C                    7562 	.db #0x1c	; 28
    00001D31 B9                    7563 	.db #0xb9	; 185
    00001D32 05                    7564 	.db #0x05	; 5
    00001D33 50                    7565 	.db #0x50	; 80	'P'
    00001D34 08                    7566 	.db #0x08	; 8
    00001D35 14                    7567 	.db #0x14	; 20
    00001D36 52                    7568 	.db #0x52	; 82	'R'
    00001D37 8A                    7569 	.db #0x8a	; 138
    00001D38 8A                    7570 	.db #0x8a	; 138
    00001D39 00                    7571 	.db #0x00	; 0
    00001D3A 28                    7572 	.db #0x28	; 40
    00001D3B 01                    7573 	.db #0x01	; 1
    00001D3C 55                    7574 	.db #0x55	; 85	'U'
    00001D3D 50                    7575 	.db #0x50	; 80	'P'
    00001D3E 10                    7576 	.db #0x10	; 16
    00001D3F 14                    7577 	.db #0x14	; 20
    00001D40 45                    7578 	.db #0x45	; 69	'E'
    00001D41 28                    7579 	.db #0x28	; 40
    00001D42 50                    7580 	.db #0x50	; 80	'P'
    00001D43 00                    7581 	.db #0x00	; 0
    00001D44 A0                    7582 	.db #0xa0	; 160
    00001D45 0A                    7583 	.db #0x0a	; 10
    00001D46 2A                    7584 	.db #0x2a	; 42
    00001D47 81                    7585 	.db #0x81	; 129
    00001D48 00                    7586 	.db #0x00	; 0
    00001D49 A4                    7587 	.db #0xa4	; 164
    00001D4A 52                    7588 	.db #0x52	; 82	'R'
    00001D4B 08                    7589 	.db #0x08	; 8
    00001D4C 00                    7590 	.db #0x00	; 0
    00001D4D 15                    7591 	.db #0x15	; 21
    00001D4E 55                    7592 	.db #0x55	; 85	'U'
    00001D4F 54                    7593 	.db #0x54	; 84	'T'
    00001D50 15                    7594 	.db #0x15	; 21
    00001D51 41                    7595 	.db #0x41	; 65	'A'
    00001D52 00                    7596 	.db #0x00	; 0
    00001D53 54                    7597 	.db #0x54	; 84	'T'
    00001D54 57                    7598 	.db #0x57	; 87	'W'
    00001D55 90                    7599 	.db #0x90	; 144
    00001D56 A0                    7600 	.db #0xa0	; 160
    00001D57 00                    7601 	.db #0x00	; 0
    00001D58 0A                    7602 	.db #0x0a	; 10
    00001D59 A0                    7603 	.db #0xa0	; 160
    00001D5A 0A                    7604 	.db #0x0a	; 10
    00001D5B A1                    7605 	.db #0xa1	; 161
    00001D5C 1C                    7606 	.db #0x1c	; 28
    00001D5D 81                    7607 	.db #0x81	; 129
    00001D5E 4D                    7608 	.db #0x4d	; 77	'M'
    00001D5F 2A                    7609 	.db #0x2a	; 42
    00001D60 85                    7610 	.db #0x85	; 133
    00001D61 54                    7611 	.db #0x54	; 84	'T'
    00001D62 00                    7612 	.db #0x00	; 0
    00001D63 05                    7613 	.db #0x05	; 5
    00001D64 50                    7614 	.db #0x50	; 80	'P'
    00001D65 00                    7615 	.db #0x00	; 0
    00001D66 13                    7616 	.db #0x13	; 19
    00001D67 90                    7617 	.db #0x90	; 144
    00001D68 15                    7618 	.db #0x15	; 21
    00001D69 55                    7619 	.db #0x55	; 85	'U'
    00001D6A 0A                    7620 	.db #0x0a	; 10
    00001D6B AF                    7621 	.db #0xaf	; 175
    00001D6C 28                    7622 	.db #0x28	; 40
    00001D6D 00                    7623 	.db #0x00	; 0
    00001D6E 00                    7624 	.db #0x00	; 0
    00001D6F 00                    7625 	.db #0x00	; 0
    00001D70 05                    7626 	.db #0x05	; 5
    00001D71 C8                    7627 	.db #0xc8	; 200
    00001D72 01                    7628 	.db #0x01	; 1
    00001D73 55                    7629 	.db #0x55	; 85	'U'
    00001D74 0A                    7630 	.db #0x0a	; 10
    00001D75 A0                    7631 	.db #0xa0	; 160
    00001D76 00                    7632 	.db #0x00	; 0
    00001D77 00                    7633 	.db #0x00	; 0
    00001D78 00                    7634 	.db #0x00	; 0
    00001D79 06                    7635 	.db #0x06	; 6
    00001D7A F6                    7636 	.db #0xf6	; 246
    00001D7B E0                    7637 	.db #0xe0	; 224
    00001D7C 02                    7638 	.db #0x02	; 2
    00001D7D A8                    7639 	.db #0xa8	; 168
    00001D7E A8                    7640 	.db #0xa8	; 168
    00001D7F 00                    7641 	.db #0x00	; 0
    00001D80 00                    7642 	.db #0x00	; 0
    00001D81 10                    7643 	.db #0x10	; 16
    00001D82 20                    7644 	.db #0x20	; 32
    00001D83 0D                    7645 	.db #0x0d	; 13
    00001D84 C0                    7646 	.db #0xc0	; 192
    00001D85 01                    7647 	.db #0x01	; 1
    00001D86 55                    7648 	.db #0x55	; 85	'U'
    00001D87 50                    7649 	.db #0x50	; 80	'P'
    00001D88 00                    7650 	.db #0x00	; 0
    00001D89 00                    7651 	.db #0x00	; 0
    00001D8A 08                    7652 	.db #0x08	; 8
    00001D8B 40                    7653 	.db #0x40	; 64
    00001D8C 0D                    7654 	.db #0x0d	; 13
    00001D8D C0                    7655 	.db #0xc0	; 192
    00001D8E 01                    7656 	.db #0x01	; 1
    00001D8F 55                    7657 	.db #0x55	; 85	'U'
    00001D90 50                    7658 	.db #0x50	; 80	'P'
    00001D91 00                    7659 	.db #0x00	; 0
    00001D92 1D                    7660 	.db #0x1d	; 29
    00001D93 03                    7661 	.db #0x03	; 3
    00001D94 A1                    7662 	.db #0xa1	; 161
    00001D95 20                    7663 	.db #0x20	; 32
    00001D96 03                    7664 	.db #0x03	; 3
    00001D97 70                    7665 	.db #0x70	; 112	'p'
    00001D98 2E                    7666 	.db #0x2e	; 46
    00001D99 EB                    7667 	.db #0xeb	; 235
    00001D9A B0                    7668 	.db #0xb0	; 176
    00001D9B AA                    7669 	.db #0xaa	; 170
    00001D9C 00                    7670 	.db #0x00	; 0
    00001D9D 04                    7671 	.db #0x04	; 4
    00001D9E 00                    7672 	.db #0x00	; 0
    00001D9F AA                    7673 	.db #0xaa	; 170
    00001DA0 A8                    7674 	.db #0xa8	; 168
    00001DA1 01                    7675 	.db #0x01	; 1
    00001DA2 B8                    7676 	.db #0xb8	; 184
    00001DA3 3B                    7677 	.db #0x3b	; 59
    00001DA4 B6                    7678 	.db #0xb6	; 182
    00001DA5 DA                    7679 	.db #0xda	; 218
    00001DA6 05                    7680 	.db #0x05	; 5
    00001DA7 40                    7681 	.db #0x40	; 64
    00001DA8 02                    7682 	.db #0x02	; 2
    00001DA9 48                    7683 	.db #0x48	; 72	'H'
    00001DAA 08                    7684 	.db #0x08	; 8
    00001DAB DD                    7685 	.db #0xdd	; 221
    00001DAC B9                    7686 	.db #0xb9	; 185
    00001DAD 03                    7687 	.db #0x03	; 3
    00001DAE 73                    7688 	.db #0x73	; 115	's'
    00001DAF 70                    7689 	.db #0x70	; 112	'p'
    00001DB0 5D                    7690 	.db #0x5d	; 93
    00001DB1 D7                    7691 	.db #0xd7	; 215
    00001DB2 60                    7692 	.db #0x60	; 96
    00001DB3 A8                    7693 	.db #0xa8	; 168
    00001DB4 00                    7694 	.db #0x00	; 0
    00001DB5 2E                    7695 	.db #0x2e	; 46
    00001DB6 A0                    7696 	.db #0xa0	; 160
    00001DB7 12                    7697 	.db #0x12	; 18
    00001DB8 94                    7698 	.db #0x94	; 148
    00001DB9 80                    7699 	.db #0x80	; 128
    00001DBA DF                    7700 	.db #0xdf	; 223
    00001DBB 70                    7701 	.db #0x70	; 112	'p'
    00001DBC 00                    7702 	.db #0x00	; 0
    00001DBD 15                    7703 	.db #0x15	; 21
    00001DBE 50                    7704 	.db #0x50	; 80	'P'
    00001DBF 02                    7705 	.db #0x02	; 2
    00001DC0 BA                    7706 	.db #0xba	; 186
    00001DC1 EB                    7707 	.db #0xeb	; 235
    00001DC2 AA                    7708 	.db #0xaa	; 170
    00001DC3 0A                    7709 	.db #0x0a	; 10
    00001DC4 A1                    7710 	.db #0xa1	; 161
    00001DC5 54                    7711 	.db #0x54	; 84	'T'
    00001DC6 00                    7712 	.db #0x00	; 0
    00001DC7 0D                    7713 	.db #0x0d	; 13
    00001DC8 F7                    7714 	.db #0xf7	; 247
    00001DC9 DF                    7715 	.db #0xdf	; 223
    00001DCA 7D                    7716 	.db #0x7d	; 125
    00001DCB C5                    7717 	.db #0xc5	; 197
    00001DCC 55                    7718 	.db #0x55	; 85	'U'
    00001DCD 40                    7719 	.db #0x40	; 64
    00001DCE 0A                    7720 	.db #0x0a	; 10
    00001DCF EA                    7721 	.db #0xea	; 234
    00001DD0 80                    7722 	.db #0x80	; 128
    00001DD1 94                    7723 	.db #0x94	; 148
    00001DD2 A4                    7724 	.db #0xa4	; 164
    00001DD3 00                    7725 	.db #0x00	; 0
    00001DD4 CC                    7726 	.db #0xcc	; 204
    00001DD5 37                    7727 	.db #0x37	; 55	'7'
    00001DD6 DF                    7728 	.db #0xdf	; 223
    00001DD7 7D                    7729 	.db #0x7d	; 125
    00001DD8 F7                    7730 	.db #0xf7	; 247
    00001DD9 2A                    7731 	.db #0x2a	; 42
    00001DDA AA                    7732 	.db #0xaa	; 170
    00001DDB A0                    7733 	.db #0xa0	; 160
    00001DDC 14                    7734 	.db #0x14	; 20
    00001DDD 94                    7735 	.db #0x94	; 148
    00001DDE 12                    7736 	.db #0x12	; 18
    00001DDF 04                    7737 	.db #0x04	; 4
    00001DE0 80                    7738 	.db #0x80	; 128
    00001DE1 00                    7739 	.db #0x00	; 0
    00001DE2                       7740 _dandy_level_19:
    00001DE2 AD                    7741 	.db #0xad	; 173
    00001DE3 AA                    7742 	.db #0xaa	; 170
    00001DE4 AB                    7743 	.db #0xab	; 171
    00001DE5 6D                    7744 	.db #0x6d	; 109	'm'
    00001DE6 AA                    7745 	.db #0xaa	; 170
    00001DE7 F2                    7746 	.db #0xf2	; 242
    00001DE8 A8                    7747 	.db #0xa8	; 168
    00001DE9 00                    7748 	.db #0x00	; 0
    00001DEA 00                    7749 	.db #0x00	; 0
    00001DEB 00                    7750 	.db #0x00	; 0
    00001DEC 00                    7751 	.db #0x00	; 0
    00001DED 00                    7752 	.db #0x00	; 0
    00001DEE 00                    7753 	.db #0x00	; 0
    00001DEF 00                    7754 	.db #0x00	; 0
    00001DF0 00                    7755 	.db #0x00	; 0
    00001DF1 00                    7756 	.db #0x00	; 0
    00001DF2 04                    7757 	.db #0x04	; 4
    00001DF3 F8                    7758 	.db #0xf8	; 248
    00001DF4 09                    7759 	.db #0x09	; 9
    00001DF5 F0                    7760 	.db #0xf0	; 240
    00001DF6 0A                    7761 	.db #0x0a	; 10
    00001DF7 AA                    7762 	.db #0xaa	; 170
    00001DF8 2A                    7763 	.db #0x2a	; 42
    00001DF9 94                    7764 	.db #0x94	; 148
    00001DFA 00                    7765 	.db #0x00	; 0
    00001DFB 00                    7766 	.db #0x00	; 0
    00001DFC 01                    7767 	.db #0x01	; 1
    00001DFD 00                    7768 	.db #0x00	; 0
    00001DFE 40                    7769 	.db #0x40	; 64
    00001DFF 00                    7770 	.db #0x00	; 0
    00001E00 00                    7771 	.db #0x00	; 0
    00001E01 00                    7772 	.db #0x00	; 0
    00001E02 00                    7773 	.db #0x00	; 0
    00001E03 03                    7774 	.db #0x03	; 3
    00001E04 60                    7775 	.db #0x60	; 96
    00001E05 AA                    7776 	.db #0xaa	; 170
    00001E06 AA                    7777 	.db #0xaa	; 170
    00001E07 AA                    7778 	.db #0xaa	; 170
    00001E08 AA                    7779 	.db #0xaa	; 170
    00001E09 8A                    7780 	.db #0x8a	; 138
    00001E0A AA                    7781 	.db #0xaa	; 170
    00001E0B A5                    7782 	.db #0xa5	; 165
    00001E0C 00                    7783 	.db #0x00	; 0
    00001E0D 00                    7784 	.db #0x00	; 0
    00001E0E 00                    7785 	.db #0x00	; 0
    00001E0F 04                    7786 	.db #0x04	; 4
    00001E10 01                    7787 	.db #0x01	; 1
    00001E11 00                    7788 	.db #0x00	; 0
    00001E12 00                    7789 	.db #0x00	; 0
    00001E13 00                    7790 	.db #0x00	; 0
    00001E14 00                    7791 	.db #0x00	; 0
    00001E15 00                    7792 	.db #0x00	; 0
    00001E16 00                    7793 	.db #0x00	; 0
    00001E17 40                    7794 	.db #0x40	; 64
    00001E18 7C                    7795 	.db #0x7c	; 124
    00001E19 80                    7796 	.db #0x80	; 128
    00001E1A F8                    7797 	.db #0xf8	; 248
    00001E1B 55                    7798 	.db #0x55	; 85	'U'
    00001E1C 54                    7799 	.db #0x54	; 84	'T'
    00001E1D 00                    7800 	.db #0x00	; 0
    00001E1E 00                    7801 	.db #0x00	; 0
    00001E1F A8                    7802 	.db #0xa8	; 168
    00001E20 00                    7803 	.db #0x00	; 0
    00001E21 40                    7804 	.db #0x40	; 64
    00001E22 00                    7805 	.db #0x00	; 0
    00001E23 00                    7806 	.db #0x00	; 0
    00001E24 00                    7807 	.db #0x00	; 0
    00001E25 00                    7808 	.db #0x00	; 0
    00001E26 04                    7809 	.db #0x04	; 4
    00001E27 20                    7810 	.db #0x20	; 32
    00001E28 02                    7811 	.db #0x02	; 2
    00001E29 AA                    7812 	.db #0xaa	; 170
    00001E2A AA                    7813 	.db #0xaa	; 170
    00001E2B AA                    7814 	.db #0xaa	; 170
    00001E2C AA                    7815 	.db #0xaa	; 170
    00001E2D 82                    7816 	.db #0x82	; 130
    00001E2E 80                    7817 	.db #0x80	; 128
    00001E2F 00                    7818 	.db #0x00	; 0
    00001E30 04                    7819 	.db #0x04	; 4
    00001E31 CD                    7820 	.db #0xcd	; 205
    00001E32 00                    7821 	.db #0x00	; 0
    00001E33 00                    7822 	.db #0x00	; 0
    00001E34 00                    7823 	.db #0x00	; 0
    00001E35 00                    7824 	.db #0x00	; 0
    00001E36 00                    7825 	.db #0x00	; 0
    00001E37 00                    7826 	.db #0x00	; 0
    00001E38 01                    7827 	.db #0x01	; 1
    00001E39 20                    7828 	.db #0x20	; 32
    00001E3A 00                    7829 	.db #0x00	; 0
    00001E3B 0A                    7830 	.db #0x0a	; 10
    00001E3C A8                    7831 	.db #0xa8	; 168
    00001E3D 00                    7832 	.db #0x00	; 0
    00001E3E 2A                    7833 	.db #0x2a	; 42
    00001E3F AA                    7834 	.db #0xaa	; 170
    00001E40 A1                    7835 	.db #0xa1	; 161
    00001E41 55                    7836 	.db #0x55	; 85	'U'
    00001E42 55                    7837 	.db #0x55	; 85	'U'
    00001E43 52                    7838 	.db #0x52	; 82	'R'
    00001E44 AA                    7839 	.db #0xaa	; 170
    00001E45 AA                    7840 	.db #0xaa	; 170
    00001E46 AA                    7841 	.db #0xaa	; 170
    00001E47 15                    7842 	.db #0x15	; 21
    00001E48 55                    7843 	.db #0x55	; 85	'U'
    00001E49 00                    7844 	.db #0x00	; 0
    00001E4A 05                    7845 	.db #0x05	; 5
    00001E4B 6E                    7846 	.db #0x6e	; 110	'n'
    00001E4C DC                    7847 	.db #0xdc	; 220
    00001E4D 4A                    7848 	.db #0x4a	; 74	'J'
    00001E4E 74                    7849 	.db #0x74	; 116	't'
    00001E4F 00                    7850 	.db #0x00	; 0
    00001E50 00                    7851 	.db #0x00	; 0
    00001E51 3A                    7852 	.db #0x3a	; 58
    00001E52 52                    7853 	.db #0x52	; 82	'R'
    00001E53 AB                    7854 	.db #0xab	; 171
    00001E54 9E                    7855 	.db #0x9e	; 158
    00001E55 6A                    7856 	.db #0x6a	; 106	'j'
    00001E56 00                    7857 	.db #0x00	; 0
    00001E57 05                    7858 	.db #0x05	; 5
    00001E58 1F                    7859 	.db #0x1f	; 31
    00001E59 15                    7860 	.db #0x15	; 21
    00001E5A 55                    7861 	.db #0x55	; 85	'U'
    00001E5B 55                    7862 	.db #0x55	; 85	'U'
    00001E5C 52                    7863 	.db #0x52	; 82	'R'
    00001E5D AA                    7864 	.db #0xaa	; 170
    00001E5E AA                    7865 	.db #0xaa	; 170
    00001E5F AA                    7866 	.db #0xaa	; 170
    00001E60 95                    7867 	.db #0x95	; 149
    00001E61 73                    7868 	.db #0x73	; 115	's'
    00001E62 CF                    7869 	.db #0xcf	; 207
    00001E63 3C                    7870 	.db #0x3c	; 60
    00001E64 D0                    7871 	.db #0xd0	; 208
    00001E65 00                    7872 	.db #0x00	; 0
    00001E66 08                    7873 	.db #0x08	; 8
    00001E67 50                    7874 	.db #0x50	; 80	'P'
    00001E68 00                    7875 	.db #0x00	; 0
    00001E69 00                    7876 	.db #0x00	; 0
    00001E6A 00                    7877 	.db #0x00	; 0
    00001E6B 51                    7878 	.db #0x51	; 81	'Q'
    00001E6C CF                    7879 	.db #0xcf	; 207
    00001E6D 3C                    7880 	.db #0x3c	; 60
    00001E6E D0                    7881 	.db #0xd0	; 208
    00001E6F 00                    7882 	.db #0x00	; 0
    00001E70 04                    7883 	.db #0x04	; 4
    00001E71 40                    7884 	.db #0x40	; 64
    00001E72 00                    7885 	.db #0x00	; 0
    00001E73 00                    7886 	.db #0x00	; 0
    00001E74 AA                    7887 	.db #0xaa	; 170
    00001E75 37                    7888 	.db #0x37	; 55	'7'
    00001E76 21                    7889 	.db #0x21	; 33
    00001E77 CF                    7890 	.db #0xcf	; 207
    00001E78 34                    7891 	.db #0x34	; 52	'4'
    00001E79 00                    7892 	.db #0x00	; 0
    00001E7A 00                    7893 	.db #0x00	; 0
    00001E7B 80                    7894 	.db #0x80	; 128
    00001E7C 00                    7895 	.db #0x00	; 0
    00001E7D 00                    7896 	.db #0x00	; 0
    00001E7E 15                    7897 	.db #0x15	; 21
    00001E7F 37                    7898 	.db #0x37	; 55	'7'
    00001E80 26                    7899 	.db #0x26	; 38
    00001E81 FB                    7900 	.db #0xfb	; 251
    00001E82 B9                    7901 	.db #0xb9	; 185
    00001E83 A0                    7902 	.db #0xa0	; 160
    00001E84 00                    7903 	.db #0x00	; 0
    00001E85 02                    7904 	.db #0x02	; 2
    00001E86 80                    7905 	.db #0x80	; 128
    00001E87 02                    7906 	.db #0x02	; 2
    00001E88 48                    7907 	.db #0x48	; 72	'H'
    00001E89 05                    7908 	.db #0x05	; 5
    00001E8A 04                    7909 	.db #0x04	; 4
    00001E8B 0A                    7910 	.db #0x0a	; 10
    00001E8C 00                    7911 	.db #0x00	; 0
    00001E8D 00                    7912 	.db #0x00	; 0
    00001E8E 14                    7913 	.db #0x14	; 20
    00001E8F 00                    7914 	.db #0x00	; 0
    00001E90 00                    7915 	.db #0x00	; 0
    00001E91 01                    7916 	.db #0x01	; 1
    00001E92 42                    7917 	.db #0x42	; 66	'B'
    00001E93 0A                    7918 	.db #0x0a	; 10
    00001E94 80                    7919 	.db #0x80	; 128
    00001E95 20                    7920 	.db #0x20	; 32
    00001E96 21                    7921 	.db #0x21	; 33
    00001E97 42                    7922 	.db #0x42	; 66	'B'
    00001E98 80                    7923 	.db #0x80	; 128
    00001E99 9F                    7924 	.db #0x9f	; 159
    00001E9A 20                    7925 	.db #0x20	; 32
    00001E9B 04                    7926 	.db #0x04	; 4
    00001E9C 20                    7927 	.db #0x20	; 32
    00001E9D A1                    7928 	.db #0xa1	; 161
    00001E9E B8                    7929 	.db #0xb8	; 184
    00001E9F 2D                    7930 	.db #0x2d	; 45
    00001EA0 F7                    7931 	.db #0xf7	; 247
    00001EA1 DF                    7932 	.db #0xdf	; 223
    00001EA2 7D                    7933 	.db #0x7d	; 125
    00001EA3 F7                    7934 	.db #0xf7	; 247
    00001EA4 A8                    7935 	.db #0xa8	; 168
    00001EA5 85                    7936 	.db #0x85	; 133
    00001EA6 00                    7937 	.db #0x00	; 0
    00001EA7 00                    7938 	.db #0x00	; 0
    00001EA8 04                    7939 	.db #0x04	; 4
    00001EA9 05                    7940 	.db #0x05	; 5
    00001EAA 43                    7941 	.db #0x43	; 67	'C'
    00001EAB 7D                    7942 	.db #0x7d	; 125
    00001EAC F7                    7943 	.db #0xf7	; 247
    00001EAD 0B                    7944 	.db #0x0b	; 11
    00001EAE 7D                    7945 	.db #0x7d	; 125
    00001EAF F7                    7946 	.db #0xf7	; 247
    00001EB0 DF                    7947 	.db #0xdf	; 223
    00001EB1 7D                    7948 	.db #0x7d	; 125
    00001EB2 E4                    7949 	.db #0xe4	; 228
    00001EB3 50                    7950 	.db #0x50	; 80	'P'
    00001EB4 A0                    7951 	.db #0xa0	; 160
    00001EB5 49                    7952 	.db #0x49	; 73	'I'
    00001EB6 00                    7953 	.db #0x00	; 0
    00001EB7 05                    7954 	.db #0x05	; 5
    00001EB8 55                    7955 	.db #0x55	; 85	'U'
    00001EB9 03                    7956 	.db #0x03	; 3
    00001EBA 70                    7957 	.db #0x70	; 112	'p'
    00001EBB 5B                    7958 	.db #0x5b	; 91
    00001EBC EF                    7959 	.db #0xef	; 239
    00001EBD BE                    7960 	.db #0xbe	; 190
    00001EBE FB                    7961 	.db #0xfb	; 251
    00001EBF EF                    7962 	.db #0xef	; 239
    00001EC0 50                    7963 	.db #0x50	; 80	'P'
    00001EC1 82                    7964 	.db #0x82	; 130
    00001EC2 A8                    7965 	.db #0xa8	; 168
    00001EC3 00                    7966 	.db #0x00	; 0
    00001EC4 00                    7967 	.db #0x00	; 0
    00001EC5 55                    7968 	.db #0x55	; 85	'U'
    00001EC6 40                    7969 	.db #0x40	; 64
    00001EC7 01                    7970 	.db #0x01	; 1
    00001EC8 01                    7971 	.db #0x01	; 1
    00001EC9 02                    7972 	.db #0x02	; 2
    00001ECA 80                    7973 	.db #0x80	; 128
    00001ECB 00                    7974 	.db #0x00	; 0
    00001ECC 00                    7975 	.db #0x00	; 0
    00001ECD 15                    7976 	.db #0x15	; 21
    00001ECE B8                    7977 	.db #0xb8	; 184
    00001ECF 00                    7978 	.db #0x00	; 0
    00001ED0 08                    7979 	.db #0x08	; 8
    00001ED1 08                    7980 	.db #0x08	; 8
    00001ED2 F8                    7981 	.db #0xf8	; 248
    00001ED3 54                    7982 	.db #0x54	; 84	'T'
    00001ED4 00                    7983 	.db #0x00	; 0
    00001ED5 00                    7984 	.db #0x00	; 0
    00001ED6 0A                    7985 	.db #0x0a	; 10
    00001ED7 B7                    7986 	.db #0xb7	; 183
    00001ED8 DC                    7987 	.db #0xdc	; 220
    00001ED9 00                    7988 	.db #0x00	; 0
    00001EDA 04                    7989 	.db #0x04	; 4
    00001EDB 04                    7990 	.db #0x04	; 4
    00001EDC 0A                    7991 	.db #0x0a	; 10
    00001EDD E6                    7992 	.db #0xe6	; 230
    00001EDE A0                    7993 	.db #0xa0	; 160
    00001EDF 00                    7994 	.db #0x00	; 0
    00001EE0 01                    7995 	.db #0x01	; 1
    00001EE1 6F                    7996 	.db #0x6f	; 111	'o'
    00001EE2 5B                    7997 	.db #0x5b	; 91
    00001EE3 81                    7998 	.db #0x81	; 129
    00001EE4 5D                    7999 	.db #0x5d	; 93
    00001EE5 75                    8000 	.db #0x75	; 117	'u'
    00001EE6 42                    8001 	.db #0x42	; 66	'B'
    00001EE7 7D                    8002 	.db #0x7d	; 125
    00001EE8 E7                    8003 	.db #0xe7	; 231
    00001EE9 9F                    8004 	.db #0x9f	; 159
    00001EEA 20                    8005 	.db #0x20	; 32
    00001EEB AE                    8006 	.db #0xae	; 174
    00001EEC 79                    8007 	.db #0x79	; 121	'y'
    00001EED E7                    8008 	.db #0xe7	; 231
    00001EEE 9A                    8009 	.db #0x9a	; 154
    00001EEF A0                    8010 	.db #0xa0	; 160
    00001EF0 01                    8011 	.db #0x01	; 1
    00001EF1 54                    8012 	.db #0x54	; 84	'T'
    00001EF2 37                    8013 	.db #0x37	; 55	'7'
    00001EF3 A0                    8014 	.db #0xa0	; 160
    00001EF4 2E                    8015 	.db #0x2e	; 46
    00001EF5 8E                    8016 	.db #0x8e	; 142
    00001EF6 A1                    8017 	.db #0xa1	; 161
    00001EF7 01                    8018 	.db #0x01	; 1
    00001EF8 0A                    8019 	.db #0x0a	; 10
    00001EF9 AE                    8020 	.db #0xae	; 174
    00001EFA 79                    8021 	.db #0x79	; 121	'y'
    00001EFB E4                    8022 	.db #0xe4	; 228
    00001EFC AA                    8023 	.db #0xaa	; 170
    00001EFD AA                    8024 	.db #0xaa	; 170
    00001EFE AA                    8025 	.db #0xaa	; 170
    00001EFF A8                    8026 	.db #0xa8	; 168
    00001F00 15                    8027 	.db #0x15	; 21
    00001F01 40                    8028 	.db #0x40	; 64
    00001F02 AE                    8029 	.db #0xae	; 174
    00001F03 BA                    8030 	.db #0xba	; 186
    00001F04 A6                    8031 	.db #0xa6	; 166
    00001F05 8A                    8032 	.db #0x8a	; 138
    00001F06 AA                    8033 	.db #0xaa	; 170
    00001F07 A0                    8034 	.db #0xa0	; 160
    00001F08 AE                    8035 	.db #0xae	; 174
    00001F09 79                    8036 	.db #0x79	; 121	'y'
    00001F0A E7                    8037 	.db #0xe7	; 231
    00001F0B 90                    8038 	.db #0x90	; 144
    00001F0C 00                    8039 	.db #0x00	; 0
    00001F0D 00                    8040 	.db #0x00	; 0
    00001F0E 39                    8041 	.db #0x39	; 57	'9'
    00001F0F A0                    8042 	.db #0xa0	; 160
    00001F10 00                    8043 	.db #0x00	; 0
    00001F11 00                    8044 	.db #0x00	; 0
    00001F12                       8045 _dandy_level_20:
    00001F12 D5                    8046 	.db #0xd5	; 213
    00001F13 BE                    8047 	.db #0xbe	; 190
    00001F14 FB                    8048 	.db #0xfb	; 251
    00001F15 EF                    8049 	.db #0xef	; 239
    00001F16 BB                    8050 	.db #0xbb	; 187
    00001F17 7D                    8051 	.db #0x7d	; 125
    00001F18 F7                    8052 	.db #0xf7	; 247
    00001F19 DF                    8053 	.db #0xdf	; 223
    00001F1A 76                    8054 	.db #0x76	; 118	'v'
    00001F1B FB                    8055 	.db #0xfb	; 251
    00001F1C EF                    8056 	.db #0xef	; 239
    00001F1D BE                    8057 	.db #0xbe	; 190
    00001F1E ED                    8058 	.db #0xed	; 237
    00001F1F E1                    8059 	.db #0xe1	; 225
    00001F20 55                    8060 	.db #0x55	; 85	'U'
    00001F21 55                    8061 	.db #0x55	; 85	'U'
    00001F22 55                    8062 	.db #0x55	; 85	'U'
    00001F23 55                    8063 	.db #0x55	; 85	'U'
    00001F24 55                    8064 	.db #0x55	; 85	'U'
    00001F25 55                    8065 	.db #0x55	; 85	'U'
    00001F26 55                    8066 	.db #0x55	; 85	'U'
    00001F27 55                    8067 	.db #0x55	; 85	'U'
    00001F28 3D                    8068 	.db #0x3d	; 61
    00001F29 6F                    8069 	.db #0x6f	; 111	'o'
    00001F2A BE                    8070 	.db #0xbe	; 190
    00001F2B EF                    8071 	.db #0xef	; 239
    00001F2C 5B                    8072 	.db #0x5b	; 91
    00001F2D EF                    8073 	.db #0xef	; 239
    00001F2E BB                    8074 	.db #0xbb	; 187
    00001F2F D6                    8075 	.db #0xd6	; 214
    00001F30 FB                    8076 	.db #0xfb	; 251
    00001F31 EE                    8077 	.db #0xee	; 238
    00001F32 F5                    8078 	.db #0xf5	; 245
    00001F33 33                    8079 	.db #0x33	; 51	'3'
    00001F34 55                    8080 	.db #0x55	; 85	'U'
    00001F35 55                    8081 	.db #0x55	; 85	'U'
    00001F36 55                    8082 	.db #0x55	; 85	'U'
    00001F37 55                    8083 	.db #0x55	; 85	'U'
    00001F38 55                    8084 	.db #0x55	; 85	'U'
    00001F39 55                    8085 	.db #0x55	; 85	'U'
    00001F3A 55                    8086 	.db #0x55	; 85	'U'
    00001F3B 55                    8087 	.db #0x55	; 85	'U'
    00001F3C 5B                    8088 	.db #0x5b	; 91
    00001F3D B7                    8089 	.db #0xb7	; 183
    00001F3E DD                    8090 	.db #0xdd	; 221
    00001F3F BE                    8091 	.db #0xbe	; 190
    00001F40 ED                    8092 	.db #0xed	; 237
    00001F41 F7                    8093 	.db #0xf7	; 247
    00001F42 6F                    8094 	.db #0x6f	; 111	'o'
    00001F43 BB                    8095 	.db #0xbb	; 187
    00001F44 7D                    8096 	.db #0x7d	; 125
    00001F45 DB                    8097 	.db #0xdb	; 219
    00001F46 EE                    8098 	.db #0xee	; 238
    00001F47 DE                    8099 	.db #0xde	; 222
    00001F48 00                    8100 	.db #0x00	; 0
    00001F49 01                    8101 	.db #0x01	; 1
    00001F4A CB                    8102 	.db #0xcb	; 203
    00001F4B 97                    8103 	.db #0x97	; 151
    00001F4C 20                    8104 	.db #0x20	; 32
    00001F4D 00                    8105 	.db #0x00	; 0
    00001F4E 1B                    8106 	.db #0x1b	; 27
    00001F4F EF                    8107 	.db #0xef	; 239
    00001F50 BB                    8108 	.db #0xbb	; 187
    00001F51 D6                    8109 	.db #0xd6	; 214
    00001F52 FB                    8110 	.db #0xfb	; 251
    00001F53 EE                    8111 	.db #0xee	; 238
    00001F54 F5                    8112 	.db #0xf5	; 245
    00001F55 BE                    8113 	.db #0xbe	; 190
    00001F56 FB                    8114 	.db #0xfb	; 251
    00001F57 BD                    8115 	.db #0xbd	; 189
    00001F58 6F                    8116 	.db #0x6f	; 111	'o'
    00001F59 BE                    8117 	.db #0xbe	; 190
    00001F5A F0                    8118 	.db #0xf0	; 240
    00001F5B 00                    8119 	.db #0x00	; 0
    00001F5C 07                    8120 	.db #0x07	; 7
    00001F5D 2E                    8121 	.db #0x2e	; 46
    00001F5E 40                    8122 	.db #0x40	; 64
    00001F5F 00                    8123 	.db #0x00	; 0
    00001F60 1B                    8124 	.db #0x1b	; 27
    00001F61 B7                    8125 	.db #0xb7	; 183
    00001F62 DD                    8126 	.db #0xdd	; 221
    00001F63 BE                    8127 	.db #0xbe	; 190
    00001F64 ED                    8128 	.db #0xed	; 237
    00001F65 F7                    8129 	.db #0xf7	; 247
    00001F66 6F                    8130 	.db #0x6f	; 111	'o'
    00001F67 BB                    8131 	.db #0xbb	; 187
    00001F68 7D                    8132 	.db #0x7d	; 125
    00001F69 DB                    8133 	.db #0xdb	; 219
    00001F6A EE                    8134 	.db #0xee	; 238
    00001F6B DE                    8135 	.db #0xde	; 222
    00001F6C AA                    8136 	.db #0xaa	; 170
    00001F6D AA                    8137 	.db #0xaa	; 170
    00001F6E AA                    8138 	.db #0xaa	; 170
    00001F6F AA                    8139 	.db #0xaa	; 170
    00001F70 AA                    8140 	.db #0xaa	; 170
    00001F71 AC                    8141 	.db #0xac	; 172
    00001F72 AA                    8142 	.db #0xaa	; 170
    00001F73 AA                    8143 	.db #0xaa	; 170
    00001F74 AA                    8144 	.db #0xaa	; 170
    00001F75 E7                    8145 	.db #0xe7	; 231
    00001F76 97                    8146 	.db #0x97	; 151
    00001F77 AD                    8147 	.db #0xad	; 173
    00001F78 F7                    8148 	.db #0xf7	; 247
    00001F79 DD                    8149 	.db #0xdd	; 221
    00001F7A EB                    8150 	.db #0xeb	; 235
    00001F7B 7D                    8151 	.db #0x7d	; 125
    00001F7C F7                    8152 	.db #0xf7	; 247
    00001F7D 7A                    8153 	.db #0x7a	; 122	'z'
    00001F7E DF                    8154 	.db #0xdf	; 223
    00001F7F 7D                    8155 	.db #0x7d	; 125
    00001F80 DE                    8156 	.db #0xde	; 222
    00001F81 AA                    8157 	.db #0xaa	; 170
    00001F82 AA                    8158 	.db #0xaa	; 170
    00001F83 AA                    8159 	.db #0xaa	; 170
    00001F84 AA                    8160 	.db #0xaa	; 170
    00001F85 AA                    8161 	.db #0xaa	; 170
    00001F86 AA                    8162 	.db #0xaa	; 170
    00001F87 CA                    8163 	.db #0xca	; 202
    00001F88 AA                    8164 	.db #0xaa	; 170
    00001F89 AA                    8165 	.db #0xaa	; 170
    00001F8A AE                    8166 	.db #0xae	; 174
    00001F8B 79                    8167 	.db #0x79	; 121	'y'
    00001F8C DD                    8168 	.db #0xdd	; 221
    00001F8D BE                    8169 	.db #0xbe	; 190
    00001F8E ED                    8170 	.db #0xed	; 237
    00001F8F F7                    8171 	.db #0xf7	; 247
    00001F90 6F                    8172 	.db #0x6f	; 111	'o'
    00001F91 BB                    8173 	.db #0xbb	; 187
    00001F92 7D                    8174 	.db #0x7d	; 125
    00001F93 DB                    8175 	.db #0xdb	; 219
    00001F94 EE                    8176 	.db #0xee	; 238
    00001F95 DF                    8177 	.db #0xdf	; 223
    00001F96 76                    8178 	.db #0x76	; 118	'v'
    00001F97 F7                    8179 	.db #0xf7	; 247
    00001F98 40                    8180 	.db #0x40	; 64
    00001F99 00                    8181 	.db #0x00	; 0
    00001F9A 00                    8182 	.db #0x00	; 0
    00001F9B 00                    8183 	.db #0x00	; 0
    00001F9C 0E                    8184 	.db #0x0e	; 14
    00001F9D 79                    8185 	.db #0x79	; 121	'y'
    00001F9E DF                    8186 	.db #0xdf	; 223
    00001F9F 7D                    8187 	.db #0x7d	; 125
    00001FA0 DE                    8188 	.db #0xde	; 222
    00001FA1 B7                    8189 	.db #0xb7	; 183
    00001FA2 DF                    8190 	.db #0xdf	; 223
    00001FA3 77                    8191 	.db #0x77	; 119	'w'
    00001FA4 AD                    8192 	.db #0xad	; 173
    00001FA5 F7                    8193 	.db #0xf7	; 247
    00001FA6 DD                    8194 	.db #0xdd	; 221
    00001FA7 EB                    8195 	.db #0xeb	; 235
    00001FA8 7D                    8196 	.db #0x7d	; 125
    00001FA9 F7                    8197 	.db #0xf7	; 247
    00001FAA 9D                    8198 	.db #0x9d	; 157
    00001FAB 00                    8199 	.db #0x00	; 0
    00001FAC 00                    8200 	.db #0x00	; 0
    00001FAD 00                    8201 	.db #0x00	; 0
    00001FAE 00                    8202 	.db #0x00	; 0
    00001FAF 73                    8203 	.db #0x73	; 115	's'
    00001FB0 CE                    8204 	.db #0xce	; 206
    00001FB1 ED                    8205 	.db #0xed	; 237
    00001FB2 F7                    8206 	.db #0xf7	; 247
    00001FB3 6F                    8207 	.db #0x6f	; 111	'o'
    00001FB4 BB                    8208 	.db #0xbb	; 187
    00001FB5 7D                    8209 	.db #0x7d	; 125
    00001FB6 DB                    8210 	.db #0xdb	; 219
    00001FB7 EE                    8211 	.db #0xee	; 238
    00001FB8 DF                    8212 	.db #0xdf	; 223
    00001FB9 76                    8213 	.db #0x76	; 118	'v'
    00001FBA FB                    8214 	.db #0xfb	; 251
    00001FBB B7                    8215 	.db #0xb7	; 183
    00001FBC BA                    8216 	.db #0xba	; 186
    00001FBD 55                    8217 	.db #0x55	; 85	'U'
    00001FBE 55                    8218 	.db #0x55	; 85	'U'
    00001FBF 55                    8219 	.db #0x55	; 85	'U'
    00001FC0 55                    8220 	.db #0x55	; 85	'U'
    00001FC1 55                    8221 	.db #0x55	; 85	'U'
    00001FC2 65                    8222 	.db #0x65	; 101	'e'
    00001FC3 55                    8223 	.db #0x55	; 85	'U'
    00001FC4 55                    8224 	.db #0x55	; 85	'U'
    00001FC5 55                    8225 	.db #0x55	; 85	'U'
    00001FC6 3D                    8226 	.db #0x3d	; 61
    00001FC7 6F                    8227 	.db #0x6f	; 111	'o'
    00001FC8 BE                    8228 	.db #0xbe	; 190
    00001FC9 EF                    8229 	.db #0xef	; 239
    00001FCA 5B                    8230 	.db #0x5b	; 91
    00001FCB EF                    8231 	.db #0xef	; 239
    00001FCC BB                    8232 	.db #0xbb	; 187
    00001FCD D6                    8233 	.db #0xd6	; 214
    00001FCE FB                    8234 	.db #0xfb	; 251
    00001FCF EE                    8235 	.db #0xee	; 238
    00001FD0 F5                    8236 	.db #0xf5	; 245
    00001FD1 3A                    8237 	.db #0x3a	; 58
    00001FD2 AA                    8238 	.db #0xaa	; 170
    00001FD3 AA                    8239 	.db #0xaa	; 170
    00001FD4 AA                    8240 	.db #0xaa	; 170
    00001FD5 AA                    8241 	.db #0xaa	; 170
    00001FD6 AA                    8242 	.db #0xaa	; 170
    00001FD7 CB                    8243 	.db #0xcb	; 203
    00001FD8 5A                    8244 	.db #0x5a	; 90	'Z'
    00001FD9 AA                    8245 	.db #0xaa	; 170
    00001FDA AA                    8246 	.db #0xaa	; 170
    00001FDB AD                    8247 	.db #0xad	; 173
    00001FDC DB                    8248 	.db #0xdb	; 219
    00001FDD EF                    8249 	.db #0xef	; 239
    00001FDE BE                    8250 	.db #0xbe	; 190
    00001FDF FB                    8251 	.db #0xfb	; 251
    00001FE0 B7                    8252 	.db #0xb7	; 183
    00001FE1 DF                    8253 	.db #0xdf	; 223
    00001FE2 7D                    8254 	.db #0x7d	; 125
    00001FE3 F7                    8255 	.db #0xf7	; 247
    00001FE4 6F                    8256 	.db #0x6f	; 111	'o'
    00001FE5 BE                    8257 	.db #0xbe	; 190
    00001FE6 FB                    8258 	.db #0xfb	; 251
    00001FE7 EE                    8259 	.db #0xee	; 238
    00001FE8 DF                    8260 	.db #0xdf	; 223
    00001FE9 7E                    8261 	.db #0x7e	; 126
    00001FEA 80                    8262 	.db #0x80	; 128
    00001FEB 00                    8263 	.db #0x00	; 0
    00001FEC 05                    8264 	.db #0x05	; 5
    00001FED 65                    8265 	.db #0x65	; 101	'e'
    00001FEE 40                    8266 	.db #0x40	; 64
    00001FEF 07                    8267 	.db #0x07	; 7
    00001FF0 55                    8268 	.db #0x55	; 85	'U'
    00001FF1 55                    8269 	.db #0x55	; 85	'U'
    00001FF2 55                    8270 	.db #0x55	; 85	'U'
    00001FF3 55                    8271 	.db #0x55	; 85	'U'
    00001FF4 55                    8272 	.db #0x55	; 85	'U'
    00001FF5 54                    8273 	.db #0x54	; 84	'T'
    00001FF6 E8                    8274 	.db #0xe8	; 232
    00001FF7 00                    8275 	.db #0x00	; 0
    00001FF8 00                    8276 	.db #0x00	; 0
    00001FF9 00                    8277 	.db #0x00	; 0
    00001FFA 03                    8278 	.db #0x03	; 3
    00001FFB A5                    8279 	.db #0xa5	; 165
    00001FFC 55                    8280 	.db #0x55	; 85	'U'
    00001FFD 55                    8281 	.db #0x55	; 85	'U'
    00001FFE 55                    8282 	.db #0x55	; 85	'U'
    00001FFF 55                    8283 	.db #0x55	; 85	'U'
    00002000 55                    8284 	.db #0x55	; 85	'U'
    00002001 55                    8285 	.db #0x55	; 85	'U'
    00002002 55                    8286 	.db #0x55	; 85	'U'
    00002003 55                    8287 	.db #0x55	; 85	'U'
    00002004 55                    8288 	.db #0x55	; 85	'U'
    00002005 55                    8289 	.db #0x55	; 85	'U'
    00002006 56                    8290 	.db #0x56	; 86	'V'
    00002007 55                    8291 	.db #0x55	; 85	'U'
    00002008 55                    8292 	.db #0x55	; 85	'U'
    00002009 55                    8293 	.db #0x55	; 85	'U'
    0000200A 3A                    8294 	.db #0x3a	; 58
    0000200B AA                    8295 	.db #0xaa	; 170
    0000200C AA                    8296 	.db #0xaa	; 170
    0000200D AA                    8297 	.db #0xaa	; 170
    0000200E AA                    8298 	.db #0xaa	; 170
    0000200F AA                    8299 	.db #0xaa	; 170
    00002010 AA                    8300 	.db #0xaa	; 170
    00002011 AA                    8301 	.db #0xaa	; 170
    00002012 AA                    8302 	.db #0xaa	; 170
    00002013 AA                    8303 	.db #0xaa	; 170
    00002014 AA                    8304 	.db #0xaa	; 170
    00002015 AA                    8305 	.db #0xaa	; 170
    00002016 CA                    8306 	.db #0xca	; 202
    00002017 AA                    8307 	.db #0xaa	; 170
    00002018 AA                    8308 	.db #0xaa	; 170
    00002019 AE                    8309 	.db #0xae	; 174
    0000201A 8E                    8310 	.db #0x8e	; 142
    0000201B C0                    8311 	.db #0xc0	; 192
    0000201C 00                    8312 	.db #0x00	; 0
    0000201D 00                    8313 	.db #0x00	; 0
    0000201E 00                    8314 	.db #0x00	; 0
    0000201F 00                    8315 	.db #0x00	; 0
    00002020 00                    8316 	.db #0x00	; 0
    00002021 00                    8317 	.db #0x00	; 0
    00002022 75                    8318 	.db #0x75	; 117	'u'
    00002023 D8                    8319 	.db #0xd8	; 216
    00002024 00                    8320 	.db #0x00	; 0
    00002025 00                    8321 	.db #0x00	; 0
    00002026 00                    8322 	.db #0x00	; 0
    00002027 00                    8323 	.db #0x00	; 0
    00002028 00                    8324 	.db #0x00	; 0
    00002029 00                    8325 	.db #0x00	; 0
    0000202A 0E                    8326 	.db #0x0e	; 14
    0000202B 8E                    8327 	.db #0x8e	; 142
    0000202C EA                    8328 	.db #0xea	; 234
    0000202D AA                    8329 	.db #0xaa	; 170
    0000202E AA                    8330 	.db #0xaa	; 170
    0000202F AA                    8331 	.db #0xaa	; 170
    00002030 AA                    8332 	.db #0xaa	; 170
    00002031 AA                    8333 	.db #0xaa	; 170
    00002032 AA                    8334 	.db #0xaa	; 170
    00002033 AA                    8335 	.db #0xaa	; 170
    00002034 AA                    8336 	.db #0xaa	; 170
    00002035 AA                    8337 	.db #0xaa	; 170
    00002036 AB                    8338 	.db #0xab	; 171
    00002037 2A                    8339 	.db #0x2a	; 42
    00002038 AA                    8340 	.db #0xaa	; 170
    00002039 AA                    8341 	.db #0xaa	; 170
    0000203A AB                    8342 	.db #0xab	; 171
    0000203B B5                    8343 	.db #0xb5	; 181
    0000203C 55                    8344 	.db #0x55	; 85	'U'
    0000203D 55                    8345 	.db #0x55	; 85	'U'
    0000203E 55                    8346 	.db #0x55	; 85	'U'
    0000203F 55                    8347 	.db #0x55	; 85	'U'
    00002040 55                    8348 	.db #0x55	; 85	'U'
    00002041 55                    8349 	.db #0x55	; 85	'U'
    00002042 55                    8350 	.db #0x55	; 85	'U'
    00002043 55                    8351 	.db #0x55	; 85	'U'
    00002044 55                    8352 	.db #0x55	; 85	'U'
    00002045 55                    8353 	.db #0x55	; 85	'U'
    00002046 65                    8354 	.db #0x65	; 101	'e'
    00002047 55                    8355 	.db #0x55	; 85	'U'
    00002048 55                    8356 	.db #0x55	; 85	'U'
    00002049 55                    8357 	.db #0x55	; 85	'U'
    0000204A 3B                    8358 	.db #0x3b	; 59
    0000204B 00                    8359 	.db #0x00	; 0
    0000204C 00                    8360 	.db #0x00	; 0
    0000204D 00                    8361 	.db #0x00	; 0
    0000204E 00                    8362 	.db #0x00	; 0
    0000204F 00                    8363 	.db #0x00	; 0
    00002050 00                    8364 	.db #0x00	; 0
    00002051 03                    8365 	.db #0x03	; 3
    00002052 B7                    8366 	.db #0xb7	; 183
    00002053 60                    8367 	.db #0x60	; 96
    00002054 00                    8368 	.db #0x00	; 0
    00002055 00                    8369 	.db #0x00	; 0
    00002056 00                    8370 	.db #0x00	; 0
    00002057 00                    8371 	.db #0x00	; 0
    00002058 00                    8372 	.db #0x00	; 0
    00002059 00                    8373 	.db #0x00	; 0
    0000205A 1D                    8374 	.db #0x1d	; 29
    0000205B D5                    8375 	.db #0xd5	; 213
    0000205C 55                    8376 	.db #0x55	; 85	'U'
    0000205D 55                    8377 	.db #0x55	; 85	'U'
    0000205E 55                    8378 	.db #0x55	; 85	'U'
    0000205F 55                    8379 	.db #0x55	; 85	'U'
    00002060 55                    8380 	.db #0x55	; 85	'U'
    00002061 55                    8381 	.db #0x55	; 85	'U'
    00002062 55                    8382 	.db #0x55	; 85	'U'
    00002063 55                    8383 	.db #0x55	; 85	'U'
    00002064 55                    8384 	.db #0x55	; 85	'U'
    00002065 55                    8385 	.db #0x55	; 85	'U'
    00002066 65                    8386 	.db #0x65	; 101	'e'
    00002067 55                    8387 	.db #0x55	; 85	'U'
    00002068 55                    8388 	.db #0x55	; 85	'U'
    00002069 57                    8389 	.db #0x57	; 87	'W'
    0000206A 6A                    8390 	.db #0x6a	; 106	'j'
    0000206B AA                    8391 	.db #0xaa	; 170
    0000206C AA                    8392 	.db #0xaa	; 170
    0000206D AA                    8393 	.db #0xaa	; 170
    0000206E AA                    8394 	.db #0xaa	; 170
    0000206F AA                    8395 	.db #0xaa	; 170
    00002070 AA                    8396 	.db #0xaa	; 170
    00002071 AA                    8397 	.db #0xaa	; 170
    00002072 AA                    8398 	.db #0xaa	; 170
    00002073 AA                    8399 	.db #0xaa	; 170
    00002074 AA                    8400 	.db #0xaa	; 170
    00002075 AC                    8401 	.db #0xac	; 172
    00002076 AA                    8402 	.db #0xaa	; 170
    00002077 AA                    8403 	.db #0xaa	; 170
    00002078 AA                    8404 	.db #0xaa	; 170
    00002079 77                    8405 	.db #0x77	; 119	'w'
    0000207A E3                    8406 	.db #0xe3	; 227
    0000207B E6                    8407 	.db #0xe6	; 230
    0000207C C0                    8408 	.db #0xc0	; 192
    0000207D 00                    8409 	.db #0x00	; 0
    0000207E 00                    8410 	.db #0x00	; 0
    0000207F 00                    8411 	.db #0x00	; 0
    00002080 00                    8412 	.db #0x00	; 0
    00002081 00                    8413 	.db #0x00	; 0
    00002082 03                    8414 	.db #0x03	; 3
    00002083 B0                    8415 	.db #0xb0	; 176
    00002084 D8                    8416 	.db #0xd8	; 216
    00002085 00                    8417 	.db #0x00	; 0
    00002086 00                    8418 	.db #0x00	; 0
    00002087 00                    8419 	.db #0x00	; 0
    00002088 00                    8420 	.db #0x00	; 0
    00002089 00                    8421 	.db #0x00	; 0
    0000208A 00                    8422 	.db #0x00	; 0
    0000208B 1D                    8423 	.db #0x1d	; 29
    0000208C 95                    8424 	.db #0x95	; 149
    0000208D 55                    8425 	.db #0x55	; 85	'U'
    0000208E 55                    8426 	.db #0x55	; 85	'U'
    0000208F 55                    8427 	.db #0x55	; 85	'U'
    00002090 55                    8428 	.db #0x55	; 85	'U'
    00002091 55                    8429 	.db #0x55	; 85	'U'
    00002092 55                    8430 	.db #0x55	; 85	'U'
    00002093 55                    8431 	.db #0x55	; 85	'U'
    00002094 55                    8432 	.db #0x55	; 85	'U'
    00002095 55                    8433 	.db #0x55	; 85	'U'
    00002096 55                    8434 	.db #0x55	; 85	'U'
    00002097 95                    8435 	.db #0x95	; 149
    00002098 55                    8436 	.db #0x55	; 85	'U'
    00002099 55                    8437 	.db #0x55	; 85	'U'
    0000209A 54                    8438 	.db #0x54	; 84	'T'
    0000209B DA                    8439 	.db #0xda	; 218
    0000209C AA                    8440 	.db #0xaa	; 170
    0000209D AA                    8441 	.db #0xaa	; 170
    0000209E AA                    8442 	.db #0xaa	; 170
    0000209F AA                    8443 	.db #0xaa	; 170
    000020A0 AA                    8444 	.db #0xaa	; 170
    000020A1 AA                    8445 	.db #0xaa	; 170
    000020A2 AA                    8446 	.db #0xaa	; 170
    000020A3 AA                    8447 	.db #0xaa	; 170
    000020A4 AA                    8448 	.db #0xaa	; 170
    000020A5 AA                    8449 	.db #0xaa	; 170
    000020A6 B2                    8450 	.db #0xb2	; 178
    000020A7 AA                    8451 	.db #0xaa	; 170
    000020A8 AA                    8452 	.db #0xaa	; 170
    000020A9 A1                    8453 	.db #0xa1	; 161
    000020AA B0                    8454 	.db #0xb0	; 176
    000020AB 00                    8455 	.db #0x00	; 0
    000020AC 00                    8456 	.db #0x00	; 0
    000020AD 00                    8457 	.db #0x00	; 0
    000020AE 00                    8458 	.db #0x00	; 0
    000020AF 00                    8459 	.db #0x00	; 0
    000020B0 00                    8460 	.db #0x00	; 0
    000020B1 0D                    8461 	.db #0x0d	; 13
    000020B2 0F                    8462 	.db #0x0f	; 15
    000020B3 80                    8463 	.db #0x80	; 128
    000020B4 00                    8464 	.db #0x00	; 0
    000020B5 00                    8465 	.db #0x00	; 0
    000020B6 00                    8466 	.db #0x00	; 0
    000020B7 00                    8467 	.db #0x00	; 0
    000020B8 00                    8468 	.db #0x00	; 0
    000020B9 00                    8469 	.db #0x00	; 0
    000020BA 00                    8470 	.db #0x00	; 0
    000020BB                       8471 _dandy_level_21:
    000020BB D1                    8472 	.db #0xd1	; 209
    000020BC 24                    8473 	.db #0x24	; 36
    000020BD 92                    8474 	.db #0x92	; 146
    000020BE 4B                    8475 	.db #0x4b	; 75	'K'
    000020BF A9                    8476 	.db #0xa9	; 169
    000020C0 75                    8477 	.db #0x75	; 117	'u'
    000020C1 2E                    8478 	.db #0x2e	; 46
    000020C2 A5                    8479 	.db #0xa5	; 165
    000020C3 D4                    8480 	.db #0xd4	; 212
    000020C4 BA                    8481 	.db #0xba	; 186
    000020C5 97                    8482 	.db #0x97	; 151
    000020C6 52                    8483 	.db #0x52	; 82	'R'
    000020C7 EA                    8484 	.db #0xea	; 234
    000020C8 5D                    8485 	.db #0x5d	; 93
    000020C9 4B                    8486 	.db #0x4b	; 75	'K'
    000020CA CB                    8487 	.db #0xcb	; 203
    000020CB B9                    8488 	.db #0xb9	; 185
    000020CC 79                    8489 	.db #0x79	; 121	'y'
    000020CD 72                    8490 	.db #0x72	; 114	'r'
    000020CE 9F                    8491 	.db #0x9f	; 159
    000020CF A4                    8492 	.db #0xa4	; 164
    000020D0 9F                    8493 	.db #0x9f	; 159
    000020D1 24                    8494 	.db #0x24	; 36
    000020D2 BA                    8495 	.db #0xba	; 186
    000020D3 97                    8496 	.db #0x97	; 151
    000020D4 52                    8497 	.db #0x52	; 82	'R'
    000020D5 EA                    8498 	.db #0xea	; 234
    000020D6 5D                    8499 	.db #0x5d	; 93
    000020D7 4B                    8500 	.db #0x4b	; 75	'K'
    000020D8 A9                    8501 	.db #0xa9	; 169
    000020D9 75                    8502 	.db #0x75	; 117	'u'
    000020DA 2E                    8503 	.db #0x2e	; 46
    000020DB A5                    8504 	.db #0xa5	; 165
    000020DC D4                    8505 	.db #0xd4	; 212
    000020DD 93                    8506 	.db #0x93	; 147
    000020DE D5                    8507 	.db #0xd5	; 213
    000020DF E5                    8508 	.db #0xe5	; 229
    000020E0 24                    8509 	.db #0x24	; 36
    000020E1 92                    8510 	.db #0x92	; 146
    000020E2 49                    8511 	.db #0x49	; 73	'I'
    000020E3 2E                    8512 	.db #0x2e	; 46
    000020E4 A5                    8513 	.db #0xa5	; 165
    000020E5 D4                    8514 	.db #0xd4	; 212
    000020E6 BA                    8515 	.db #0xba	; 186
    000020E7 97                    8516 	.db #0x97	; 151
    000020E8 52                    8517 	.db #0x52	; 82	'R'
    000020E9 EA                    8518 	.db #0xea	; 234
    000020EA 5D                    8519 	.db #0x5d	; 93
    000020EB 4B                    8520 	.db #0x4b	; 75	'K'
    000020EC A9                    8521 	.db #0xa9	; 169
    000020ED 75                    8522 	.db #0x75	; 117	'u'
    000020EE 24                    8523 	.db #0x24	; 36
    000020EF 97                    8524 	.db #0x97	; 151
    000020F0 8F                    8525 	.db #0x8f	; 143
    000020F1 D2                    8526 	.db #0xd2	; 210
    000020F2 49                    8527 	.db #0x49	; 73	'I'
    000020F3 24                    8528 	.db #0x24	; 36
    000020F4 92                    8529 	.db #0x92	; 146
    000020F5 49                    8530 	.db #0x49	; 73	'I'
    000020F6 24                    8531 	.db #0x24	; 36
    000020F7 92                    8532 	.db #0x92	; 146
    000020F8 49                    8533 	.db #0x49	; 73	'I'
    000020F9 25                    8534 	.db #0x25	; 37
    000020FA D4                    8535 	.db #0xd4	; 212
    000020FB 92                    8536 	.db #0x92	; 146
    000020FC 52                    8537 	.db #0x52	; 82	'R'
    000020FD 49                    8538 	.db #0x49	; 73	'I'
    000020FE 24                    8539 	.db #0x24	; 36
    000020FF 97                    8540 	.db #0x97	; 151
    00002100 32                    8541 	.db #0x32	; 50	'2'
    00002101 E6                    8542 	.db #0xe6	; 230
    00002102 5C                    8543 	.db #0x5c	; 92
    00002103 CB                    8544 	.db #0xcb	; 203
    00002104 99                    8545 	.db #0x99	; 153
    00002105 73                    8546 	.db #0x73	; 115	's'
    00002106 2E                    8547 	.db #0x2e	; 46
    00002107 65                    8548 	.db #0x65	; 101	'e'
    00002108 CC                    8549 	.db #0xcc	; 204
    00002109 B9                    8550 	.db #0xb9	; 185
    0000210A 97                    8551 	.db #0x97	; 151
    0000210B 32                    8552 	.db #0x32	; 50	'2'
    0000210C 4F                    8553 	.db #0x4f	; 79	'O'
    0000210D 49                    8554 	.db #0x49	; 73	'I'
    0000210E 24                    8555 	.db #0x24	; 36
    0000210F 92                    8556 	.db #0x92	; 146
    00002110 49                    8557 	.db #0x49	; 73	'I'
    00002111 24                    8558 	.db #0x24	; 36
    00002112 92                    8559 	.db #0x92	; 146
    00002113 49                    8560 	.db #0x49	; 73	'I'
    00002114 24                    8561 	.db #0x24	; 36
    00002115 92                    8562 	.db #0x92	; 146
    00002116 49                    8563 	.db #0x49	; 73	'I'
    00002117 24                    8564 	.db #0x24	; 36
    00002118 A4                    8565 	.db #0xa4	; 164
    00002119 92                    8566 	.db #0x92	; 146
    0000211A 49                    8567 	.db #0x49	; 73	'I'
    0000211B 24                    8568 	.db #0x24	; 36
    0000211C 92                    8569 	.db #0x92	; 146
    0000211D 49                    8570 	.db #0x49	; 73	'I'
    0000211E 24                    8571 	.db #0x24	; 36
    0000211F 92                    8572 	.db #0x92	; 146
    00002120 49                    8573 	.db #0x49	; 73	'I'
    00002121 24                    8574 	.db #0x24	; 36
    00002122 92                    8575 	.db #0x92	; 146
    00002123 ED                    8576 	.db #0xed	; 237
    00002124 F2                    8577 	.db #0xf2	; 242
    00002125 49                    8578 	.db #0x49	; 73	'I'
    00002126 24                    8579 	.db #0x24	; 36
    00002127 97                    8580 	.db #0x97	; 151
    00002128 32                    8581 	.db #0x32	; 50	'2'
    00002129 E6                    8582 	.db #0xe6	; 230
    0000212A 5C                    8583 	.db #0x5c	; 92
    0000212B CB                    8584 	.db #0xcb	; 203
    0000212C 99                    8585 	.db #0x99	; 153
    0000212D 73                    8586 	.db #0x73	; 115	's'
    0000212E 2E                    8587 	.db #0x2e	; 46
    0000212F 64                    8588 	.db #0x64	; 100	'd'
    00002130 BB                    8589 	.db #0xbb	; 187
    00002131 92                    8590 	.db #0x92	; 146
    00002132 5D                    8591 	.db #0x5d	; 93
    00002133 C9                    8592 	.db #0xc9	; 201
    00002134 49                    8593 	.db #0x49	; 73	'I'
    00002135 24                    8594 	.db #0x24	; 36
    00002136 92                    8595 	.db #0x92	; 146
    00002137 40                    8596 	.db #0x40	; 64
    00002138 01                    8597 	.db #0x01	; 1
    00002139 C8                    8598 	.db #0xc8	; 200
    0000213A 01                    8599 	.db #0x01	; 1
    0000213B 24                    8600 	.db #0x24	; 36
    0000213C 92                    8601 	.db #0x92	; 146
    0000213D 49                    8602 	.db #0x49	; 73	'I'
    0000213E 79                    8603 	.db #0x79	; 121	'y'
    0000213F D4                    8604 	.db #0xd4	; 212
    00002140 92                    8605 	.db #0x92	; 146
    00002141 EA                    8606 	.db #0xea	; 234
    00002142 5C                    8607 	.db #0x5c	; 92
    00002143 CB                    8608 	.db #0xcb	; 203
    00002144 90                    8609 	.db #0x90	; 144
    00002145 00                    8610 	.db #0x00	; 0
    00002146 00                    8611 	.db #0x00	; 0
    00002147 1C                    8612 	.db #0x1c	; 28
    00002148 C9                    8613 	.db #0xc9	; 201
    00002149 2E                    8614 	.db #0x2e	; 46
    0000214A E4                    8615 	.db #0xe4	; 228
    0000214B 92                    8616 	.db #0x92	; 146
    0000214C 92                    8617 	.db #0x92	; 146
    0000214D 49                    8618 	.db #0x49	; 73	'I'
    0000214E 24                    8619 	.db #0x24	; 36
    0000214F 80                    8620 	.db #0x80	; 128
    00002150 00                    8621 	.db #0x00	; 0
    00002151 00                    8622 	.db #0x00	; 0
    00002152 49                    8623 	.db #0x49	; 73	'I'
    00002153 24                    8624 	.db #0x24	; 36
    00002154 92                    8625 	.db #0x92	; 146
    00002155 5D                    8626 	.db #0x5d	; 93
    00002156 F5                    8627 	.db #0xf5	; 245
    00002157 2E                    8628 	.db #0x2e	; 46
    00002158 A5                    8629 	.db #0xa5	; 165
    00002159 D4                    8630 	.db #0xd4	; 212
    0000215A 92                    8631 	.db #0x92	; 146
    0000215B 00                    8632 	.db #0x00	; 0
    0000215C 00                    8633 	.db #0x00	; 0
    0000215D 00                    8634 	.db #0x00	; 0
    0000215E 4B                    8635 	.db #0x4b	; 75	'K'
    0000215F B9                    8636 	.db #0xb9	; 185
    00002160 25                    8637 	.db #0x25	; 37
    00002161 DC                    8638 	.db #0xdc	; 220
    00002162 BB                    8639 	.db #0xbb	; 187
    00002163 A4                    8640 	.db #0xa4	; 164
    00002164 92                    8641 	.db #0x92	; 146
    00002165 49                    8642 	.db #0x49	; 73	'I'
    00002166 20                    8643 	.db #0x20	; 32
    00002167 00                    8644 	.db #0x00	; 0
    00002168 00                    8645 	.db #0x00	; 0
    00002169 12                    8646 	.db #0x12	; 18
    0000216A 49                    8647 	.db #0x49	; 73	'I'
    0000216B 24                    8648 	.db #0x24	; 36
    0000216C 93                    8649 	.db #0x93	; 147
    0000216D A9                    8650 	.db #0xa9	; 169
    0000216E 75                    8651 	.db #0x75	; 117	'u'
    0000216F 24                    8652 	.db #0x24	; 36
    00002170 92                    8653 	.db #0x92	; 146
    00002171 E4                    8654 	.db #0xe4	; 228
    00002172 00                    8655 	.db #0x00	; 0
    00002173 D9                    8656 	.db #0xd9	; 217
    00002174 B0                    8657 	.db #0xb0	; 176
    00002175 01                    8658 	.db #0x01	; 1
    00002176 CC                    8659 	.db #0xcc	; 204
    00002177 92                    8660 	.db #0x92	; 146
    00002178 EE                    8661 	.db #0xee	; 238
    00002179 49                    8662 	.db #0x49	; 73	'I'
    0000217A 29                    8663 	.db #0x29	; 41
    0000217B 24                    8664 	.db #0x24	; 36
    0000217C 92                    8665 	.db #0x92	; 146
    0000217D 4B                    8666 	.db #0x4b	; 75	'K'
    0000217E 90                    8667 	.db #0x90	; 144
    0000217F 03                    8668 	.db #0x03	; 3
    00002180 30                    8669 	.db #0x30	; 48	'0'
    00002181 03                    8670 	.db #0x03	; 3
    00002182 99                    8671 	.db #0x99	; 153
    00002183 24                    8672 	.db #0x24	; 36
    00002184 92                    8673 	.db #0x92	; 146
    00002185 4B                    8674 	.db #0x4b	; 75	'K'
    00002186 BE                    8675 	.db #0xbe	; 190
    00002187 A5                    8676 	.db #0xa5	; 165
    00002188 D4                    8677 	.db #0xd4	; 212
    00002189 BA                    8678 	.db #0xba	; 186
    0000218A 97                    8679 	.db #0x97	; 151
    0000218B 32                    8680 	.db #0x32	; 50	'2'
    0000218C 00                    8681 	.db #0x00	; 0
    0000218D 1B                    8682 	.db #0x1b	; 27
    0000218E 36                    8683 	.db #0x36	; 54	'6'
    0000218F 00                    8684 	.db #0x00	; 0
    00002190 12                    8685 	.db #0x12	; 18
    00002191 EE                    8686 	.db #0xee	; 238
    00002192 49                    8687 	.db #0x49	; 73	'I'
    00002193 77                    8688 	.db #0x77	; 119	'w'
    00002194 2E                    8689 	.db #0x2e	; 46
    00002195 E9                    8690 	.db #0xe9	; 233
    00002196 24                    8691 	.db #0x24	; 36
    00002197 92                    8692 	.db #0x92	; 146
    00002198 48                    8693 	.db #0x48	; 72	'H'
    00002199 00                    8694 	.db #0x00	; 0
    0000219A 00                    8695 	.db #0x00	; 0
    0000219B 04                    8696 	.db #0x04	; 4
    0000219C 92                    8697 	.db #0x92	; 146
    0000219D 49                    8698 	.db #0x49	; 73	'I'
    0000219E 24                    8699 	.db #0x24	; 36
    0000219F EA                    8700 	.db #0xea	; 234
    000021A0 5D                    8701 	.db #0x5d	; 93
    000021A1 4B                    8702 	.db #0x4b	; 75	'K'
    000021A2 A9                    8703 	.db #0xa9	; 169
    000021A3 25                    8704 	.db #0x25	; 37
    000021A4 C8                    8705 	.db #0xc8	; 200
    000021A5 00                    8706 	.db #0x00	; 0
    000021A6 00                    8707 	.db #0x00	; 0
    000021A7 0E                    8708 	.db #0x0e	; 14
    000021A8 64                    8709 	.db #0x64	; 100	'd'
    000021A9 97                    8710 	.db #0x97	; 151
    000021AA 72                    8711 	.db #0x72	; 114	'r'
    000021AB 49                    8712 	.db #0x49	; 73	'I'
    000021AC 5D                    8713 	.db #0x5d	; 93
    000021AD 5D                    8714 	.db #0x5d	; 93
    000021AE 49                    8715 	.db #0x49	; 73	'I'
    000021AF 24                    8716 	.db #0x24	; 36
    000021B0 90                    8717 	.db #0x90	; 144
    000021B1 00                    8718 	.db #0x00	; 0
    000021B2 00                    8719 	.db #0x00	; 0
    000021B3 09                    8720 	.db #0x09	; 9
    000021B4 24                    8721 	.db #0x24	; 36
    000021B5 92                    8722 	.db #0x92	; 146
    000021B6 4B                    8723 	.db #0x4b	; 75	'K'
    000021B7 BE                    8724 	.db #0xbe	; 190
    000021B8 A4                    8725 	.db #0xa4	; 164
    000021B9 BA                    8726 	.db #0xba	; 186
    000021BA 92                    8727 	.db #0x92	; 146
    000021BB 48                    8728 	.db #0x48	; 72	'H'
    000021BC 00                    8729 	.db #0x00	; 0
    000021BD 00                    8730 	.db #0x00	; 0
    000021BE 01                    8731 	.db #0x01	; 1
    000021BF 2E                    8732 	.db #0x2e	; 46
    000021C0 E4                    8733 	.db #0xe4	; 228
    000021C1 97                    8734 	.db #0x97	; 151
    000021C2 72                    8735 	.db #0x72	; 114	'r'
    000021C3 EE                    8736 	.db #0xee	; 238
    000021C4 92                    8737 	.db #0x92	; 146
    000021C5 49                    8738 	.db #0x49	; 73	'I'
    000021C6 24                    8739 	.db #0x24	; 36
    000021C7 80                    8740 	.db #0x80	; 128
    000021C8 0E                    8741 	.db #0x0e	; 14
    000021C9 40                    8742 	.db #0x40	; 64
    000021CA 02                    8743 	.db #0x02	; 2
    000021CB 49                    8744 	.db #0x49	; 73	'I'
    000021CC 24                    8745 	.db #0x24	; 36
    000021CD 92                    8746 	.db #0x92	; 146
    000021CE 75                    8747 	.db #0x75	; 117	'u'
    000021CF 24                    8748 	.db #0x24	; 36
    000021D0 BA                    8749 	.db #0xba	; 186
    000021D1 97                    8750 	.db #0x97	; 151
    000021D2 32                    8751 	.db #0x32	; 50	'2'
    000021D3 E6                    8752 	.db #0xe6	; 230
    000021D4 5C                    8753 	.db #0x5c	; 92
    000021D5 CB                    8754 	.db #0xcb	; 203
    000021D6 99                    8755 	.db #0x99	; 153
    000021D7 73                    8756 	.db #0x73	; 115	's'
    000021D8 2E                    8757 	.db #0x2e	; 46
    000021D9 65                    8758 	.db #0x65	; 101	'e'
    000021DA CC                    8759 	.db #0xcc	; 204
    000021DB B9                    8760 	.db #0xb9	; 185
    000021DC 92                    8761 	.db #0x92	; 146
    000021DD 5D                    8762 	.db #0x5d	; 93
    000021DE C9                    8763 	.db #0xc9	; 201
    000021DF 25                    8764 	.db #0x25	; 37
    000021E0 75                    8765 	.db #0x75	; 117	'u'
    000021E1 24                    8766 	.db #0x24	; 36
    000021E2 92                    8767 	.db #0x92	; 146
    000021E3 49                    8768 	.db #0x49	; 73	'I'
    000021E4 24                    8769 	.db #0x24	; 36
    000021E5 92                    8770 	.db #0x92	; 146
    000021E6 49                    8771 	.db #0x49	; 73	'I'
    000021E7 24                    8772 	.db #0x24	; 36
    000021E8 92                    8773 	.db #0x92	; 146
    000021E9 49                    8774 	.db #0x49	; 73	'I'
    000021EA 24                    8775 	.db #0x24	; 36
    000021EB BB                    8776 	.db #0xbb	; 187
    000021EC DA                    8777 	.db #0xda	; 218
    000021ED EA                    8778 	.db #0xea	; 234
    000021EE 49                    8779 	.db #0x49	; 73	'I'
    000021EF 75                    8780 	.db #0x75	; 117	'u'
    000021F0 73                    8781 	.db #0x73	; 115	's'
    000021F1 2E                    8782 	.db #0x2e	; 46
    000021F2 65                    8783 	.db #0x65	; 101	'e'
    000021F3 CC                    8784 	.db #0xcc	; 204
    000021F4 B9                    8785 	.db #0xb9	; 185
    000021F5 97                    8786 	.db #0x97	; 151
    000021F6 32                    8787 	.db #0x32	; 50	'2'
    000021F7 E6                    8788 	.db #0xe6	; 230
    000021F8 5C                    8789 	.db #0x5c	; 92
    000021F9 C9                    8790 	.db #0xc9	; 201
    000021FA 24                    8791 	.db #0x24	; 36
    000021FB 92                    8792 	.db #0x92	; 146
    000021FC 4B                    8793 	.db #0x4b	; 75	'K'
    000021FD BA                    8794 	.db #0xba	; 186
    000021FE DA                    8795 	.db #0xda	; 218
    000021FF EA                    8796 	.db #0xea	; 234
    00002200 49                    8797 	.db #0x49	; 73	'I'
    00002201 24                    8798 	.db #0x24	; 36
    00002202 92                    8799 	.db #0x92	; 146
    00002203 49                    8800 	.db #0x49	; 73	'I'
    00002204 24                    8801 	.db #0x24	; 36
    00002205 92                    8802 	.db #0x92	; 146
    00002206 49                    8803 	.db #0x49	; 73	'I'
    00002207 24                    8804 	.db #0x24	; 36
    00002208 92                    8805 	.db #0x92	; 146
    00002209 5D                    8806 	.db #0x5d	; 93
    0000220A DC                    8807 	.db #0xdc	; 220
    0000220B 6D                    8808 	.db #0x6d	; 109	'm'
    0000220C 6D                    8809 	.db #0x6d	; 109	'm'
    0000220D 75                    8810 	.db #0x75	; 117	'u'
    0000220E 25                    8811 	.db #0x25	; 37
    0000220F D4                    8812 	.db #0xd4	; 212
    00002210 BA                    8813 	.db #0xba	; 186
    00002211 97                    8814 	.db #0x97	; 151
    00002212 52                    8815 	.db #0x52	; 82	'R'
    00002213 EA                    8816 	.db #0xea	; 234
    00002214 5D                    8817 	.db #0x5d	; 93
    00002215 4B                    8818 	.db #0x4b	; 75	'K'
    00002216 A9                    8819 	.db #0xa9	; 169
    00002217 75                    8820 	.db #0x75	; 117	'u'
    00002218 2E                    8821 	.db #0x2e	; 46
    00002219 A4                    8822 	.db #0xa4	; 164
    0000221A 92                    8823 	.db #0x92	; 146
    0000221B 49                    8824 	.db #0x49	; 73	'I'
    0000221C 77                    8825 	.db #0x77	; 119	'w'
    0000221D 71                    8826 	.db #0x71	; 113	'q'
    0000221E 5B                    8827 	.db #0x5b	; 91
    0000221F 5B                    8828 	.db #0x5b	; 91
    00002220 5D                    8829 	.db #0x5d	; 93
    00002221 49                    8830 	.db #0x49	; 73	'I'
    00002222 25                    8831 	.db #0x25	; 37
    00002223 D4                    8832 	.db #0xd4	; 212
    00002224 BA                    8833 	.db #0xba	; 186
    00002225 97                    8834 	.db #0x97	; 151
    00002226 52                    8835 	.db #0x52	; 82	'R'
    00002227 EA                    8836 	.db #0xea	; 234
    00002228 5D                    8837 	.db #0x5d	; 93
    00002229 4B                    8838 	.db #0x4b	; 75	'K'
    0000222A A9                    8839 	.db #0xa9	; 169
    0000222B 75                    8840 	.db #0x75	; 117	'u'
    0000222C 24                    8841 	.db #0x24	; 36
    0000222D 92                    8842 	.db #0x92	; 146
    0000222E 5D                    8843 	.db #0x5d	; 93
    0000222F DC                    8844 	.db #0xdc	; 220
    00002230 5B                    8845 	.db #0x5b	; 91
    00002231 ED                    8846 	.db #0xed	; 237
    00002232 6D                    8847 	.db #0x6d	; 109	'm'
    00002233 6D                    8848 	.db #0x6d	; 109	'm'
    00002234 75                    8849 	.db #0x75	; 117	'u'
    00002235 75                    8850 	.db #0x75	; 117	'u'
    00002236 75                    8851 	.db #0x75	; 117	'u'
    00002237 75                    8852 	.db #0x75	; 117	'u'
    00002238 2E                    8853 	.db #0x2e	; 46
    00002239 A5                    8854 	.db #0xa5	; 165
    0000223A D4                    8855 	.db #0xd4	; 212
    0000223B BA                    8856 	.db #0xba	; 186
    0000223C 97                    8857 	.db #0x97	; 151
    0000223D 52                    8858 	.db #0x52	; 82	'R'
    0000223E EA                    8859 	.db #0xea	; 234
    0000223F 5D                    8860 	.db #0x5d	; 93
    00002240 4B                    8861 	.db #0x4b	; 75	'K'
    00002241 A9                    8862 	.db #0xa9	; 169
    00002242 2E                    8863 	.db #0x2e	; 46
    00002243 EE                    8864 	.db #0xee	; 238
    00002244 EE                    8865 	.db #0xee	; 238
    00002245 EE                    8866 	.db #0xee	; 238
    00002246 EE                    8867 	.db #0xee	; 238
    00002247 2D                    8868 	.db #0x2d	; 45
    00002248 E0                    8869 	.db #0xe0	; 224
    00002249                       8870 _dandy_level_22:
    00002249 D8                    8871 	.db #0xd8	; 216
    0000224A 00                    8872 	.db #0x00	; 0
    0000224B 00                    8873 	.db #0x00	; 0
    0000224C 00                    8874 	.db #0x00	; 0
    0000224D 03                    8875 	.db #0x03	; 3
    0000224E 71                    8876 	.db #0x71	; 113	'q'
    0000224F 00                    8877 	.db #0x00	; 0
    00002250 00                    8878 	.db #0x00	; 0
    00002251 0D                    8879 	.db #0x0d	; 13
    00002252 80                    8880 	.db #0x80	; 128
    00002253 77                    8881 	.db #0x77	; 119	'w'
    00002254 D8                    8882 	.db #0xd8	; 216
    00002255 01                    8883 	.db #0x01	; 1
    00002256 D8                    8884 	.db #0xd8	; 216
    00002257 3B                    8885 	.db #0x3b	; 59
    00002258 EC                    8886 	.db #0xec	; 236
    00002259 1B                    8887 	.db #0x1b	; 27
    0000225A 88                    8888 	.db #0x88	; 136
    0000225B 00                    8889 	.db #0x00	; 0
    0000225C 00                    8890 	.db #0x00	; 0
    0000225D 76                    8891 	.db #0x76	; 118	'v'
    0000225E 01                    8892 	.db #0x01	; 1
    0000225F DF                    8893 	.db #0xdf	; 223
    00002260 62                    8894 	.db #0x62	; 98	'b'
    00002261 94                    8895 	.db #0x94	; 148
    00002262 05                    8896 	.db #0x05	; 5
    00002263 00                    8897 	.db #0x00	; 0
    00002264 DC                    8898 	.db #0xdc	; 220
    00002265 40                    8899 	.db #0x40	; 64
    00002266 00                    8900 	.db #0x00	; 0
    00002267 00                    8901 	.db #0x00	; 0
    00002268 DC                    8902 	.db #0xdc	; 220
    00002269 00                    8903 	.db #0x00	; 0
    0000226A 49                    8904 	.db #0x49	; 73	'I'
    0000226B 2A                    8905 	.db #0x2a	; 42
    0000226C 42                    8906 	.db #0x42	; 66	'B'
    0000226D A0                    8907 	.db #0xa0	; 160
    0000226E DD                    8908 	.db #0xdd	; 221
    0000226F 00                    8909 	.db #0x00	; 0
    00002270 00                    8910 	.db #0x00	; 0
    00002271 01                    8911 	.db #0x01	; 1
    00002272 BE                    8912 	.db #0xbe	; 190
    00002273 E0                    8913 	.db #0xe0	; 224
    00002274 04                    8914 	.db #0x04	; 4
    00002275 ED                    8915 	.db #0xed	; 237
    00002276 24                    8916 	.db #0x24	; 36
    00002277 84                    8917 	.db #0x84	; 132
    00002278 9D                    8918 	.db #0x9d	; 157
    00002279 9B                    8919 	.db #0x9b	; 155
    0000227A A0                    8920 	.db #0xa0	; 160
    0000227B 03                    8921 	.db #0x03	; 3
    0000227C AE                    8922 	.db #0xae	; 174
    0000227D BA                    8923 	.db #0xba	; 186
    0000227E EB                    8924 	.db #0xeb	; 235
    0000227F A0                    8925 	.db #0xa0	; 160
    00002280 0D                    8926 	.db #0x0d	; 13
    00002281 F7                    8927 	.db #0xf7	; 247
    00002282 DF                    8928 	.db #0xdf	; 223
    00002283 71                    8929 	.db #0x71	; 113	'q'
    00002284 D8                    8930 	.db #0xd8	; 216
    00002285 84                    8931 	.db #0x84	; 132
    00002286 A8                    8932 	.db #0xa8	; 168
    00002287 A5                    8933 	.db #0xa5	; 165
    00002288 41                    8934 	.db #0x41	; 65	'A'
    00002289 BC                    8935 	.db #0xbc	; 188
    0000228A 00                    8936 	.db #0x00	; 0
    0000228B 00                    8937 	.db #0x00	; 0
    0000228C 00                    8938 	.db #0x00	; 0
    0000228D 37                    8939 	.db #0x37	; 55	'7'
    0000228E DF                    8940 	.db #0xdf	; 223
    0000228F 70                    8941 	.db #0x70	; 112	'p'
    00002290 00                    8942 	.db #0x00	; 0
    00002291 06                    8943 	.db #0x06	; 6
    00002292 80                    8944 	.db #0x80	; 128
    00002293 37                    8945 	.db #0x37	; 55	'7'
    00002294 40                    8946 	.db #0x40	; 64
    00002295 E7                    8947 	.db #0xe7	; 231
    00002296 9E                    8948 	.db #0x9e	; 158
    00002297 79                    8949 	.db #0x79	; 121	'y'
    00002298 00                    8950 	.db #0x00	; 0
    00002299 00                    8951 	.db #0x00	; 0
    0000229A 1B                    8952 	.db #0x1b	; 27
    0000229B EF                    8953 	.db #0xef	; 239
    0000229C BE                    8954 	.db #0xbe	; 190
    0000229D FB                    8955 	.db #0xfb	; 251
    0000229E EF                    8956 	.db #0xef	; 239
    0000229F BE                    8957 	.db #0xbe	; 190
    000022A0 FB                    8958 	.db #0xfb	; 251
    000022A1 80                    8959 	.db #0x80	; 128
    000022A2 00                    8960 	.db #0x00	; 0
    000022A3 0D                    8961 	.db #0x0d	; 13
    000022A4 C0                    8962 	.db #0xc0	; 192
    000022A5 00                    8963 	.db #0x00	; 0
    000022A6 00                    8964 	.db #0x00	; 0
    000022A7 00                    8965 	.db #0x00	; 0
    000022A8 01                    8966 	.db #0x01	; 1
    000022A9 B8                    8967 	.db #0xb8	; 184
    000022AA 00                    8968 	.db #0x00	; 0
    000022AB 14                    8969 	.db #0x14	; 20
    000022AC 37                    8970 	.db #0x37	; 55	'7'
    000022AD 03                    8971 	.db #0x03	; 3
    000022AE 92                    8972 	.db #0x92	; 146
    000022AF AA                    8973 	.db #0xaa	; 170
    000022B0 15                    8974 	.db #0x15	; 21
    000022B1 00                    8975 	.db #0x00	; 0
    000022B2 00                    8976 	.db #0x00	; 0
    000022B3 37                    8977 	.db #0x37	; 55	'7'
    000022B4 DF                    8978 	.db #0xdf	; 223
    000022B5 7D                    8979 	.db #0x7d	; 125
    000022B6 F7                    8980 	.db #0xf7	; 247
    000022B7 DF                    8981 	.db #0xdf	; 223
    000022B8 7D                    8982 	.db #0x7d	; 125
    000022B9 F7                    8983 	.db #0xf7	; 247
    000022BA 05                    8984 	.db #0x05	; 5
    000022BB 53                    8985 	.db #0x53	; 83	'S'
    000022BC 70                    8986 	.db #0x70	; 112	'p'
    000022BD 1C                    8987 	.db #0x1c	; 28
    000022BE 88                    8988 	.db #0x88	; 136
    000022BF 48                    8989 	.db #0x48	; 72	'H'
    000022C0 41                    8990 	.db #0x41	; 65	'A'
    000022C1 D7                    8991 	.db #0xd7	; 215
    000022C2 5D                    8992 	.db #0x5d	; 93
    000022C3 75                    8993 	.db #0x75	; 117	'u'
    000022C4 D7                    8994 	.db #0xd7	; 215
    000022C5 5D                    8995 	.db #0x5d	; 93
    000022C6 00                    8996 	.db #0x00	; 0
    000022C7 03                    8997 	.db #0x03	; 3
    000022C8 7D                    8998 	.db #0x7d	; 125
    000022C9 C5                    8999 	.db #0xc5	; 197
    000022CA 16                    9000 	.db #0x16	; 22
    000022CB FB                    9001 	.db #0xfb	; 251
    000022CC 81                    9002 	.db #0x81	; 129
    000022CD C8                    9003 	.db #0xc8	; 200
    000022CE 51                    9004 	.db #0x51	; 81	'Q'
    000022CF 27                    9005 	.db #0x27	; 39
    000022D0 A0                    9006 	.db #0xa0	; 160
    000022D1 74                    9007 	.db #0x74	; 116	't'
    000022D2 0E                    9008 	.db #0x0e	; 14
    000022D3 BA                    9009 	.db #0xba	; 186
    000022D4 E8                    9010 	.db #0xe8	; 232
    000022D5 00                    9011 	.db #0x00	; 0
    000022D6 37                    9012 	.db #0x37	; 55	'7'
    000022D7 DF                    9013 	.db #0xdf	; 223
    000022D8 7A                    9014 	.db #0x7a	; 122	'z'
    000022D9 37                    9015 	.db #0x37	; 55	'7'
    000022DA DF                    9016 	.db #0xdf	; 223
    000022DB 78                    9017 	.db #0x78	; 120	'x'
    000022DC 00                    9018 	.db #0x00	; 0
    000022DD 4A                    9019 	.db #0x4a	; 74	'J'
    000022DE 22                    9020 	.db #0x22	; 34
    000022DF 83                    9021 	.db #0x83	; 131
    000022E0 AE                    9022 	.db #0xae	; 174
    000022E1 BA                    9023 	.db #0xba	; 186
    000022E2 EB                    9024 	.db #0xeb	; 235
    000022E3 AE                    9025 	.db #0xae	; 174
    000022E4 BA                    9026 	.db #0xba	; 186
    000022E5 EB                    9027 	.db #0xeb	; 235
    000022E6 A0                    9028 	.db #0xa0	; 160
    000022E7 00                    9029 	.db #0x00	; 0
    000022E8 37                    9030 	.db #0x37	; 55	'7'
    000022E9 DC                    9031 	.db #0xdc	; 220
    000022EA F3                    9032 	.db #0xf3	; 243
    000022EB 72                    9033 	.db #0x72	; 114	'r'
    000022EC 80                    9034 	.db #0x80	; 128
    000022ED 08                    9035 	.db #0x08	; 8
    000022EE 10                    9036 	.db #0x10	; 16
    000022EF 80                    9037 	.db #0x80	; 128
    000022F0 00                    9038 	.db #0x00	; 0
    000022F1 01                    9039 	.db #0x01	; 1
    000022F2 98                    9040 	.db #0x98	; 152
    000022F3 1B                    9041 	.db #0x1b	; 27
    000022F4 EE                    9042 	.db #0xee	; 238
    000022F5 DF                    9043 	.db #0xdf	; 223
    000022F6 C1                    9044 	.db #0xc1	; 193
    000022F7 40                    9045 	.db #0x40	; 64
    000022F8 08                    9046 	.db #0x08	; 8
    000022F9 0A                    9047 	.db #0x0a	; 10
    000022FA 80                    9048 	.db #0x80	; 128
    000022FB 00                    9049 	.db #0x00	; 0
    000022FC 00                    9050 	.db #0x00	; 0
    000022FD 00                    9051 	.db #0x00	; 0
    000022FE DF                    9052 	.db #0xdf	; 223
    000022FF 7D                    9053 	.db #0x7d	; 125
    00002300 C5                    9054 	.db #0xc5	; 197
    00002301 00                    9055 	.db #0x00	; 0
    00002302 00                    9056 	.db #0x00	; 0
    00002303 00                    9057 	.db #0x00	; 0
    00002304 08                    9058 	.db #0x08	; 8
    00002305 81                    9059 	.db #0x81	; 129
    00002306 08                    9060 	.db #0x08	; 8
    00002307 1D                    9061 	.db #0x1d	; 29
    00002308 06                    9062 	.db #0x06	; 6
    00002309 FB                    9063 	.db #0xfb	; 251
    0000230A 94                    9064 	.db #0x94	; 148
    0000230B 00                    9065 	.db #0x00	; 0
    0000230C 2A                    9066 	.db #0x2a	; 42
    0000230D AA                    9067 	.db #0xaa	; 170
    0000230E AA                    9068 	.db #0xaa	; 170
    0000230F 02                    9069 	.db #0x02	; 2
    00002310 BD                    9070 	.db #0xbd	; 189
    00002311 81                    9071 	.db #0x81	; 129
    00002312 08                    9072 	.db #0x08	; 8
    00002313 00                    9073 	.db #0x00	; 0
    00002314 6F                    9074 	.db #0x6f	; 111	'o'
    00002315 BD                    9075 	.db #0xbd	; 189
    00002316 00                    9076 	.db #0x00	; 0
    00002317 04                    9077 	.db #0x04	; 4
    00002318 00                    9078 	.db #0x00	; 0
    00002319 80                    9079 	.db #0x80	; 128
    0000231A BD                    9080 	.db #0xbd	; 189
    0000231B A5                    9081 	.db #0xa5	; 165
    0000231C 44                    9082 	.db #0x44	; 68	'D'
    0000231D 85                    9083 	.db #0x85	; 133
    0000231E 00                    9084 	.db #0x00	; 0
    0000231F DF                    9085 	.db #0xdf	; 223
    00002320 78                    9086 	.db #0x78	; 120	'x'
    00002321 00                    9087 	.db #0x00	; 0
    00002322 15                    9088 	.db #0x15	; 21
    00002323 55                    9089 	.db #0x55	; 85	'U'
    00002324 55                    9090 	.db #0x55	; 85	'U'
    00002325 01                    9091 	.db #0x01	; 1
    00002326 12                    9092 	.db #0x12	; 18
    00002327 45                    9093 	.db #0x45	; 69	'E'
    00002328 EC                    9094 	.db #0xec	; 236
    00002329 48                    9095 	.db #0x48	; 72	'H'
    0000232A 06                    9096 	.db #0x06	; 6
    0000232B FB                    9097 	.db #0xfb	; 251
    0000232C 85                    9098 	.db #0x85	; 133
    0000232D 40                    9099 	.db #0x40	; 64
    0000232E 00                    9100 	.db #0x00	; 0
    0000232F 00                    9101 	.db #0x00	; 0
    00002330 11                    9102 	.db #0x11	; 17
    00002331 2A                    9103 	.db #0x2a	; 42
    00002332 10                    9104 	.db #0x10	; 16
    00002333 AA                    9105 	.db #0xaa	; 170
    00002334 03                    9106 	.db #0x03	; 3
    00002335 7D                    9107 	.db #0x7d	; 125
    00002336 C2                    9108 	.db #0xc2	; 194
    00002337 82                    9109 	.db #0x82	; 130
    00002338 85                    9110 	.db #0x85	; 133
    00002339 07                    9111 	.db #0x07	; 7
    0000233A 5D                    9112 	.db #0x5d	; 93
    0000233B 74                    9113 	.db #0x74	; 116	't'
    0000233C 00                    9114 	.db #0x00	; 0
    0000233D 00                    9115 	.db #0x00	; 0
    0000233E 00                    9116 	.db #0x00	; 0
    0000233F 1D                    9117 	.db #0x1d	; 29
    00002340 0D                    9118 	.db #0x0d	; 13
    00002341 F7                    9119 	.db #0xf7	; 247
    00002342 09                    9120 	.db #0x09	; 9
    00002343 09                    9121 	.db #0x09	; 9
    00002344 7B                    9122 	.db #0x7b	; 123
    00002345 00                    9123 	.db #0x00	; 0
    00002346 74                    9124 	.db #0x74	; 116	't'
    00002347 00                    9125 	.db #0x00	; 0
    00002348 00                    9126 	.db #0x00	; 0
    00002349 00                    9127 	.db #0x00	; 0
    0000234A 1D                    9128 	.db #0x1d	; 29
    0000234B 0D                    9129 	.db #0x0d	; 13
    0000234C F7                    9130 	.db #0xf7	; 247
    0000234D DC                    9131 	.db #0xdc	; 220
    0000234E 08                    9132 	.db #0x08	; 8
    0000234F A1                    9133 	.db #0xa1	; 161
    00002350 40                    9134 	.db #0x40	; 64
    00002351 74                    9135 	.db #0x74	; 116	't'
    00002352 02                    9136 	.db #0x02	; 2
    00002353 AA                    9137 	.db #0xaa	; 170
    00002354 AA                    9138 	.db #0xaa	; 170
    00002355 AA                    9139 	.db #0xaa	; 170
    00002356 AA                    9140 	.db #0xaa	; 170
    00002357 A3                    9141 	.db #0xa3	; 163
    00002358 AE                    9142 	.db #0xae	; 174
    00002359 83                    9143 	.db #0x83	; 131
    0000235A 7D                    9144 	.db #0x7d	; 125
    0000235B C0                    9145 	.db #0xc0	; 192
    0000235C 80                    9146 	.db #0x80	; 128
    0000235D 10                    9147 	.db #0x10	; 16
    0000235E 00                    9148 	.db #0x00	; 0
    0000235F 40                    9149 	.db #0x40	; 64
    00002360 00                    9150 	.db #0x00	; 0
    00002361 08                    9151 	.db #0x08	; 8
    00002362 EB                    9152 	.db #0xeb	; 235
    00002363 A0                    9153 	.db #0xa0	; 160
    00002364 DF                    9154 	.db #0xdf	; 223
    00002365 70                    9155 	.db #0x70	; 112	'p'
    00002366 15                    9156 	.db #0x15	; 21
    00002367 55                    9157 	.db #0x55	; 85	'U'
    00002368 50                    9158 	.db #0x50	; 80	'P'
    00002369 74                    9159 	.db #0x74	; 116	't'
    0000236A 01                    9160 	.db #0x01	; 1
    0000236B 00                    9161 	.db #0x00	; 0
    0000236C 00                    9162 	.db #0x00	; 0
    0000236D 23                    9163 	.db #0x23	; 35
    0000236E AE                    9164 	.db #0xae	; 174
    0000236F BA                    9165 	.db #0xba	; 186
    00002370 1B                    9166 	.db #0x1b	; 27
    00002371 EE                    9167 	.db #0xee	; 238
    00002372 00                    9168 	.db #0x00	; 0
    00002373 00                    9169 	.db #0x00	; 0
    00002374 1D                    9170 	.db #0x1d	; 29
    00002375 75                    9171 	.db #0x75	; 117	'u'
    00002376 D7                    9172 	.db #0xd7	; 215
    00002377 40                    9173 	.db #0x40	; 64
    00002378 AA                    9174 	.db #0xaa	; 170
    00002379 AA                    9175 	.db #0xaa	; 170
    0000237A AA                    9176 	.db #0xaa	; 170
    0000237B AA                    9177 	.db #0xaa	; 170
    0000237C A8                    9178 	.db #0xa8	; 168
    0000237D EB                    9179 	.db #0xeb	; 235
    0000237E AE                    9180 	.db #0xae	; 174
    0000237F 86                    9181 	.db #0x86	; 134
    00002380 FB                    9182 	.db #0xfb	; 251
    00002381 EE                    9183 	.db #0xee	; 238
    00002382 3A                    9184 	.db #0x3a	; 58
    00002383 00                    9185 	.db #0x00	; 0
    00002384 00                    9186 	.db #0x00	; 0
    00002385 00                    9187 	.db #0x00	; 0
    00002386 00                    9188 	.db #0x00	; 0
    00002387 00                    9189 	.db #0x00	; 0
    00002388 00                    9190 	.db #0x00	; 0
    00002389 1B                    9191 	.db #0x1b	; 27
    0000238A EF                    9192 	.db #0xef	; 239
    0000238B B8                    9193 	.db #0xb8	; 184
    0000238C EB                    9194 	.db #0xeb	; 235
    0000238D A0                    9195 	.db #0xa0	; 160
    0000238E 3A                    9196 	.db #0x3a	; 58
    0000238F E8                    9197 	.db #0xe8	; 232
    00002390 00                    9198 	.db #0x00	; 0
    00002391 36                    9199 	.db #0x36	; 54	'6'
    00002392 00                    9200 	.db #0x00	; 0
    00002393 00                    9201 	.db #0x00	; 0
    00002394 00                    9202 	.db #0x00	; 0
    00002395 03                    9203 	.db #0x03	; 3
    00002396 7D                    9204 	.db #0x7d	; 125
    00002397 C0                    9205 	.db #0xc0	; 192
    00002398 00                    9206 	.db #0x00	; 0
    00002399 00                    9207 	.db #0x00	; 0
    0000239A 36                    9208 	.db #0x36	; 54	'6'
    0000239B                       9209 _dandy_level_23:
    0000239B 00                    9210 	.db #0x00	; 0
    0000239C 00                    9211 	.db #0x00	; 0
    0000239D 00                    9212 	.db #0x00	; 0
    0000239E 00                    9213 	.db #0x00	; 0
    0000239F 00                    9214 	.db #0x00	; 0
    000023A0 00                    9215 	.db #0x00	; 0
    000023A1 12                    9216 	.db #0x12	; 18
    000023A2 48                    9217 	.db #0x48	; 72	'H'
    000023A3 72                    9218 	.db #0x72	; 114	'r'
    000023A4 00                    9219 	.db #0x00	; 0
    000023A5 00                    9220 	.db #0x00	; 0
    000023A6 00                    9221 	.db #0x00	; 0
    000023A7 00                    9222 	.db #0x00	; 0
    000023A8 34                    9223 	.db #0x34	; 52	'4'
    000023A9 00                    9224 	.db #0x00	; 0
    000023AA 74                    9225 	.db #0x74	; 116	't'
    000023AB 3A                    9226 	.db #0x3a	; 58
    000023AC 39                    9227 	.db #0x39	; 57	'9'
    000023AD 00                    9228 	.db #0x00	; 0
    000023AE 06                    9229 	.db #0x06	; 6
    000023AF 60                    9230 	.db #0x60	; 96
    000023B0 00                    9231 	.db #0x00	; 0
    000023B1 73                    9232 	.db #0x73	; 115	's'
    000023B2 C8                    9233 	.db #0xc8	; 200
    000023B3 0A                    9234 	.db #0x0a	; 10
    000023B4 14                    9235 	.db #0x14	; 20
    000023B5 01                    9236 	.db #0x01	; 1
    000023B6 24                    9237 	.db #0x24	; 36
    000023B7 9C                    9238 	.db #0x9c	; 156
    000023B8 82                    9239 	.db #0x82	; 130
    000023B9 80                    9240 	.db #0x80	; 128
    000023BA 28                    9241 	.db #0x28	; 40
    000023BB 00                    9242 	.db #0x00	; 0
    000023BC 02                    9243 	.db #0x02	; 2
    000023BD 24                    9244 	.db #0x24	; 36
    000023BE 40                    9245 	.db #0x40	; 64
    000023BF 1D                    9246 	.db #0x1d	; 29
    000023C0 0E                    9247 	.db #0x0e	; 14
    000023C1 40                    9248 	.db #0x40	; 64
    000023C2 44                    9249 	.db #0x44	; 68	'D'
    000023C3 04                    9250 	.db #0x04	; 4
    000023C4 40                    9251 	.db #0x40	; 64
    000023C5 72                    9252 	.db #0x72	; 114	'r'
    000023C6 72                    9253 	.db #0x72	; 114	'r'
    000023C7 00                    9254 	.db #0x00	; 0
    000023C8 80                    9255 	.db #0x80	; 128
    000023C9 3A                    9256 	.db #0x3a	; 58
    000023CA 24                    9257 	.db #0x24	; 36
    000023CB 90                    9258 	.db #0x90	; 144
    000023CC E4                    9259 	.db #0xe4	; 228
    000023CD 9F                    9260 	.db #0x9f	; 159
    000023CE AA                    9261 	.db #0xaa	; 170
    000023CF A9                    9262 	.db #0xa9	; 169
    000023D0 FA                    9263 	.db #0xfa	; 250
    000023D1 00                    9264 	.db #0x00	; 0
    000023D2 00                    9265 	.db #0x00	; 0
    000023D3 3C                    9266 	.db #0x3c	; 60
    000023D4 78                    9267 	.db #0x78	; 120	'x'
    000023D5 00                    9268 	.db #0x00	; 0
    000023D6 E8                    9269 	.db #0xe8	; 232
    000023D7 3A                    9270 	.db #0x3a	; 58
    000023D8 00                    9271 	.db #0x00	; 0
    000023D9 9B                    9272 	.db #0x9b	; 155
    000023DA C0                    9273 	.db #0xc0	; 192
    000023DB 5B                    9274 	.db #0x5b	; 91
    000023DC A0                    9275 	.db #0xa0	; 160
    000023DD 1C                    9276 	.db #0x1c	; 28
    000023DE F2                    9277 	.db #0xf2	; 242
    000023DF 00                    9278 	.db #0x00	; 0
    000023E0 A8                    9279 	.db #0xa8	; 168
    000023E1 00                    9280 	.db #0x00	; 0
    000023E2 00                    9281 	.db #0x00	; 0
    000023E3 E4                    9282 	.db #0xe4	; 228
    000023E4 14                    9283 	.db #0x14	; 20
    000023E5 01                    9284 	.db #0x01	; 1
    000023E6 40                    9285 	.db #0x40	; 64
    000023E7 00                    9286 	.db #0x00	; 0
    000023E8 0A                    9287 	.db #0x0a	; 10
    000023E9 4A                    9288 	.db #0x4a	; 74	'J'
    000023EA 01                    9289 	.db #0x01	; 1
    000023EB D1                    9290 	.db #0xd1	; 209
    000023EC D0                    9291 	.db #0xd0	; 208
    000023ED 0E                    9292 	.db #0x0e	; 14
    000023EE 84                    9293 	.db #0x84	; 132
    000023EF 6F                    9294 	.db #0x6f	; 111	'o'
    000023F0 B9                    9295 	.db #0xb9	; 185
    000023F1 BE                    9296 	.db #0xbe	; 190
    000023F2 E4                    9297 	.db #0xe4	; 228
    000023F3 74                    9298 	.db #0x74	; 116	't'
    000023F4 00                    9299 	.db #0x00	; 0
    000023F5 14                    9300 	.db #0x14	; 20
    000023F6 21                    9301 	.db #0x21	; 33
    000023F7 40                    9302 	.db #0x40	; 64
    000023F8 00                    9303 	.db #0x00	; 0
    000023F9 3A                    9304 	.db #0x3a	; 58
    000023FA 74                    9305 	.db #0x74	; 116	't'
    000023FB 40                    9306 	.db #0x40	; 64
    000023FC 04                    9307 	.db #0x04	; 4
    000023FD E9                    9308 	.db #0xe9	; 233
    000023FE D0                    9309 	.db #0xd0	; 208
    000023FF 0A                    9310 	.db #0x0a	; 10
    00002400 40                    9311 	.db #0x40	; 64
    00002401 81                    9312 	.db #0x81	; 129
    00002402 28                    9313 	.db #0x28	; 40
    00002403 00                    9314 	.db #0x00	; 0
    00002404 74                    9315 	.db #0x74	; 116	't'
    00002405 E8                    9316 	.db #0xe8	; 232
    00002406 8E                    9317 	.db #0x8e	; 142
    00002407 5B                    9318 	.db #0x5b	; 91
    00002408 6C                    9319 	.db #0x6c	; 108	'l'
    00002409 E4                    9320 	.db #0xe4	; 228
    0000240A 9D                    9321 	.db #0x9d	; 157
    0000240B 3A                    9322 	.db #0x3a	; 58
    0000240C 02                    9323 	.db #0x02	; 2
    0000240D 21                    9324 	.db #0x21	; 33
    0000240E B1                    9325 	.db #0xb1	; 177
    0000240F 1B                    9326 	.db #0x1b	; 27
    00002410 08                    9327 	.db #0x08	; 8
    00002411 84                    9328 	.db #0x84	; 132
    00002412 03                    9329 	.db #0x03	; 3
    00002413 A1                    9330 	.db #0xa1	; 161
    00002414 06                    9331 	.db #0x06	; 6
    00002415 DB                    9332 	.db #0xdb	; 219
    00002416 04                    9333 	.db #0x04	; 4
    00002417 74                    9334 	.db #0x74	; 116	't'
    00002418 00                    9335 	.db #0x00	; 0
    00002419 41                    9336 	.db #0x41	; 65	'A'
    0000241A DA                    9337 	.db #0xda	; 218
    0000241B 76                    9338 	.db #0x76	; 118	'v'
    0000241C 10                    9339 	.db #0x10	; 16
    0000241D 10                    9340 	.db #0x10	; 16
    0000241E 00                    9341 	.db #0x00	; 0
    0000241F A0                    9342 	.db #0xa0	; 160
    00002420 0A                    9343 	.db #0x0a	; 10
    00002421 00                    9344 	.db #0x00	; 0
    00002422 15                    9345 	.db #0x15	; 21
    00002423 1B                    9346 	.db #0x1b	; 27
    00002424 1D                    9347 	.db #0x1d	; 29
    00002425 DD                    9348 	.db #0xdd	; 221
    00002426 9B                    9349 	.db #0x9b	; 155
    00002427 15                    9350 	.db #0x15	; 21
    00002428 05                    9351 	.db #0x05	; 5
    00002429 00                    9352 	.db #0x00	; 0
    0000242A 0A                    9353 	.db #0x0a	; 10
    0000242B 02                    9354 	.db #0x02	; 2
    0000242C 80                    9355 	.db #0x80	; 128
    0000242D 04                    9356 	.db #0x04	; 4
    0000242E 41                    9357 	.db #0x41	; 65	'A'
    0000242F DA                    9358 	.db #0xda	; 218
    00002430 76                    9359 	.db #0x76	; 118	'v'
    00002431 11                    9360 	.db #0x11	; 17
    00002432 04                    9361 	.db #0x04	; 4
    00002433 00                    9362 	.db #0x00	; 0
    00002434 15                    9363 	.db #0x15	; 21
    00002435 15                    9364 	.db #0x15	; 21
    00002436 07                    9365 	.db #0x07	; 7
    00002437 7D                    9366 	.db #0x7d	; 125
    00002438 80                    9367 	.db #0x80	; 128
    00002439 21                    9368 	.db #0x21	; 33
    0000243A B1                    9369 	.db #0xb1	; 177
    0000243B 1B                    9370 	.db #0x1b	; 27
    0000243C 08                    9371 	.db #0x08	; 8
    0000243D 04                    9372 	.db #0x04	; 4
    0000243E 28                    9373 	.db #0x28	; 40
    0000243F 00                    9374 	.db #0x00	; 0
    00002440 00                    9375 	.db #0x00	; 0
    00002441 EC                    9376 	.db #0xec	; 236
    00002442 EC                    9377 	.db #0xec	; 236
    00002443 0A                    9378 	.db #0x0a	; 10
    00002444 80                    9379 	.db #0x80	; 128
    00002445 80                    9380 	.db #0x80	; 128
    00002446 A8                    9381 	.db #0xa8	; 168
    00002447 10                    9382 	.db #0x10	; 16
    00002448 20                    9383 	.db #0x20	; 32
    00002449 00                    9384 	.db #0x00	; 0
    0000244A 03                    9385 	.db #0x03	; 3
    0000244B BE                    9386 	.db #0xbe	; 190
    0000244C C0                    9387 	.db #0xc0	; 192
    0000244D 85                    9388 	.db #0x85	; 133
    0000244E 00                    9389 	.db #0x00	; 0
    0000244F 28                    9390 	.db #0x28	; 40
    00002450 41                    9391 	.db #0x41	; 65	'A'
    00002451 02                    9392 	.db #0x02	; 2
    00002452 00                    9393 	.db #0x00	; 0
    00002453 00                    9394 	.db #0x00	; 0
    00002454 00                    9395 	.db #0x00	; 0
    00002455 00                    9396 	.db #0x00	; 0
    00002456 AA                    9397 	.db #0xaa	; 170
    00002457 55                    9398 	.db #0x55	; 85	'U'
    00002458 00                    9399 	.db #0x00	; 0
    00002459 28                    9400 	.db #0x28	; 40
    0000245A 50                    9401 	.db #0x50	; 80	'P'
    0000245B 01                    9402 	.db #0x01	; 1
    0000245C 54                    9403 	.db #0x54	; 84	'T'
    0000245D 00                    9404 	.db #0x00	; 0
    0000245E 00                    9405 	.db #0x00	; 0
    0000245F 0A                    9406 	.db #0x0a	; 10
    00002460 50                    9407 	.db #0x50	; 80	'P'
    00002461 01                    9408 	.db #0x01	; 1
    00002462 47                    9409 	.db #0x47	; 71	'G'
    00002463 20                    9410 	.db #0x20	; 32
    00002464 2A                    9411 	.db #0x2a	; 42
    00002465 AA                    9412 	.db #0xaa	; 170
    00002466 20                    9413 	.db #0x20	; 32
    00002467 00                    9414 	.db #0x00	; 0
    00002468 00                    9415 	.db #0x00	; 0
    00002469 00                    9416 	.db #0x00	; 0
    0000246A 01                    9417 	.db #0x01	; 1
    0000246B 47                    9418 	.db #0x47	; 71	'G'
    0000246C 2E                    9419 	.db #0x2e	; 46
    0000246D 41                    9420 	.db #0x41	; 65	'A'
    0000246E 40                    9421 	.db #0x40	; 64
    0000246F 49                    9422 	.db #0x49	; 73	'I'
    00002470 55                    9423 	.db #0x55	; 85	'U'
    00002471 55                    9424 	.db #0x55	; 85	'U'
    00002472 55                    9425 	.db #0x55	; 85	'U'
    00002473 55                    9426 	.db #0x55	; 85	'U'
    00002474 55                    9427 	.db #0x55	; 85	'U'
    00002475 55                    9428 	.db #0x55	; 85	'U'
    00002476 55                    9429 	.db #0x55	; 85	'U'
    00002477 55                    9430 	.db #0x55	; 85	'U'
    00002478 50                    9431 	.db #0x50	; 80	'P'
    00002479 E5                    9432 	.db #0xe5	; 229
    0000247A C8                    9433 	.db #0xc8	; 200
    0000247B 15                    9434 	.db #0x15	; 21
    0000247C 51                    9435 	.db #0x51	; 81	'Q'
    0000247D 54                    9436 	.db #0x54	; 84	'T'
    0000247E 00                    9437 	.db #0x00	; 0
    0000247F 00                    9438 	.db #0x00	; 0
    00002480 0E                    9439 	.db #0x0e	; 14
    00002481 79                    9440 	.db #0x79	; 121	'y'
    00002482 E7                    9441 	.db #0xe7	; 231
    00002483 9E                    9442 	.db #0x9e	; 158
    00002484 43                    9443 	.db #0x43	; 67	'C'
    00002485 9E                    9444 	.db #0x9e	; 158
    00002486 40                    9445 	.db #0x40	; 64
    00002487 E5                    9446 	.db #0xe5	; 229
    00002488 C8                    9447 	.db #0xc8	; 200
    00002489 00                    9448 	.db #0x00	; 0
    0000248A 00                    9449 	.db #0x00	; 0
    0000248B 00                    9450 	.db #0x00	; 0
    0000248C 00                    9451 	.db #0x00	; 0
    0000248D 1C                    9452 	.db #0x1c	; 28
    0000248E F3                    9453 	.db #0xf3	; 243
    0000248F CF                    9454 	.db #0xcf	; 207
    00002490 3C                    9455 	.db #0x3c	; 60
    00002491 87                    9456 	.db #0x87	; 135
    00002492 3C                    9457 	.db #0x3c	; 60
    00002493 88                    9458 	.db #0x88	; 136
    00002494 72                    9459 	.db #0x72	; 114	'r'
    00002495 00                    9460 	.db #0x00	; 0
    00002496 10                    9461 	.db #0x10	; 16
    00002497 6F                    9462 	.db #0x6f	; 111	'o'
    00002498 BE                    9463 	.db #0xbe	; 190
    00002499 FB                    9464 	.db #0xfb	; 251
    0000249A EF                    9465 	.db #0xef	; 239
    0000249B BE                    9466 	.db #0xbe	; 190
    0000249C FB                    9467 	.db #0xfb	; 251
    0000249D EF                    9468 	.db #0xef	; 239
    0000249E BE                    9469 	.db #0xbe	; 190
    0000249F E0                    9470 	.db #0xe0	; 224
    000024A0 00                    9471 	.db #0x00	; 0
    000024A1 55                    9472 	.db #0x55	; 85	'U'
    000024A2 42                    9473 	.db #0x42	; 66	'B'
    000024A3 20                    9474 	.db #0x20	; 32
    000024A4 00                    9475 	.db #0x00	; 0
    000024A5 08                    9476 	.db #0x08	; 8
    000024A6 37                    9477 	.db #0x37	; 55	'7'
    000024A7 DF                    9478 	.db #0xdf	; 223
    000024A8 7D                    9479 	.db #0x7d	; 125
    000024A9 F7                    9480 	.db #0xf7	; 247
    000024AA DF                    9481 	.db #0xdf	; 223
    000024AB 7D                    9482 	.db #0x7d	; 125
    000024AC F7                    9483 	.db #0xf7	; 247
    000024AD DF                    9484 	.db #0xdf	; 223
    000024AE 7A                    9485 	.db #0x7a	; 122	'z'
    000024AF AA                    9486 	.db #0xaa	; 170
    000024B0 AA                    9487 	.db #0xaa	; 170
    000024B1 AA                    9488 	.db #0xaa	; 170
    000024B2 82                    9489 	.db #0x82	; 130
    000024B3 29                    9490 	.db #0x29	; 41
    000024B4 02                    9491 	.db #0x02	; 2
    000024B5 E7                    9492 	.db #0xe7	; 231
    000024B6 9E                    9493 	.db #0x9e	; 158
    000024B7 79                    9494 	.db #0x79	; 121	'y'
    000024B8 E6                    9495 	.db #0xe6	; 230
    000024B9 09                    9496 	.db #0x09	; 9
    000024BA 4A                    9497 	.db #0x4a	; 74	'J'
    000024BB AA                    9498 	.db #0xaa	; 170
    000024BC AA                    9499 	.db #0xaa	; 170
    000024BD 80                    9500 	.db #0x80	; 128
    000024BE 00                    9501 	.db #0x00	; 0
    000024BF 08                    9502 	.db #0x08	; 8
    000024C0 92                    9503 	.db #0x92	; 146
    000024C1 82                    9504 	.db #0x82	; 130
    000024C2 E7                    9505 	.db #0xe7	; 231
    000024C3 9E                    9506 	.db #0x9e	; 158
    000024C4 79                    9507 	.db #0x79	; 121	'y'
    000024C5 E6                    9508 	.db #0xe6	; 230
    000024C6 28                    9509 	.db #0x28	; 40
    000024C7 88                    9510 	.db #0x88	; 136
    000024C8 00                    9511 	.db #0x00	; 0
    000024C9 00                    9512 	.db #0x00	; 0
    000024CA 00                    9513 	.db #0x00	; 0
    000024CB 45                    9514 	.db #0x45	; 69	'E'
    000024CC 22                    9515 	.db #0x22	; 34
    000024CD 85                    9516 	.db #0x85	; 133
    000024CE 55                    9517 	.db #0x55	; 85	'U'
    000024CF 44                    9518 	.db #0x44	; 68	'D'
    000024D0 22                    9519 	.db #0x22	; 34
    000024D1 00                    9520 	.db #0x00	; 0
    000024D2 00                    9521 	.db #0x00	; 0
    000024D3 00                    9522 	.db #0x00	; 0
    000024D4 20                    9523 	.db #0x20	; 32
    000024D5 A0                    9524 	.db #0xa0	; 160
    000024D6 80                    9525 	.db #0x80	; 128
    000024D7                       9526 _dandy_level_24:
    000024D7 00                    9527 	.db #0x00	; 0
    000024D8 00                    9528 	.db #0x00	; 0
    000024D9 00                    9529 	.db #0x00	; 0
    000024DA 00                    9530 	.db #0x00	; 0
    000024DB 01                    9531 	.db #0x01	; 1
    000024DC E7                    9532 	.db #0xe7	; 231
    000024DD FE                    9533 	.db #0xfe	; 254
    000024DE 00                    9534 	.db #0x00	; 0
    000024DF 00                    9535 	.db #0x00	; 0
    000024E0 33                    9536 	.db #0x33	; 51	'3'
    000024E1 15                    9537 	.db #0x15	; 21
    000024E2 55                    9538 	.db #0x55	; 85	'U'
    000024E3 28                    9539 	.db #0x28	; 40
    000024E4 00                    9540 	.db #0x00	; 0
    000024E5 15                    9541 	.db #0x15	; 21
    000024E6 50                    9542 	.db #0x50	; 80	'P'
    000024E7 0F                    9543 	.db #0x0f	; 15
    000024E8 01                    9544 	.db #0x01	; 1
    000024E9 44                    9545 	.db #0x44	; 68	'D'
    000024EA 20                    9546 	.db #0x20	; 32
    000024EB 08                    9547 	.db #0x08	; 8
    000024EC 88                    9548 	.db #0x88	; 136
    000024ED 80                    9549 	.db #0x80	; 128
    000024EE 01                    9550 	.db #0x01	; 1
    000024EF 00                    9551 	.db #0x00	; 0
    000024F0 00                    9552 	.db #0x00	; 0
    000024F1 22                    9553 	.db #0x22	; 34
    000024F2 F2                    9554 	.db #0xf2	; 242
    000024F3 5E                    9555 	.db #0x5e	; 94
    000024F4 40                    9556 	.db #0x40	; 64
    000024F5 04                    9557 	.db #0x04	; 4
    000024F6 09                    9558 	.db #0x09	; 9
    000024F7 41                    9559 	.db #0x41	; 65	'A'
    000024F8 5C                    9560 	.db #0x5c	; 92
    000024F9 89                    9561 	.db #0x89	; 137
    000024FA C8                    9562 	.db #0xc8	; 200
    000024FB B9                    9563 	.db #0xb9	; 185
    000024FC AB                    9564 	.db #0xab	; 171
    000024FD 91                    9565 	.db #0x91	; 145
    000024FE 5C                    9566 	.db #0x5c	; 92
    000024FF C5                    9567 	.db #0xc5	; 197
    00002500 E5                    9568 	.db #0xe5	; 229
    00002501 CD                    9569 	.db #0xcd	; 205
    00002502 E4                    9570 	.db #0xe4	; 228
    00002503 00                    9571 	.db #0x00	; 0
    00002504 40                    9572 	.db #0x40	; 64
    00002505 A2                    9573 	.db #0xa2	; 162
    00002506 2D                    9574 	.db #0x2d	; 45
    00002507 B6                    9575 	.db #0xb6	; 182
    00002508 85                    9576 	.db #0x85	; 133
    00002509 41                    9577 	.db #0x41	; 65	'A'
    0000250A 6D                    9578 	.db #0x6d	; 109	'm'
    0000250B B6                    9579 	.db #0xb6	; 182
    0000250C D1                    9580 	.db #0xd1	; 209
    0000250D 6D                    9581 	.db #0x6d	; 109	'm'
    0000250E B5                    9582 	.db #0xb5	; 181
    0000250F 09                    9583 	.db #0x09	; 9
    00002510 CA                    9584 	.db #0xca	; 202
    00002511 00                    9585 	.db #0x00	; 0
    00002512 10                    9586 	.db #0x10	; 16
    00002513 21                    9587 	.db #0x21	; 33
    00002514 15                    9588 	.db #0x15	; 21
    00002515 42                    9589 	.db #0x42	; 66	'B'
    00002516 72                    9590 	.db #0x72	; 114	'r'
    00002517 16                    9591 	.db #0x16	; 22
    00002518 CD                    9592 	.db #0xcd	; 205
    00002519 A2                    9593 	.db #0xa2	; 162
    0000251A DB                    9594 	.db #0xdb	; 219
    0000251B 6D                    9595 	.db #0x6d	; 109	'm'
    0000251C A1                    9596 	.db #0xa1	; 161
    0000251D 39                    9597 	.db #0x39	; 57	'9'
    0000251E E6                    9598 	.db #0xe6	; 230
    0000251F 1C                    9599 	.db #0x1c	; 28
    00002520 71                    9600 	.db #0x71	; 113	'q'
    00002521 C0                    9601 	.db #0xc0	; 192
    00002522 20                    9602 	.db #0x20	; 32
    00002523 42                    9603 	.db #0x42	; 66	'B'
    00002524 2E                    9604 	.db #0x2e	; 46
    00002525 79                    9605 	.db #0x79	; 121	'y'
    00002526 E4                    9606 	.db #0xe4	; 228
    00002527 42                    9607 	.db #0x42	; 66	'B'
    00002528 2D                    9608 	.db #0x2d	; 45
    00002529 9B                    9609 	.db #0x9b	; 155
    0000252A 45                    9610 	.db #0x45	; 69	'E'
    0000252B B6                    9611 	.db #0xb6	; 182
    0000252C DB                    9612 	.db #0xdb	; 219
    0000252D 40                    9613 	.db #0x40	; 64
    0000252E 72                    9614 	.db #0x72	; 114	'r'
    0000252F 1C                    9615 	.db #0x1c	; 28
    00002530 71                    9616 	.db #0x71	; 113	'q'
    00002531 C0                    9617 	.db #0xc0	; 192
    00002532 54                    9618 	.db #0x54	; 84	'T'
    00002533 28                    9619 	.db #0x28	; 40
    00002534 51                    9620 	.db #0x51	; 81	'Q'
    00002535 50                    9621 	.db #0x50	; 80	'P'
    00002536 AA                    9622 	.db #0xaa	; 170
    00002537 95                    9623 	.db #0x95	; 149
    00002538 B3                    9624 	.db #0xb3	; 179
    00002539 6A                    9625 	.db #0x6a	; 106	'j'
    0000253A 2A                    9626 	.db #0x2a	; 42
    0000253B A2                    9627 	.db #0xa2	; 162
    0000253C 10                    9628 	.db #0x10	; 16
    0000253D E3                    9629 	.db #0xe3	; 227
    0000253E 8E                    9630 	.db #0x8e	; 142
    0000253F 00                    9631 	.db #0x00	; 0
    00002540 00                    9632 	.db #0x00	; 0
    00002541 00                    9633 	.db #0x00	; 0
    00002542 00                    9634 	.db #0x00	; 0
    00002543 00                    9635 	.db #0x00	; 0
    00002544 00                    9636 	.db #0x00	; 0
    00002545 00                    9637 	.db #0x00	; 0
    00002546 EA                    9638 	.db #0xea	; 234
    00002547 AA                    9639 	.db #0xaa	; 170
    00002548 AA                    9640 	.db #0xaa	; 170
    00002549 AA                    9641 	.db #0xaa	; 170
    0000254A AA                    9642 	.db #0xaa	; 170
    0000254B AA                    9643 	.db #0xaa	; 170
    0000254C AA                    9644 	.db #0xaa	; 170
    0000254D AA                    9645 	.db #0xaa	; 170
    0000254E AA                    9646 	.db #0xaa	; 170
    0000254F AA                    9647 	.db #0xaa	; 170
    00002550 AA                    9648 	.db #0xaa	; 170
    00002551 AA                    9649 	.db #0xaa	; 170
    00002552 AA                    9650 	.db #0xaa	; 170
    00002553 AA                    9651 	.db #0xaa	; 170
    00002554 AA                    9652 	.db #0xaa	; 170
    00002555 EC                    9653 	.db #0xec	; 236
    00002556 00                    9654 	.db #0x00	; 0
    00002557 00                    9655 	.db #0x00	; 0
    00002558 74                    9656 	.db #0x74	; 116	't'
    00002559 75                    9657 	.db #0x75	; 117	'u'
    0000255A D0                    9658 	.db #0xd0	; 208
    0000255B EB                    9659 	.db #0xeb	; 235
    0000255C A0                    9660 	.db #0xa0	; 160
    0000255D 75                    9661 	.db #0x75	; 117	'u'
    0000255E D0                    9662 	.db #0xd0	; 208
    0000255F 1D                    9663 	.db #0x1d	; 29
    00002560 74                    9664 	.db #0x74	; 116	't'
    00002561 0E                    9665 	.db #0x0e	; 14
    00002562 BA                    9666 	.db #0xba	; 186
    00002563 03                    9667 	.db #0x03	; 3
    00002564 A1                    9668 	.db #0xa1	; 161
    00002565 55                    9669 	.db #0x55	; 85	'U'
    00002566 55                    9670 	.db #0x55	; 85	'U'
    00002567 55                    9671 	.db #0x55	; 85	'U'
    00002568 55                    9672 	.db #0x55	; 85	'U'
    00002569 55                    9673 	.db #0x55	; 85	'U'
    0000256A 55                    9674 	.db #0x55	; 85	'U'
    0000256B 55                    9675 	.db #0x55	; 85	'U'
    0000256C 55                    9676 	.db #0x55	; 85	'U'
    0000256D 55                    9677 	.db #0x55	; 85	'U'
    0000256E 55                    9678 	.db #0x55	; 85	'U'
    0000256F 55                    9679 	.db #0x55	; 85	'U'
    00002570 55                    9680 	.db #0x55	; 85	'U'
    00002571 55                    9681 	.db #0x55	; 85	'U'
    00002572 50                    9682 	.db #0x50	; 80	'P'
    00002573 00                    9683 	.db #0x00	; 0
    00002574 00                    9684 	.db #0x00	; 0
    00002575 00                    9685 	.db #0x00	; 0
    00002576 00                    9686 	.db #0x00	; 0
    00002577 0E                    9687 	.db #0x0e	; 14
    00002578 80                    9688 	.db #0x80	; 128
    00002579 DC                    9689 	.db #0xdc	; 220
    0000257A 00                    9690 	.db #0x00	; 0
    0000257B 75                    9691 	.db #0x75	; 117	'u'
    0000257C CF                    9692 	.db #0xcf	; 207
    0000257D 5D                    9693 	.db #0x5d	; 93
    0000257E 6D                    9694 	.db #0x6d	; 109	'm'
    0000257F B9                    9695 	.db #0xb9	; 185
    00002580 D3                    9696 	.db #0xd3	; 211
    00002581 77                    9697 	.db #0x77	; 119	'w'
    00002582 67                    9698 	.db #0x67	; 103	'g'
    00002583 5D                    9699 	.db #0x5d	; 93
    00002584 1D                    9700 	.db #0x1d	; 29
    00002585 0E                    9701 	.db #0x0e	; 14
    00002586 BA                    9702 	.db #0xba	; 186
    00002587 36                    9703 	.db #0x36	; 54	'6'
    00002588 D8                    9704 	.db #0xd8	; 216
    00002589 0D                    9705 	.db #0x0d	; 13
    0000258A B6                    9706 	.db #0xb6	; 182
    0000258B 00                    9707 	.db #0x00	; 0
    0000258C 00                    9708 	.db #0x00	; 0
    0000258D 1C                    9709 	.db #0x1c	; 28
    0000258E 1C                    9710 	.db #0x1c	; 28
    0000258F EF                    9711 	.db #0xef	; 239
    00002590 E8                    9712 	.db #0xe8	; 232
    00002591 F4                    9713 	.db #0xf4	; 244
    00002592 7A                    9714 	.db #0x7a	; 122	'z'
    00002593 3D                    9715 	.db #0x3d	; 61
    00002594 3D                    9716 	.db #0x3d	; 61
    00002595 1E                    9717 	.db #0x1e	; 30
    00002596 9B                    9718 	.db #0x9b	; 155
    00002597 7A                    9719 	.db #0x7a	; 122	'z'
    00002598 3D                    9720 	.db #0x3d	; 61
    00002599 1E                    9721 	.db #0x1e	; 30
    0000259A 9E                    9722 	.db #0x9e	; 158
    0000259B B7                    9723 	.db #0xb7	; 183
    0000259C 7B                    9724 	.db #0x7b	; 123
    0000259D BB                    9725 	.db #0xbb	; 187
    0000259E AE                    9726 	.db #0xae	; 174
    0000259F 9E                    9727 	.db #0x9e	; 158
    000025A0 8F                    9728 	.db #0x8f	; 143
    000025A1 4F                    9729 	.db #0x4f	; 79	'O'
    000025A2 47                    9730 	.db #0x47	; 71	'G'
    000025A3 3C                    9731 	.db #0x3c	; 60
    000025A4 B7                    9732 	.db #0xb7	; 183
    000025A5 6F                    9733 	.db #0x6f	; 111	'o'
    000025A6 B8                    9734 	.db #0xb8	; 184
    000025A7 DF                    9735 	.db #0xdf	; 223
    000025A8 73                    9736 	.db #0x73	; 115	's'
    000025A9 7D                    9737 	.db #0x7d	; 125
    000025AA CD                    9738 	.db #0xcd	; 205
    000025AB F7                    9739 	.db #0xf7	; 247
    000025AC 1B                    9740 	.db #0x1b	; 27
    000025AD 8D                    9741 	.db #0x8d	; 141
    000025AE F7                    9742 	.db #0xf7	; 247
    000025AF DC                    9743 	.db #0xdc	; 220
    000025B0 74                    9744 	.db #0x74	; 116	't'
    000025B1 06                    9745 	.db #0x06	; 6
    000025B2 E1                    9746 	.db #0xe1	; 225
    000025B3 D0                    9747 	.db #0xd0	; 208
    000025B4 00                    9748 	.db #0x00	; 0
    000025B5 00                    9749 	.db #0x00	; 0
    000025B6 EF                    9750 	.db #0xef	; 239
    000025B7 80                    9751 	.db #0x80	; 128
    000025B8 00                    9752 	.db #0x00	; 0
    000025B9 00                    9753 	.db #0x00	; 0
    000025BA DC                    9754 	.db #0xdc	; 220
    000025BB 3A                    9755 	.db #0x3a	; 58
    000025BC 00                    9756 	.db #0x00	; 0
    000025BD 03                    9757 	.db #0x03	; 3
    000025BE 80                    9758 	.db #0x80	; 128
    000025BF DC                    9759 	.db #0xdc	; 220
    000025C0 3D                    9760 	.db #0x3d	; 61
    000025C1 7B                    9761 	.db #0x7b	; 123
    000025C2 DB                    9762 	.db #0xdb	; 219
    000025C3 DF                    9763 	.db #0xdf	; 223
    000025C4 4F                    9764 	.db #0x4f	; 79	'O'
    000025C5 47                    9765 	.db #0x47	; 71	'G'
    000025C6 A3                    9766 	.db #0xa3	; 163
    000025C7 DD                    9767 	.db #0xdd	; 221
    000025C8 CF                    9768 	.db #0xcf	; 207
    000025C9 47                    9769 	.db #0x47	; 71	'G'
    000025CA A7                    9770 	.db #0xa7	; 167
    000025CB AD                    9771 	.db #0xad	; 173
    000025CC DE                    9772 	.db #0xde	; 222
    000025CD F4                    9773 	.db #0xf4	; 244
    000025CE 7A                    9774 	.db #0x7a	; 122	'z'
    000025CF 3D                    9775 	.db #0x3d	; 61
    000025D0 3D                    9776 	.db #0x3d	; 61
    000025D1 3D                    9777 	.db #0x3d	; 61
    000025D2 1E                    9778 	.db #0x1e	; 30
    000025D3 9E                    9779 	.db #0x9e	; 158
    000025D4 80                    9780 	.db #0x80	; 128
    000025D5 0D                    9781 	.db #0x0d	; 13
    000025D6 F7                    9782 	.db #0xf7	; 247
    000025D7 6F                    9783 	.db #0x6f	; 111	'o'
    000025D8 B8                    9784 	.db #0xb8	; 184
    000025D9 DC                    9785 	.db #0xdc	; 220
    000025DA DC                    9786 	.db #0xdc	; 220
    000025DB 1B                    9787 	.db #0x1b	; 27
    000025DC 0D                    9788 	.db #0x0d	; 13
    000025DD 8E                    9789 	.db #0x8e	; 142
    000025DE BA                    9790 	.db #0xba	; 186
    000025DF E8                    9791 	.db #0xe8	; 232
    000025E0 00                    9792 	.db #0x00	; 0
    000025E1 0D                    9793 	.db #0x0d	; 13
    000025E2 C0                    9794 	.db #0xc0	; 192
    000025E3 03                    9795 	.db #0x03	; 3
    000025E4 B0                    9796 	.db #0xb0	; 176
    000025E5 01                    9797 	.db #0x01	; 1
    000025E6 B9                    9798 	.db #0xb9	; 185
    000025E7 C3                    9799 	.db #0xc3	; 195
    000025E8 6D                    9800 	.db #0x6d	; 109	'm'
    000025E9 8D                    9801 	.db #0x8d	; 141
    000025EA 9B                    9802 	.db #0x9b	; 155
    000025EB B6                    9803 	.db #0xb6	; 182
    000025EC D8                    9804 	.db #0xd8	; 216
    000025ED 06                    9805 	.db #0x06	; 6
    000025EE E3                    9806 	.db #0xe3	; 227
    000025EF 7D                    9807 	.db #0x7d	; 125
    000025F0 C0                    9808 	.db #0xc0	; 192
    000025F1 E8                    9809 	.db #0xe8	; 232
    000025F2 00                    9810 	.db #0x00	; 0
    000025F3 DC                    9811 	.db #0xdc	; 220
    000025F4 DF                    9812 	.db #0xdf	; 223
    000025F5 73                    9813 	.db #0x73	; 115	's'
    000025F6 66                    9814 	.db #0x66	; 102	'f'
    000025F7 E3                    9815 	.db #0xe3	; 227
    000025F8 B0                    9816 	.db #0xb0	; 176
    000025F9 D8                    9817 	.db #0xd8	; 216
    000025FA 03                    9818 	.db #0x03	; 3
    000025FB 60                    9819 	.db #0x60	; 96
    000025FC 00                    9820 	.db #0x00	; 0
    000025FD 01                    9821 	.db #0x01	; 1
    000025FE D0                    9822 	.db #0xd0	; 208
    000025FF 07                    9823 	.db #0x07	; 7
    00002600 C3                    9824 	.db #0xc3	; 195
    00002601 EF                    9825 	.db #0xef	; 239
    00002602 8D                    9826 	.db #0x8d	; 141
    00002603 F6                    9827 	.db #0xf6	; 246
    00002604 DB                    9828 	.db #0xdb	; 219
    00002605 70                    9829 	.db #0x70	; 112	'p'
    00002606 FB                    9830 	.db #0xfb	; 251
    00002607 E1                    9831 	.db #0xe1	; 225
    00002608 F7                    9832 	.db #0xf7	; 247
    00002609 C3                    9833 	.db #0xc3	; 195
    0000260A EF                    9834 	.db #0xef	; 239
    0000260B 8D                    9835 	.db #0x8d	; 141
    0000260C F7                    9836 	.db #0xf7	; 247
    0000260D 1F                    9837 	.db #0x1f	; 31
    0000260E 7C                    9838 	.db #0x7c	; 124
    0000260F 6E                    9839 	.db #0x6e	; 110	'n'
    00002610 F8                    9840 	.db #0xf8	; 248
    00002611 0F                    9841 	.db #0x0f	; 15
    00002612 BE                    9842 	.db #0xbe	; 190
    00002613 0F                    9843 	.db #0x0f	; 15
    00002614 80                    9844 	.db #0x80	; 128
    00002615 00                    9845 	.db #0x00	; 0
    00002616 76                    9846 	.db #0x76	; 118	'v'
    00002617 DF                    9847 	.db #0xdf	; 223
    00002618 71                    9848 	.db #0x71	; 113	'q'
    00002619 B8                    9849 	.db #0xb8	; 184
    0000261A DD                    9850 	.db #0xdd	; 221
    0000261B B6                    9851 	.db #0xb6	; 182
    0000261C C0                    9852 	.db #0xc0	; 192
    0000261D 00                    9853 	.db #0x00	; 0
    0000261E 03                    9854 	.db #0x03	; 3
    0000261F 70                    9855 	.db #0x70	; 112	'p'
    00002620 00                    9856 	.db #0x00	; 0
    00002621 1B                    9857 	.db #0x1b	; 27
    00002622 80                    9858 	.db #0x80	; 128
    00002623 00                    9859 	.db #0x00	; 0
    00002624 00                    9860 	.db #0x00	; 0
    00002625 00                    9861 	.db #0x00	; 0
    00002626 36                    9862 	.db #0x36	; 54	'6'
    00002627 00                    9863 	.db #0x00	; 0
    00002628 DC                    9864 	.db #0xdc	; 220
    00002629 70                    9865 	.db #0x70	; 112	'p'
    0000262A 0D                    9866 	.db #0x0d	; 13
    0000262B DF                    9867 	.db #0xdf	; 223
    0000262C FE                    9868 	.db #0xfe	; 254
    0000262D 1F                    9869 	.db #0x1f	; 31
    0000262E 87                    9870 	.db #0x87	; 135
    0000262F FF                    9871 	.db #0xff	; 255
    00002630 87                    9872 	.db #0x87	; 135
    00002631 FF                    9873 	.db #0xff	; 255
    00002632 B7                    9874 	.db #0xb7	; 183
    00002633 DF                    9875 	.db #0xdf	; 223
    00002634 F3                    9876 	.db #0xf3	; 243
    00002635 FF                    9877 	.db #0xff	; 255
    00002636 CF                    9878 	.db #0xcf	; 207
    00002637 FF                    9879 	.db #0xff	; 255
    00002638 1F                    9880 	.db #0x1f	; 31
    00002639 9F                    9881 	.db #0x9f	; 159
    0000263A FF                    9882 	.db #0xff	; 255
    0000263B F9                    9883 	.db #0xf9	; 249
    0000263C F8                    9884 	.db #0xf8	; 248
    0000263D FF                    9885 	.db #0xff	; 255
    0000263E FF                    9886 	.db #0xff	; 255
    0000263F DF                    9887 	.db #0xdf	; 223
    00002640 FE                    9888 	.db #0xfe	; 254
    00002641 7E                    9889 	.db #0x7e	; 126
    00002642 00                    9890 	.db #0x00	; 0
    00002643 3B                    9891 	.db #0x3b	; 59
    00002644 07                    9892 	.db #0x07	; 7
    00002645 5D                    9893 	.db #0x5d	; 93
    00002646 00                    9894 	.db #0x00	; 0
    00002647 00                    9895 	.db #0x00	; 0
    00002648 0E                    9896 	.db #0x0e	; 14
    00002649 87                    9897 	.db #0x87	; 135
    0000264A 5D                    9898 	.db #0x5d	; 93
    0000264B 6E                    9899 	.db #0x6e	; 110	'n'
    0000264C 0E                    9900 	.db #0x0e	; 14
    0000264D BA                    9901 	.db #0xba	; 186
    0000264E 00                    9902 	.db #0x00	; 0
    0000264F 0D                    9903 	.db #0x0d	; 13
    00002650 C0                    9904 	.db #0xc0	; 192
    00002651 DF                    9905 	.db #0xdf	; 223
    00002652 70                    9906 	.db #0x70	; 112	'p'
    00002653 00                    9907 	.db #0x00	; 0
    00002654 36                    9908 	.db #0x36	; 54	'6'
    00002655 D8                    9909 	.db #0xd8	; 216
    00002656 6D                    9910 	.db #0x6d	; 109	'm'
    00002657 B1                    9911 	.db #0xb1	; 177
    00002658 D0                    9912 	.db #0xd0	; 208
    00002659 74                    9913 	.db #0x74	; 116	't'
    0000265A 00                    9914 	.db #0x00	; 0
    0000265B 0D                    9915 	.db #0x0d	; 13
    0000265C 00                    9916 	.db #0x00	; 0
    0000265D 00                    9917 	.db #0x00	; 0
    0000265E 00                    9918 	.db #0x00	; 0
    0000265F 75                    9919 	.db #0x75	; 117	'u'
    00002660 D3                    9920 	.db #0xd3	; 211
    00002661 AE                    9921 	.db #0xae	; 174
    00002662 BA                    9922 	.db #0xba	; 186
    00002663 EB                    9923 	.db #0xeb	; 235
    00002664 A0                    9924 	.db #0xa0	; 160
    00002665 1D                    9925 	.db #0x1d	; 29
    00002666 00                    9926 	.db #0x00	; 0
    00002667 75                    9927 	.db #0x75	; 117	'u'
    00002668 D0                    9928 	.db #0xd0	; 208
    00002669 00                    9929 	.db #0x00	; 0
    0000266A                       9930 _dandy_level_25:
    0000266A DD                    9931 	.db #0xdd	; 221
    0000266B E7                    9932 	.db #0xe7	; 231
    0000266C 9B                    9933 	.db #0x9b	; 155
    0000266D EF                    9934 	.db #0xef	; 239
    0000266E E7                    9935 	.db #0xe7	; 231
    0000266F 9B                    9936 	.db #0x9b	; 155
    00002670 F9                    9937 	.db #0xf9	; 249
    00002671 E7                    9938 	.db #0xe7	; 231
    00002672 9E                    9939 	.db #0x9e	; 158
    00002673 6F                    9940 	.db #0x6f	; 111	'o'
    00002674 BE                    9941 	.db #0xbe	; 190
    00002675 FE                    9942 	.db #0xfe	; 254
    00002676 79                    9943 	.db #0x79	; 121	'y'
    00002677 BE                    9944 	.db #0xbe	; 190
    00002678 FE                    9945 	.db #0xfe	; 254
    00002679 79                    9946 	.db #0x79	; 121	'y'
    0000267A BE                    9947 	.db #0xbe	; 190
    0000267B FE                    9948 	.db #0xfe	; 254
    0000267C 79                    9949 	.db #0x79	; 121	'y'
    0000267D BF                    9950 	.db #0xbf	; 191
    0000267E 9E                    9951 	.db #0x9e	; 158
    0000267F 79                    9952 	.db #0x79	; 121	'y'
    00002680 E6                    9953 	.db #0xe6	; 230
    00002681 FE                    9954 	.db #0xfe	; 254
    00002682 6F                    9955 	.db #0x6f	; 111	'o'
    00002683 BF                    9956 	.db #0xbf	; 191
    00002684 9E                    9957 	.db #0x9e	; 158
    00002685 6F                    9958 	.db #0x6f	; 111	'o'
    00002686 BE                    9959 	.db #0xbe	; 190
    00002687 FB                    9960 	.db #0xfb	; 251
    00002688 EF                    9961 	.db #0xef	; 239
    00002689 BE                    9962 	.db #0xbe	; 190
    0000268A FB                    9963 	.db #0xfb	; 251
    0000268B EF                    9964 	.db #0xef	; 239
    0000268C BE                    9965 	.db #0xbe	; 190
    0000268D FB                    9966 	.db #0xfb	; 251
    0000268E EF                    9967 	.db #0xef	; 239
    0000268F BE                    9968 	.db #0xbe	; 190
    00002690 FB                    9969 	.db #0xfb	; 251
    00002691 EF                    9970 	.db #0xef	; 239
    00002692 BE                    9971 	.db #0xbe	; 190
    00002693 FB                    9972 	.db #0xfb	; 251
    00002694 EE                    9973 	.db #0xee	; 238
    00002695 CD                    9974 	.db #0xcd	; 205
    00002696 E6                    9975 	.db #0xe6	; 230
    00002697 FB                    9976 	.db #0xfb	; 251
    00002698 F9                    9977 	.db #0xf9	; 249
    00002699 BE                    9978 	.db #0xbe	; 190
    0000269A FE                    9979 	.db #0xfe	; 254
    0000269B 6F                    9980 	.db #0x6f	; 111	'o'
    0000269C BF                    9981 	.db #0xbf	; 191
    0000269D 9B                    9982 	.db #0x9b	; 155
    0000269E EF                    9983 	.db #0xef	; 239
    0000269F E6                    9984 	.db #0xe6	; 230
    000026A0 FB                    9985 	.db #0xfb	; 251
    000026A1 F9                    9986 	.db #0xf9	; 249
    000026A2 BE                    9987 	.db #0xbe	; 190
    000026A3 FE                    9988 	.db #0xfe	; 254
    000026A4 6F                    9989 	.db #0x6f	; 111	'o'
    000026A5 BF                    9990 	.db #0xbf	; 191
    000026A6 9B                    9991 	.db #0x9b	; 155
    000026A7 EF                    9992 	.db #0xef	; 239
    000026A8 E6                    9993 	.db #0xe6	; 230
    000026A9 FB                    9994 	.db #0xfb	; 251
    000026AA F9                    9995 	.db #0xf9	; 249
    000026AB BF                    9996 	.db #0xbf	; 191
    000026AC 9E                    9997 	.db #0x9e	; 158
    000026AD 6F                    9998 	.db #0x6f	; 111	'o'
    000026AE BF                    9999 	.db #0xbf	; 191
    000026AF 9B                   10000 	.db #0x9b	; 155
    000026B0 EF                   10001 	.db #0xef	; 239
    000026B1 BE                   10002 	.db #0xbe	; 190
    000026B2 FB                   10003 	.db #0xfb	; 251
    000026B3 EF                   10004 	.db #0xef	; 239
    000026B4 BE                   10005 	.db #0xbe	; 190
    000026B5 FB                   10006 	.db #0xfb	; 251
    000026B6 EF                   10007 	.db #0xef	; 239
    000026B7 BF                   10008 	.db #0xbf	; 191
    000026B8 3B                   10009 	.db #0x3b	; 59
    000026B9 F3                   10010 	.db #0xf3	; 243
    000026BA BF                   10011 	.db #0xbf	; 191
    000026BB 3B                   10012 	.db #0x3b	; 59
    000026BC F3                   10013 	.db #0xf3	; 243
    000026BD BF                   10014 	.db #0xbf	; 191
    000026BE 3B                   10015 	.db #0x3b	; 59
    000026BF EE                   10016 	.db #0xee	; 238
    000026C0 DF                   10017 	.db #0xdf	; 223
    000026C1 CF                   10018 	.db #0xcf	; 207
    000026C2 3C                   10019 	.db #0x3c	; 60
    000026C3 F3                   10020 	.db #0xf3	; 243
    000026C4 7D                   10021 	.db #0x7d	; 125
    000026C5 FC                   10022 	.db #0xfc	; 252
    000026C6 F3                   10023 	.db #0xf3	; 243
    000026C7 7D                   10024 	.db #0x7d	; 125
    000026C8 F7                   10025 	.db #0xf7	; 247
    000026C9 DF                   10026 	.db #0xdf	; 223
    000026CA CF                   10027 	.db #0xcf	; 207
    000026CB 3C                   10028 	.db #0x3c	; 60
    000026CC F3                   10029 	.db #0xf3	; 243
    000026CD 7D                   10030 	.db #0x7d	; 125
    000026CE FC                   10031 	.db #0xfc	; 252
    000026CF DF                   10032 	.db #0xdf	; 223
    000026D0 7F                   10033 	.db #0x7f	; 127
    000026D1 37                   10034 	.db #0x37	; 55	'7'
    000026D2 DF                   10035 	.db #0xdf	; 223
    000026D3 CF                   10036 	.db #0xcf	; 207
    000026D4 37                   10037 	.db #0x37	; 55	'7'
    000026D5 DF                   10038 	.db #0xdf	; 223
    000026D6 7F                   10039 	.db #0x7f	; 127
    000026D7 37                   10040 	.db #0x37	; 55	'7'
    000026D8 F3                   10041 	.db #0xf3	; 243
    000026D9 7F                   10042 	.db #0x7f	; 127
    000026DA 37                   10043 	.db #0x37	; 55	'7'
    000026DB DF                   10044 	.db #0xdf	; 223
    000026DC 7D                   10045 	.db #0x7d	; 125
    000026DD F7                   10046 	.db #0xf7	; 247
    000026DE DF                   10047 	.db #0xdf	; 223
    000026DF 7D                   10048 	.db #0x7d	; 125
    000026E0 F7                   10049 	.db #0xf7	; 247
    000026E1 DF                   10050 	.db #0xdf	; 223
    000026E2 7D                   10051 	.db #0x7d	; 125
    000026E3 F7                   10052 	.db #0xf7	; 247
    000026E4 DF                   10053 	.db #0xdf	; 223
    000026E5 7D                   10054 	.db #0x7d	; 125
    000026E6 F7                   10055 	.db #0xf7	; 247
    000026E7 DF                   10056 	.db #0xdf	; 223
    000026E8 7D                   10057 	.db #0x7d	; 125
    000026E9 F7                   10058 	.db #0xf7	; 247
    000026EA DF                   10059 	.db #0xdf	; 223
    000026EB 7D                   10060 	.db #0x7d	; 125
    000026EC FC                   10061 	.db #0xfc	; 252
    000026ED DF                   10062 	.db #0xdf	; 223
    000026EE 7F                   10063 	.db #0x7f	; 127
    000026EF 37                   10064 	.db #0x37	; 55	'7'
    000026F0 DF                   10065 	.db #0xdf	; 223
    000026F1 CD                   10066 	.db #0xcd	; 205
    000026F2 F7                   10067 	.db #0xf7	; 247
    000026F3 F3                   10068 	.db #0xf3	; 243
    000026F4 7D                   10069 	.db #0x7d	; 125
    000026F5 FC                   10070 	.db #0xfc	; 252
    000026F6 DF                   10071 	.db #0xdf	; 223
    000026F7 7F                   10072 	.db #0x7f	; 127
    000026F8 37                   10073 	.db #0x37	; 55	'7'
    000026F9 DF                   10074 	.db #0xdf	; 223
    000026FA 7F                   10075 	.db #0x7f	; 127
    000026FB 3C                   10076 	.db #0x3c	; 60
    000026FC DF                   10077 	.db #0xdf	; 223
    000026FD 7D                   10078 	.db #0x7d	; 125
    000026FE FC                   10079 	.db #0xfc	; 252
    000026FF DF                   10080 	.db #0xdf	; 223
    00002700 7F                   10081 	.db #0x7f	; 127
    00002701 37                   10082 	.db #0x37	; 55	'7'
    00002702 F3                   10083 	.db #0xf3	; 243
    00002703 7D                   10084 	.db #0x7d	; 125
    00002704 FC                   10085 	.db #0xfc	; 252
    00002705 F3                   10086 	.db #0xf3	; 243
    00002706 7D                   10087 	.db #0x7d	; 125
    00002707 F7                   10088 	.db #0xf7	; 247
    00002708 DF                   10089 	.db #0xdf	; 223
    00002709 7D                   10090 	.db #0x7d	; 125
    0000270A F7                   10091 	.db #0xf7	; 247
    0000270B DF                   10092 	.db #0xdf	; 223
    0000270C 7D                   10093 	.db #0x7d	; 125
    0000270D F7                   10094 	.db #0xf7	; 247
    0000270E E7                   10095 	.db #0xe7	; 231
    0000270F 7E                   10096 	.db #0x7e	; 126
    00002710 77                   10097 	.db #0x77	; 119	'w'
    00002711 E7                   10098 	.db #0xe7	; 231
    00002712 7E                   10099 	.db #0x7e	; 126
    00002713 77                   10100 	.db #0x77	; 119	'w'
    00002714 E7                   10101 	.db #0xe7	; 231
    00002715 7D                   10102 	.db #0x7d	; 125
    00002716 F7                   10103 	.db #0xf7	; 247
    00002717 F3                   10104 	.db #0xf3	; 243
    00002718 CD                   10105 	.db #0xcd	; 205
    00002719 F7                   10106 	.db #0xf7	; 247
    0000271A F3                   10107 	.db #0xf3	; 243
    0000271B CD                   10108 	.db #0xcd	; 205
    0000271C FC                   10109 	.db #0xfc	; 252
    0000271D F3                   10110 	.db #0xf3	; 243
    0000271E CF                   10111 	.db #0xcf	; 207
    0000271F 37                   10112 	.db #0x37	; 55	'7'
    00002720 F3                   10113 	.db #0xf3	; 243
    00002721 CD                   10114 	.db #0xcd	; 205
    00002722 F7                   10115 	.db #0xf7	; 247
    00002723 F3                   10116 	.db #0xf3	; 243
    00002724 CD                   10117 	.db #0xcd	; 205
    00002725 F7                   10118 	.db #0xf7	; 247
    00002726 F3                   10119 	.db #0xf3	; 243
    00002727 CD                   10120 	.db #0xcd	; 205
    00002728 F7                   10121 	.db #0xf7	; 247
    00002729 DF                   10122 	.db #0xdf	; 223
    0000272A CF                   10123 	.db #0xcf	; 207
    0000272B 3C                   10124 	.db #0x3c	; 60
    0000272C F3                   10125 	.db #0xf3	; 243
    0000272D 7F                   10126 	.db #0x7f	; 127
    0000272E 3C                   10127 	.db #0x3c	; 60
    0000272F DF                   10128 	.db #0xdf	; 223
    00002730 7F                   10129 	.db #0x7f	; 127
    00002731 37                   10130 	.db #0x37	; 55	'7'
    00002732 DF                   10131 	.db #0xdf	; 223
    00002733 7D                   10132 	.db #0x7d	; 125
    00002734 F7                   10133 	.db #0xf7	; 247
    00002735 DF                   10134 	.db #0xdf	; 223
    00002736 7D                   10135 	.db #0x7d	; 125
    00002737 F7                   10136 	.db #0xf7	; 247
    00002738 DF                   10137 	.db #0xdf	; 223
    00002739 7D                   10138 	.db #0x7d	; 125
    0000273A F7                   10139 	.db #0xf7	; 247
    0000273B DF                   10140 	.db #0xdf	; 223
    0000273C 7D                   10141 	.db #0x7d	; 125
    0000273D F7                   10142 	.db #0xf7	; 247
    0000273E DF                   10143 	.db #0xdf	; 223
    0000273F 7D                   10144 	.db #0x7d	; 125
    00002740 F7                   10145 	.db #0xf7	; 247
    00002741 DF                   10146 	.db #0xdf	; 223
    00002742 7D                   10147 	.db #0x7d	; 125
    00002743 F7                   10148 	.db #0xf7	; 247
    00002744 DF                   10149 	.db #0xdf	; 223
    00002745 7D                   10150 	.db #0x7d	; 125
    00002746 F7                   10151 	.db #0xf7	; 247
    00002747 DF                   10152 	.db #0xdf	; 223
    00002748 7D                   10153 	.db #0x7d	; 125
    00002749 F7                   10154 	.db #0xf7	; 247
    0000274A DF                   10155 	.db #0xdf	; 223
    0000274B 7D                   10156 	.db #0x7d	; 125
    0000274C F7                   10157 	.db #0xf7	; 247
    0000274D DF                   10158 	.db #0xdf	; 223
    0000274E 7D                   10159 	.db #0x7d	; 125
    0000274F F7                   10160 	.db #0xf7	; 247
    00002750 DF                   10161 	.db #0xdf	; 223
    00002751 7D                   10162 	.db #0x7d	; 125
    00002752 F7                   10163 	.db #0xf7	; 247
    00002753 DF                   10164 	.db #0xdf	; 223
    00002754 7D                   10165 	.db #0x7d	; 125
    00002755 F7                   10166 	.db #0xf7	; 247
    00002756 DF                   10167 	.db #0xdf	; 223
    00002757 7D                   10168 	.db #0x7d	; 125
    00002758 F7                   10169 	.db #0xf7	; 247
    00002759 DF                   10170 	.db #0xdf	; 223
    0000275A 7D                   10171 	.db #0x7d	; 125
    0000275B F7                   10172 	.db #0xf7	; 247
    0000275C DF                   10173 	.db #0xdf	; 223
    0000275D 7D                   10174 	.db #0x7d	; 125
    0000275E F7                   10175 	.db #0xf7	; 247
    0000275F DF                   10176 	.db #0xdf	; 223
    00002760 7D                   10177 	.db #0x7d	; 125
    00002761 F7                   10178 	.db #0xf7	; 247
    00002762 DF                   10179 	.db #0xdf	; 223
    00002763 7D                   10180 	.db #0x7d	; 125
    00002764 F7                   10181 	.db #0xf7	; 247
    00002765 E7                   10182 	.db #0xe7	; 231
    00002766 7E                   10183 	.db #0x7e	; 126
    00002767 77                   10184 	.db #0x77	; 119	'w'
    00002768 E7                   10185 	.db #0xe7	; 231
    00002769 7E                   10186 	.db #0x7e	; 126
    0000276A 77                   10187 	.db #0x77	; 119	'w'
    0000276B E7                   10188 	.db #0xe7	; 231
    0000276C 7D                   10189 	.db #0x7d	; 125
    0000276D F7                   10190 	.db #0xf7	; 247
    0000276E DF                   10191 	.db #0xdf	; 223
    0000276F 7D                   10192 	.db #0x7d	; 125
    00002770 F7                   10193 	.db #0xf7	; 247
    00002771 DF                   10194 	.db #0xdf	; 223
    00002772 7D                   10195 	.db #0x7d	; 125
    00002773 F7                   10196 	.db #0xf7	; 247
    00002774 DF                   10197 	.db #0xdf	; 223
    00002775 7D                   10198 	.db #0x7d	; 125
    00002776 F7                   10199 	.db #0xf7	; 247
    00002777 DF                   10200 	.db #0xdf	; 223
    00002778 7D                   10201 	.db #0x7d	; 125
    00002779 F7                   10202 	.db #0xf7	; 247
    0000277A DF                   10203 	.db #0xdf	; 223
    0000277B 7D                   10204 	.db #0x7d	; 125
    0000277C F7                   10205 	.db #0xf7	; 247
    0000277D DF                   10206 	.db #0xdf	; 223
    0000277E 7D                   10207 	.db #0x7d	; 125
    0000277F F7                   10208 	.db #0xf7	; 247
    00002780 DF                   10209 	.db #0xdf	; 223
    00002781 7D                   10210 	.db #0x7d	; 125
    00002782 F7                   10211 	.db #0xf7	; 247
    00002783 DF                   10212 	.db #0xdf	; 223
    00002784 7D                   10213 	.db #0x7d	; 125
    00002785 F7                   10214 	.db #0xf7	; 247
    00002786 DF                   10215 	.db #0xdf	; 223
    00002787 7D                   10216 	.db #0x7d	; 125
    00002788 F7                   10217 	.db #0xf7	; 247
    00002789 DF                   10218 	.db #0xdf	; 223
    0000278A 7D                   10219 	.db #0x7d	; 125
    0000278B F7                   10220 	.db #0xf7	; 247
    0000278C DF                   10221 	.db #0xdf	; 223
    0000278D 7D                   10222 	.db #0x7d	; 125
    0000278E F7                   10223 	.db #0xf7	; 247
    0000278F DF                   10224 	.db #0xdf	; 223
    00002790 7D                   10225 	.db #0x7d	; 125
    00002791 F7                   10226 	.db #0xf7	; 247
    00002792 DF                   10227 	.db #0xdf	; 223
    00002793 7D                   10228 	.db #0x7d	; 125
    00002794 F7                   10229 	.db #0xf7	; 247
    00002795 DF                   10230 	.db #0xdf	; 223
    00002796 7D                   10231 	.db #0x7d	; 125
    00002797 F7                   10232 	.db #0xf7	; 247
    00002798 DF                   10233 	.db #0xdf	; 223
    00002799 7D                   10234 	.db #0x7d	; 125
    0000279A F7                   10235 	.db #0xf7	; 247
    0000279B DF                   10236 	.db #0xdf	; 223
    0000279C 7D                   10237 	.db #0x7d	; 125
    0000279D F7                   10238 	.db #0xf7	; 247
    0000279E DF                   10239 	.db #0xdf	; 223
    0000279F 7D                   10240 	.db #0x7d	; 125
    000027A0 F7                   10241 	.db #0xf7	; 247
    000027A1 DF                   10242 	.db #0xdf	; 223
    000027A2 7D                   10243 	.db #0x7d	; 125
    000027A3 F7                   10244 	.db #0xf7	; 247
    000027A4 DF                   10245 	.db #0xdf	; 223
    000027A5 7D                   10246 	.db #0x7d	; 125
    000027A6 F7                   10247 	.db #0xf7	; 247
    000027A7 DF                   10248 	.db #0xdf	; 223
    000027A8 7D                   10249 	.db #0x7d	; 125
    000027A9 F7                   10250 	.db #0xf7	; 247
    000027AA DF                   10251 	.db #0xdf	; 223
    000027AB 7D                   10252 	.db #0x7d	; 125
    000027AC F7                   10253 	.db #0xf7	; 247
    000027AD DF                   10254 	.db #0xdf	; 223
    000027AE 7D                   10255 	.db #0x7d	; 125
    000027AF F7                   10256 	.db #0xf7	; 247
    000027B0 DF                   10257 	.db #0xdf	; 223
    000027B1 7D                   10258 	.db #0x7d	; 125
    000027B2 F7                   10259 	.db #0xf7	; 247
    000027B3 DF                   10260 	.db #0xdf	; 223
    000027B4 7D                   10261 	.db #0x7d	; 125
    000027B5 F7                   10262 	.db #0xf7	; 247
    000027B6 DF                   10263 	.db #0xdf	; 223
    000027B7 7D                   10264 	.db #0x7d	; 125
    000027B8 F7                   10265 	.db #0xf7	; 247
    000027B9 DF                   10266 	.db #0xdf	; 223
    000027BA 7D                   10267 	.db #0x7d	; 125
    000027BB F7                   10268 	.db #0xf7	; 247
    000027BC E7                   10269 	.db #0xe7	; 231
    000027BD 7E                   10270 	.db #0x7e	; 126
    000027BE 77                   10271 	.db #0x77	; 119	'w'
    000027BF E7                   10272 	.db #0xe7	; 231
    000027C0 7E                   10273 	.db #0x7e	; 126
    000027C1 77                   10274 	.db #0x77	; 119	'w'
    000027C2 E7                   10275 	.db #0xe7	; 231
    000027C3 7D                   10276 	.db #0x7d	; 125
    000027C4 F7                   10277 	.db #0xf7	; 247
    000027C5 DF                   10278 	.db #0xdf	; 223
    000027C6 7D                   10279 	.db #0x7d	; 125
    000027C7 F7                   10280 	.db #0xf7	; 247
    000027C8 DF                   10281 	.db #0xdf	; 223
    000027C9 7D                   10282 	.db #0x7d	; 125
    000027CA F7                   10283 	.db #0xf7	; 247
    000027CB DF                   10284 	.db #0xdf	; 223
    000027CC 7D                   10285 	.db #0x7d	; 125
    000027CD F7                   10286 	.db #0xf7	; 247
    000027CE DF                   10287 	.db #0xdf	; 223
    000027CF 7D                   10288 	.db #0x7d	; 125
    000027D0 F7                   10289 	.db #0xf7	; 247
    000027D1 DF                   10290 	.db #0xdf	; 223
    000027D2 7D                   10291 	.db #0x7d	; 125
    000027D3 F7                   10292 	.db #0xf7	; 247
    000027D4 DF                   10293 	.db #0xdf	; 223
    000027D5 7D                   10294 	.db #0x7d	; 125
    000027D6 F7                   10295 	.db #0xf7	; 247
    000027D7 DF                   10296 	.db #0xdf	; 223
    000027D8 7D                   10297 	.db #0x7d	; 125
    000027D9 F7                   10298 	.db #0xf7	; 247
    000027DA DF                   10299 	.db #0xdf	; 223
    000027DB 7D                   10300 	.db #0x7d	; 125
    000027DC F7                   10301 	.db #0xf7	; 247
    000027DD DF                   10302 	.db #0xdf	; 223
    000027DE 7D                   10303 	.db #0x7d	; 125
    000027DF F7                   10304 	.db #0xf7	; 247
    000027E0 DF                   10305 	.db #0xdf	; 223
    000027E1 7D                   10306 	.db #0x7d	; 125
    000027E2 F7                   10307 	.db #0xf7	; 247
    000027E3 DF                   10308 	.db #0xdf	; 223
    000027E4 7D                   10309 	.db #0x7d	; 125
    000027E5 F7                   10310 	.db #0xf7	; 247
    000027E6 DF                   10311 	.db #0xdf	; 223
    000027E7 7D                   10312 	.db #0x7d	; 125
    000027E8 F7                   10313 	.db #0xf7	; 247
    000027E9 DF                   10314 	.db #0xdf	; 223
    000027EA 7D                   10315 	.db #0x7d	; 125
    000027EB F7                   10316 	.db #0xf7	; 247
    000027EC DF                   10317 	.db #0xdf	; 223
    000027ED 7D                   10318 	.db #0x7d	; 125
    000027EE F7                   10319 	.db #0xf7	; 247
    000027EF D7                   10320 	.db #0xd7	; 215
    000027F0 2D                   10321 	.db #0x2d	; 45
    000027F1 72                   10322 	.db #0x72	; 114	'r'
    000027F2 D7                   10323 	.db #0xd7	; 215
    000027F3 2D                   10324 	.db #0x2d	; 45
    000027F4 72                   10325 	.db #0x72	; 114	'r'
    000027F5 D7                   10326 	.db #0xd7	; 215
    000027F6 2D                   10327 	.db #0x2d	; 45
    000027F7 72                   10328 	.db #0x72	; 114	'r'
    000027F8 D7                   10329 	.db #0xd7	; 215
    000027F9 2D                   10330 	.db #0x2d	; 45
    000027FA 72                   10331 	.db #0x72	; 114	'r'
    000027FB D7                   10332 	.db #0xd7	; 215
    000027FC 2D                   10333 	.db #0x2d	; 45
    000027FD 72                   10334 	.db #0x72	; 114	'r'
    000027FE D7                   10335 	.db #0xd7	; 215
    000027FF 2D                   10336 	.db #0x2d	; 45
    00002800 72                   10337 	.db #0x72	; 114	'r'
    00002801 D7                   10338 	.db #0xd7	; 215
    00002802 2D                   10339 	.db #0x2d	; 45
    00002803 72                   10340 	.db #0x72	; 114	'r'
    00002804 D7                   10341 	.db #0xd7	; 215
    00002805 2D                   10342 	.db #0x2d	; 45
    00002806 72                   10343 	.db #0x72	; 114	'r'
    00002807 D7                   10344 	.db #0xd7	; 215
    00002808 2D                   10345 	.db #0x2d	; 45
    00002809 72                   10346 	.db #0x72	; 114	'r'
    0000280A D7                   10347 	.db #0xd7	; 215
    0000280B 2D                   10348 	.db #0x2d	; 45
    0000280C 72                   10349 	.db #0x72	; 114	'r'
    0000280D D7                   10350 	.db #0xd7	; 215
    0000280E 2D                   10351 	.db #0x2d	; 45
    0000280F 72                   10352 	.db #0x72	; 114	'r'
    00002810 D7                   10353 	.db #0xd7	; 215
    00002811 2D                   10354 	.db #0x2d	; 45
    00002812 72                   10355 	.db #0x72	; 114	'r'
    00002813 D7                   10356 	.db #0xd7	; 215
    00002814 2D                   10357 	.db #0x2d	; 45
    00002815 72                   10358 	.db #0x72	; 114	'r'
    00002816 D7                   10359 	.db #0xd7	; 215
    00002817 2D                   10360 	.db #0x2d	; 45
    00002818 72                   10361 	.db #0x72	; 114	'r'
    00002819 D7                   10362 	.db #0xd7	; 215
    0000281A 2C                   10363 	.db #0x2c	; 44
    0000281B B5                   10364 	.db #0xb5	; 181
    0000281C CB                   10365 	.db #0xcb	; 203
    0000281D 5C                   10366 	.db #0x5c	; 92
    0000281E B5                   10367 	.db #0xb5	; 181
    0000281F CB                   10368 	.db #0xcb	; 203
    00002820 5C                   10369 	.db #0x5c	; 92
    00002821 B5                   10370 	.db #0xb5	; 181
    00002822 CB                   10371 	.db #0xcb	; 203
    00002823 5C                   10372 	.db #0x5c	; 92
    00002824 B5                   10373 	.db #0xb5	; 181
    00002825 CB                   10374 	.db #0xcb	; 203
    00002826 5C                   10375 	.db #0x5c	; 92
    00002827 B5                   10376 	.db #0xb5	; 181
    00002828 CB                   10377 	.db #0xcb	; 203
    00002829 5C                   10378 	.db #0x5c	; 92
    0000282A B5                   10379 	.db #0xb5	; 181
    0000282B CB                   10380 	.db #0xcb	; 203
    0000282C 5C                   10381 	.db #0x5c	; 92
    0000282D B5                   10382 	.db #0xb5	; 181
    0000282E CB                   10383 	.db #0xcb	; 203
    0000282F 5C                   10384 	.db #0x5c	; 92
    00002830 B5                   10385 	.db #0xb5	; 181
    00002831 CB                   10386 	.db #0xcb	; 203
    00002832 5C                   10387 	.db #0x5c	; 92
    00002833 B5                   10388 	.db #0xb5	; 181
    00002834 CB                   10389 	.db #0xcb	; 203
    00002835 5C                   10390 	.db #0x5c	; 92
    00002836 B5                   10391 	.db #0xb5	; 181
    00002837 CB                   10392 	.db #0xcb	; 203
    00002838 5C                   10393 	.db #0x5c	; 92
    00002839 B5                   10394 	.db #0xb5	; 181
    0000283A CB                   10395 	.db #0xcb	; 203
    0000283B 5C                   10396 	.db #0x5c	; 92
    0000283C B5                   10397 	.db #0xb5	; 181
    0000283D CB                   10398 	.db #0xcb	; 203
    0000283E 5C                   10399 	.db #0x5c	; 92
    0000283F B5                   10400 	.db #0xb5	; 181
    00002840 CB                   10401 	.db #0xcb	; 203
    00002841 5C                   10402 	.db #0x5c	; 92
    00002842 B5                   10403 	.db #0xb5	; 181
    00002843 CB                   10404 	.db #0xcb	; 203
    00002844 5C                   10405 	.db #0x5c	; 92
    00002845 B5                   10406 	.db #0xb5	; 181
    00002846 D7                   10407 	.db #0xd7	; 215
    00002847 2D                   10408 	.db #0x2d	; 45
    00002848 72                   10409 	.db #0x72	; 114	'r'
    00002849 D7                   10410 	.db #0xd7	; 215
    0000284A 2D                   10411 	.db #0x2d	; 45
    0000284B 72                   10412 	.db #0x72	; 114	'r'
    0000284C D7                   10413 	.db #0xd7	; 215
    0000284D 2D                   10414 	.db #0x2d	; 45
    0000284E 72                   10415 	.db #0x72	; 114	'r'
    0000284F D7                   10416 	.db #0xd7	; 215
    00002850 2D                   10417 	.db #0x2d	; 45
    00002851 72                   10418 	.db #0x72	; 114	'r'
    00002852 D7                   10419 	.db #0xd7	; 215
    00002853 2D                   10420 	.db #0x2d	; 45
    00002854 72                   10421 	.db #0x72	; 114	'r'
    00002855 D7                   10422 	.db #0xd7	; 215
    00002856 2D                   10423 	.db #0x2d	; 45
    00002857 72                   10424 	.db #0x72	; 114	'r'
    00002858 D7                   10425 	.db #0xd7	; 215
    00002859 2D                   10426 	.db #0x2d	; 45
    0000285A 72                   10427 	.db #0x72	; 114	'r'
    0000285B D7                   10428 	.db #0xd7	; 215
    0000285C 2D                   10429 	.db #0x2d	; 45
    0000285D 72                   10430 	.db #0x72	; 114	'r'
    0000285E D7                   10431 	.db #0xd7	; 215
    0000285F 2D                   10432 	.db #0x2d	; 45
    00002860 72                   10433 	.db #0x72	; 114	'r'
    00002861 D7                   10434 	.db #0xd7	; 215
    00002862 2D                   10435 	.db #0x2d	; 45
    00002863 72                   10436 	.db #0x72	; 114	'r'
    00002864 D7                   10437 	.db #0xd7	; 215
    00002865 2D                   10438 	.db #0x2d	; 45
    00002866 72                   10439 	.db #0x72	; 114	'r'
    00002867 D7                   10440 	.db #0xd7	; 215
    00002868 2D                   10441 	.db #0x2d	; 45
    00002869 72                   10442 	.db #0x72	; 114	'r'
    0000286A D7                   10443 	.db #0xd7	; 215
    0000286B 2D                   10444 	.db #0x2d	; 45
    0000286C 72                   10445 	.db #0x72	; 114	'r'
    0000286D D7                   10446 	.db #0xd7	; 215
    0000286E 2D                   10447 	.db #0x2d	; 45
    0000286F 72                   10448 	.db #0x72	; 114	'r'
    00002870 D7                   10449 	.db #0xd7	; 215
    00002871 2D                   10450 	.db #0x2d	; 45
    00002872 F7                   10451 	.db #0xf7	; 247
    00002873 DF                   10452 	.db #0xdf	; 223
    00002874 7D                   10453 	.db #0x7d	; 125
    00002875 F7                   10454 	.db #0xf7	; 247
    00002876 DF                   10455 	.db #0xdf	; 223
    00002877 7D                   10456 	.db #0x7d	; 125
    00002878 F7                   10457 	.db #0xf7	; 247
    00002879 DF                   10458 	.db #0xdf	; 223
    0000287A 7D                   10459 	.db #0x7d	; 125
    0000287B F7                   10460 	.db #0xf7	; 247
    0000287C DF                   10461 	.db #0xdf	; 223
    0000287D 7D                   10462 	.db #0x7d	; 125
    0000287E F7                   10463 	.db #0xf7	; 247
    0000287F DF                   10464 	.db #0xdf	; 223
    00002880 7D                   10465 	.db #0x7d	; 125
    00002881 F7                   10466 	.db #0xf7	; 247
    00002882 DF                   10467 	.db #0xdf	; 223
    00002883 7D                   10468 	.db #0x7d	; 125
    00002884 F7                   10469 	.db #0xf7	; 247
    00002885 DF                   10470 	.db #0xdf	; 223
    00002886 7D                   10471 	.db #0x7d	; 125
    00002887 F7                   10472 	.db #0xf7	; 247
    00002888 DF                   10473 	.db #0xdf	; 223
    00002889 7D                   10474 	.db #0x7d	; 125
    0000288A F7                   10475 	.db #0xf7	; 247
    0000288B DF                   10476 	.db #0xdf	; 223
    0000288C 7D                   10477 	.db #0x7d	; 125
    0000288D F7                   10478 	.db #0xf7	; 247
    0000288E DF                   10479 	.db #0xdf	; 223
    0000288F 7D                   10480 	.db #0x7d	; 125
    00002890 F7                   10481 	.db #0xf7	; 247
    00002891 DF                   10482 	.db #0xdf	; 223
    00002892 7D                   10483 	.db #0x7d	; 125
    00002893 F7                   10484 	.db #0xf7	; 247
    00002894 DF                   10485 	.db #0xdf	; 223
    00002895 7D                   10486 	.db #0x7d	; 125
    00002896 F7                   10487 	.db #0xf7	; 247
    00002897 DF                   10488 	.db #0xdf	; 223
    00002898 7D                   10489 	.db #0x7d	; 125
    00002899 F7                   10490 	.db #0xf7	; 247
    0000289A DF                   10491 	.db #0xdf	; 223
    0000289B 7D                   10492 	.db #0x7d	; 125
    0000289C F7                   10493 	.db #0xf7	; 247
    0000289D DF                   10494 	.db #0xdf	; 223
    0000289E 7D                   10495 	.db #0x7d	; 125
    0000289F F7                   10496 	.db #0xf7	; 247
    000028A0 DF                   10497 	.db #0xdf	; 223
    000028A1 7D                   10498 	.db #0x7d	; 125
    000028A2 F7                   10499 	.db #0xf7	; 247
    000028A3 DF                   10500 	.db #0xdf	; 223
    000028A4 7D                   10501 	.db #0x7d	; 125
    000028A5 F7                   10502 	.db #0xf7	; 247
    000028A6 DF                   10503 	.db #0xdf	; 223
    000028A7 7D                   10504 	.db #0x7d	; 125
    000028A8 F7                   10505 	.db #0xf7	; 247
    000028A9 DF                   10506 	.db #0xdf	; 223
    000028AA 7D                   10507 	.db #0x7d	; 125
    000028AB F7                   10508 	.db #0xf7	; 247
    000028AC DF                   10509 	.db #0xdf	; 223
    000028AD 7D                   10510 	.db #0x7d	; 125
    000028AE F6                   10511 	.db #0xf6	; 246
    000028AF DF                   10512 	.db #0xdf	; 223
    000028B0 7D                   10513 	.db #0x7d	; 125
    000028B1 F7                   10514 	.db #0xf7	; 247
    000028B2 DF                   10515 	.db #0xdf	; 223
    000028B3 7D                   10516 	.db #0x7d	; 125
    000028B4 F7                   10517 	.db #0xf7	; 247
    000028B5 DB                   10518 	.db #0xdb	; 219
    000028B6 7D                   10519 	.db #0x7d	; 125
    000028B7 F7                   10520 	.db #0xf7	; 247
    000028B8 DF                   10521 	.db #0xdf	; 223
    000028B9 7D                   10522 	.db #0x7d	; 125
    000028BA F7                   10523 	.db #0xf7	; 247
    000028BB DF                   10524 	.db #0xdf	; 223
    000028BC 7D                   10525 	.db #0x7d	; 125
    000028BD F7                   10526 	.db #0xf7	; 247
    000028BE DF                   10527 	.db #0xdf	; 223
    000028BF 7D                   10528 	.db #0x7d	; 125
    000028C0 F7                   10529 	.db #0xf7	; 247
    000028C1 DF                   10530 	.db #0xdf	; 223
    000028C2 7D                   10531 	.db #0x7d	; 125
    000028C3 F7                   10532 	.db #0xf7	; 247
    000028C4 DF                   10533 	.db #0xdf	; 223
    000028C5 7D                   10534 	.db #0x7d	; 125
    000028C6 F7                   10535 	.db #0xf7	; 247
    000028C7 DF                   10536 	.db #0xdf	; 223
    000028C8 7D                   10537 	.db #0x7d	; 125
    000028C9 F7                   10538 	.db #0xf7	; 247
    000028CA DF                   10539 	.db #0xdf	; 223
    000028CB 7D                   10540 	.db #0x7d	; 125
    000028CC F7                   10541 	.db #0xf7	; 247
    000028CD DF                   10542 	.db #0xdf	; 223
    000028CE 7D                   10543 	.db #0x7d	; 125
    000028CF F7                   10544 	.db #0xf7	; 247
    000028D0 DF                   10545 	.db #0xdf	; 223
    000028D1 7D                   10546 	.db #0x7d	; 125
    000028D2 F7                   10547 	.db #0xf7	; 247
    000028D3 DF                   10548 	.db #0xdf	; 223
    000028D4 7D                   10549 	.db #0x7d	; 125
    000028D5 F7                   10550 	.db #0xf7	; 247
    000028D6 DF                   10551 	.db #0xdf	; 223
    000028D7 7D                   10552 	.db #0x7d	; 125
    000028D8 F7                   10553 	.db #0xf7	; 247
    000028D9 DB                   10554 	.db #0xdb	; 219
    000028DA 6D                   10555 	.db #0x6d	; 109	'm'
    000028DB B6                   10556 	.db #0xb6	; 182
    000028DC DB                   10557 	.db #0xdb	; 219
    000028DD 6D                   10558 	.db #0x6d	; 109	'm'
    000028DE B6                   10559 	.db #0xb6	; 182
    000028DF DB                   10560 	.db #0xdb	; 219
    000028E0 6D                   10561 	.db #0x6d	; 109	'm'
    000028E1 B6                   10562 	.db #0xb6	; 182
    000028E2 DF                   10563 	.db #0xdf	; 223
    000028E3 7D                   10564 	.db #0x7d	; 125
    000028E4 F7                   10565 	.db #0xf7	; 247
    000028E5 DF                   10566 	.db #0xdf	; 223
    000028E6 7D                   10567 	.db #0x7d	; 125
    000028E7 F7                   10568 	.db #0xf7	; 247
    000028E8 DF                   10569 	.db #0xdf	; 223
    000028E9 7D                   10570 	.db #0x7d	; 125
    000028EA F7                   10571 	.db #0xf7	; 247
    000028EB DF                   10572 	.db #0xdf	; 223
    000028EC 7D                   10573 	.db #0x7d	; 125
    000028ED F7                   10574 	.db #0xf7	; 247
    000028EE DF                   10575 	.db #0xdf	; 223
    000028EF 7D                   10576 	.db #0x7d	; 125
    000028F0 F7                   10577 	.db #0xf7	; 247
    000028F1 DF                   10578 	.db #0xdf	; 223
    000028F2 7D                   10579 	.db #0x7d	; 125
    000028F3 F7                   10580 	.db #0xf7	; 247
    000028F4 DF                   10581 	.db #0xdf	; 223
    000028F5 7D                   10582 	.db #0x7d	; 125
    000028F6 F7                   10583 	.db #0xf7	; 247
    000028F7 DF                   10584 	.db #0xdf	; 223
    000028F8 7D                   10585 	.db #0x7d	; 125
    000028F9 F7                   10586 	.db #0xf7	; 247
    000028FA DF                   10587 	.db #0xdf	; 223
    000028FB 7D                   10588 	.db #0x7d	; 125
    000028FC F7                   10589 	.db #0xf7	; 247
    000028FD DF                   10590 	.db #0xdf	; 223
    000028FE 7D                   10591 	.db #0x7d	; 125
    000028FF F7                   10592 	.db #0xf7	; 247
    00002900 DF                   10593 	.db #0xdf	; 223
    00002901 7D                   10594 	.db #0x7d	; 125
    00002902 F7                   10595 	.db #0xf7	; 247
    00002903 DF                   10596 	.db #0xdf	; 223
    00002904 7D                   10597 	.db #0x7d	; 125
    00002905 F6                   10598 	.db #0xf6	; 246
    00002906 DF                   10599 	.db #0xdf	; 223
    00002907 BD                   10600 	.db #0xbd	; 189
    00002908 FB                   10601 	.db #0xfb	; 251
    00002909 DF                   10602 	.db #0xdf	; 223
    0000290A BD                   10603 	.db #0xbd	; 189
    0000290B FB                   10604 	.db #0xfb	; 251
    0000290C DB                   10605 	.db #0xdb	; 219
    0000290D 7D                   10606 	.db #0x7d	; 125
    0000290E F7                   10607 	.db #0xf7	; 247
    0000290F DF                   10608 	.db #0xdf	; 223
    00002910 7D                   10609 	.db #0x7d	; 125
    00002911 F7                   10610 	.db #0xf7	; 247
    00002912 DF                   10611 	.db #0xdf	; 223
    00002913 7D                   10612 	.db #0x7d	; 125
    00002914 F7                   10613 	.db #0xf7	; 247
    00002915 DF                   10614 	.db #0xdf	; 223
    00002916 AE                   10615 	.db #0xae	; 174
    00002917 BA                   10616 	.db #0xba	; 186
    00002918 EB                   10617 	.db #0xeb	; 235
    00002919 AD                   10618 	.db #0xad	; 173
    0000291A F7                   10619 	.db #0xf7	; 247
    0000291B DF                   10620 	.db #0xdf	; 223
    0000291C 7D                   10621 	.db #0x7d	; 125
    0000291D F7                   10622 	.db #0xf7	; 247
    0000291E DF                   10623 	.db #0xdf	; 223
    0000291F 7D                   10624 	.db #0x7d	; 125
    00002920 F7                   10625 	.db #0xf7	; 247
    00002921 DF                   10626 	.db #0xdf	; 223
    00002922 7D                   10627 	.db #0x7d	; 125
    00002923 F7                   10628 	.db #0xf7	; 247
    00002924 DF                   10629 	.db #0xdf	; 223
    00002925 7D                   10630 	.db #0x7d	; 125
    00002926 F7                   10631 	.db #0xf7	; 247
    00002927 DF                   10632 	.db #0xdf	; 223
    00002928 7D                   10633 	.db #0x7d	; 125
    00002929 F7                   10634 	.db #0xf7	; 247
    0000292A DF                   10635 	.db #0xdf	; 223
    0000292B 7D                   10636 	.db #0x7d	; 125
    0000292C F7                   10637 	.db #0xf7	; 247
    0000292D DF                   10638 	.db #0xdf	; 223
    0000292E 7D                   10639 	.db #0x7d	; 125
    0000292F F7                   10640 	.db #0xf7	; 247
    00002930 DF                   10641 	.db #0xdf	; 223
    00002931 6E                   10642 	.db #0x6e	; 110	'n'
    00002932 F7                   10643 	.db #0xf7	; 247
    00002933 EF                   10644 	.db #0xef	; 239
    00002934 6D                   10645 	.db #0x6d	; 109	'm'
    00002935 B7                   10646 	.db #0xb7	; 183
    00002936 EF                   10647 	.db #0xef	; 239
    00002937 7D                   10648 	.db #0x7d	; 125
    00002938 B7                   10649 	.db #0xb7	; 183
    00002939 DF                   10650 	.db #0xdf	; 223
    0000293A 7D                   10651 	.db #0x7d	; 125
    0000293B F7                   10652 	.db #0xf7	; 247
    0000293C DF                   10653 	.db #0xdf	; 223
    0000293D 7D                   10654 	.db #0x7d	; 125
    0000293E F7                   10655 	.db #0xf7	; 247
    0000293F DF                   10656 	.db #0xdf	; 223
    00002940 7E                   10657 	.db #0x7e	; 126
    00002941 BA                   10658 	.db #0xba	; 186
    00002942 EB                   10659 	.db #0xeb	; 235
    00002943 AE                   10660 	.db #0xae	; 174
    00002944 BA                   10661 	.db #0xba	; 186
    00002945 EB                   10662 	.db #0xeb	; 235
    00002946 7D                   10663 	.db #0x7d	; 125
    00002947 F7                   10664 	.db #0xf7	; 247
    00002948 DF                   10665 	.db #0xdf	; 223
    00002949 7D                   10666 	.db #0x7d	; 125
    0000294A F7                   10667 	.db #0xf7	; 247
    0000294B DF                   10668 	.db #0xdf	; 223
    0000294C 7D                   10669 	.db #0x7d	; 125
    0000294D F7                   10670 	.db #0xf7	; 247
    0000294E DF                   10671 	.db #0xdf	; 223
    0000294F 7D                   10672 	.db #0x7d	; 125
    00002950 F7                   10673 	.db #0xf7	; 247
    00002951 DF                   10674 	.db #0xdf	; 223
    00002952 7D                   10675 	.db #0x7d	; 125
    00002953 F7                   10676 	.db #0xf7	; 247
    00002954 DF                   10677 	.db #0xdf	; 223
    00002955 7D                   10678 	.db #0x7d	; 125
    00002956 F7                   10679 	.db #0xf7	; 247
    00002957 DF                   10680 	.db #0xdf	; 223
    00002958 7D                   10681 	.db #0x7d	; 125
    00002959 F7                   10682 	.db #0xf7	; 247
    0000295A DF                   10683 	.db #0xdf	; 223
    0000295B 7D                   10684 	.db #0x7d	; 125
    0000295C F6                   10685 	.db #0xf6	; 246
    0000295D DF                   10686 	.db #0xdf	; 223
    0000295E BD                   10687 	.db #0xbd	; 189
    0000295F F6                   10688 	.db #0xf6	; 246
    00002960 DB                   10689 	.db #0xdb	; 219
    00002961 BD                   10690 	.db #0xbd	; 189
    00002962 FB                   10691 	.db #0xfb	; 251
    00002963 DB                   10692 	.db #0xdb	; 219
    00002964 7D                   10693 	.db #0x7d	; 125
    00002965 F7                   10694 	.db #0xf7	; 247
    00002966 DF                   10695 	.db #0xdf	; 223
    00002967 7D                   10696 	.db #0x7d	; 125
    00002968 F7                   10697 	.db #0xf7	; 247
    00002969 DF                   10698 	.db #0xdf	; 223
    0000296A 7D                   10699 	.db #0x7d	; 125
    0000296B FA                   10700 	.db #0xfa	; 250
    0000296C EB                   10701 	.db #0xeb	; 235
    0000296D 7D                   10702 	.db #0x7d	; 125
    0000296E F7                   10703 	.db #0xf7	; 247
    0000296F DF                   10704 	.db #0xdf	; 223
    00002970 7E                   10705 	.db #0x7e	; 126
    00002971 BA                   10706 	.db #0xba	; 186
    00002972 DF                   10707 	.db #0xdf	; 223
    00002973 7D                   10708 	.db #0x7d	; 125
    00002974 F7                   10709 	.db #0xf7	; 247
    00002975 DF                   10710 	.db #0xdf	; 223
    00002976 7D                   10711 	.db #0x7d	; 125
    00002977 F7                   10712 	.db #0xf7	; 247
    00002978 DF                   10713 	.db #0xdf	; 223
    00002979 7D                   10714 	.db #0x7d	; 125
    0000297A F7                   10715 	.db #0xf7	; 247
    0000297B DF                   10716 	.db #0xdf	; 223
    0000297C 7D                   10717 	.db #0x7d	; 125
    0000297D F7                   10718 	.db #0xf7	; 247
    0000297E DF                   10719 	.db #0xdf	; 223
    0000297F 7D                   10720 	.db #0x7d	; 125
    00002980 F7                   10721 	.db #0xf7	; 247
    00002981 DF                   10722 	.db #0xdf	; 223
    00002982 7D                   10723 	.db #0x7d	; 125
    00002983 F7                   10724 	.db #0xf7	; 247
    00002984 DF                   10725 	.db #0xdf	; 223
    00002985 7D                   10726 	.db #0x7d	; 125
    00002986 F7                   10727 	.db #0xf7	; 247
    00002987 DF                   10728 	.db #0xdf	; 223
    00002988 6E                   10729 	.db #0x6e	; 110	'n'
    00002989 F7                   10730 	.db #0xf7	; 247
    0000298A EF                   10731 	.db #0xef	; 239
    0000298B 7E                   10732 	.db #0x7e	; 126
    0000298C F7                   10733 	.db #0xf7	; 247
    0000298D EF                   10734 	.db #0xef	; 239
    0000298E 7D                   10735 	.db #0x7d	; 125
    0000298F B7                   10736 	.db #0xb7	; 183
    00002990 DF                   10737 	.db #0xdf	; 223
    00002991 7D                   10738 	.db #0x7d	; 125
    00002992 F7                   10739 	.db #0xf7	; 247
    00002993 DF                   10740 	.db #0xdf	; 223
    00002994 7D                   10741 	.db #0x7d	; 125
    00002995 F7                   10742 	.db #0xf7	; 247
    00002996 DF                   10743 	.db #0xdf	; 223
    00002997 AD                   10744 	.db #0xad	; 173
    00002998 F7                   10745 	.db #0xf7	; 247
    00002999 EB                   10746 	.db #0xeb	; 235
    0000299A 7E                   10747 	.db #0x7e	; 126
    0000299B B7                   10748 	.db #0xb7	; 183
    0000299C DF                   10749 	.db #0xdf	; 223
    0000299D AD                   10750 	.db #0xad	; 173
    0000299E F7                   10751 	.db #0xf7	; 247
    0000299F DF                   10752 	.db #0xdf	; 223
    000029A0 7D                   10753 	.db #0x7d	; 125
    000029A1 F7                   10754 	.db #0xf7	; 247
    000029A2 DF                   10755 	.db #0xdf	; 223
    000029A3 7D                   10756 	.db #0x7d	; 125
    000029A4 F7                   10757 	.db #0xf7	; 247
    000029A5 DF                   10758 	.db #0xdf	; 223
    000029A6 7D                   10759 	.db #0x7d	; 125
    000029A7 F7                   10760 	.db #0xf7	; 247
    000029A8 DF                   10761 	.db #0xdf	; 223
    000029A9 7D                   10762 	.db #0x7d	; 125
    000029AA F7                   10763 	.db #0xf7	; 247
    000029AB DF                   10764 	.db #0xdf	; 223
    000029AC 7D                   10765 	.db #0x7d	; 125
    000029AD F7                   10766 	.db #0xf7	; 247
    000029AE DF                   10767 	.db #0xdf	; 223
    000029AF 7D                   10768 	.db #0x7d	; 125
    000029B0 F7                   10769 	.db #0xf7	; 247
    000029B1 DF                   10770 	.db #0xdf	; 223
    000029B2 7D                   10771 	.db #0x7d	; 125
    000029B3 B6                   10772 	.db #0xb6	; 182
    000029B4 DB                   10773 	.db #0xdb	; 219
    000029B5 6D                   10774 	.db #0x6d	; 109	'm'
    000029B6 B6                   10775 	.db #0xb6	; 182
    000029B7 DB                   10776 	.db #0xdb	; 219
    000029B8 6D                   10777 	.db #0x6d	; 109	'm'
    000029B9 B6                   10778 	.db #0xb6	; 182
    000029BA DB                   10779 	.db #0xdb	; 219
    000029BB 6D                   10780 	.db #0x6d	; 109	'm'
    000029BC F7                   10781 	.db #0xf7	; 247
    000029BD DF                   10782 	.db #0xdf	; 223
    000029BE 7D                   10783 	.db #0x7d	; 125
    000029BF F7                   10784 	.db #0xf7	; 247
    000029C0 DF                   10785 	.db #0xdf	; 223
    000029C1 7D                   10786 	.db #0x7d	; 125
    000029C2 FA                   10787 	.db #0xfa	; 250
    000029C3 DF                   10788 	.db #0xdf	; 223
    000029C4 7D                   10789 	.db #0x7d	; 125
    000029C5 F7                   10790 	.db #0xf7	; 247
    000029C6 DF                   10791 	.db #0xdf	; 223
    000029C7 7D                   10792 	.db #0x7d	; 125
    000029C8 FA                   10793 	.db #0xfa	; 250
    000029C9 DF                   10794 	.db #0xdf	; 223
    000029CA 7D                   10795 	.db #0x7d	; 125
    000029CB F7                   10796 	.db #0xf7	; 247
    000029CC DF                   10797 	.db #0xdf	; 223
    000029CD 7E                   10798 	.db #0x7e	; 126
    000029CE 38                   10799 	.db #0x38	; 56	'8'
    000029CF E3                   10800 	.db #0xe3	; 227
    000029D0 8E                   10801 	.db #0x8e	; 142
    000029D1 38                   10802 	.db #0x38	; 56	'8'
    000029D2 E3                   10803 	.db #0xe3	; 227
    000029D3 8E                   10804 	.db #0x8e	; 142
    000029D4 38                   10805 	.db #0x38	; 56	'8'
    000029D5 DF                   10806 	.db #0xdf	; 223
    000029D6 7D                   10807 	.db #0x7d	; 125
    000029D7 F7                   10808 	.db #0xf7	; 247
    000029D8 DF                   10809 	.db #0xdf	; 223
    000029D9 7D                   10810 	.db #0x7d	; 125
    000029DA F7                   10811 	.db #0xf7	; 247
    000029DB DF                   10812 	.db #0xdf	; 223
    000029DC 7D                   10813 	.db #0x7d	; 125
    000029DD F7                   10814 	.db #0xf7	; 247
    000029DE DF                   10815 	.db #0xdf	; 223
    000029DF 6D                   10816 	.db #0x6d	; 109	'm'
    000029E0 F7                   10817 	.db #0xf7	; 247
    000029E1 DF                   10818 	.db #0xdf	; 223
    000029E2 7D                   10819 	.db #0x7d	; 125
    000029E3 F7                   10820 	.db #0xf7	; 247
    000029E4 DF                   10821 	.db #0xdf	; 223
    000029E5 7D                   10822 	.db #0x7d	; 125
    000029E6 B7                   10823 	.db #0xb7	; 183
    000029E7 DF                   10824 	.db #0xdf	; 223
    000029E8 7D                   10825 	.db #0x7d	; 125
    000029E9 F7                   10826 	.db #0xf7	; 247
    000029EA DF                   10827 	.db #0xdf	; 223
    000029EB 7D                   10828 	.db #0x7d	; 125
    000029EC F7                   10829 	.db #0xf7	; 247
    000029ED DF                   10830 	.db #0xdf	; 223
    000029EE AD                   10831 	.db #0xad	; 173
    000029EF FA                   10832 	.db #0xfa	; 250
    000029F0 EB                   10833 	.db #0xeb	; 235
    000029F1 7E                   10834 	.db #0x7e	; 126
    000029F2 BA                   10835 	.db #0xba	; 186
    000029F3 DF                   10836 	.db #0xdf	; 223
    000029F4 AD                   10837 	.db #0xad	; 173
    000029F5 F7                   10838 	.db #0xf7	; 247
    000029F6 DF                   10839 	.db #0xdf	; 223
    000029F7 7D                   10840 	.db #0x7d	; 125
    000029F8 F7                   10841 	.db #0xf7	; 247
    000029F9 E3                   10842 	.db #0xe3	; 227
    000029FA FF                   10843 	.db #0xff	; 255
    000029FB FF                   10844 	.db #0xff	; 255
    000029FC FF                   10845 	.db #0xff	; 255
    000029FD FF                   10846 	.db #0xff	; 255
    000029FE FF                   10847 	.db #0xff	; 255
    000029FF FF                   10848 	.db #0xff	; 255
    00002A00 8D                   10849 	.db #0x8d	; 141
    00002A01 F7                   10850 	.db #0xf7	; 247
    00002A02 DF                   10851 	.db #0xdf	; 223
    00002A03 7D                   10852 	.db #0x7d	; 125
    00002A04 F7                   10853 	.db #0xf7	; 247
    00002A05 DF                   10854 	.db #0xdf	; 223
    00002A06 7D                   10855 	.db #0x7d	; 125
    00002A07 F7                   10856 	.db #0xf7	; 247
    00002A08 DF                   10857 	.db #0xdf	; 223
    00002A09 7D                   10858 	.db #0x7d	; 125
    00002A0A F7                   10859 	.db #0xf7	; 247
    00002A0B DF                   10860 	.db #0xdf	; 223
    00002A0C 7D                   10861 	.db #0x7d	; 125
    00002A0D F7                   10862 	.db #0xf7	; 247
    00002A0E DF                   10863 	.db #0xdf	; 223
    00002A0F 7D                   10864 	.db #0x7d	; 125
    00002A10 F7                   10865 	.db #0xf7	; 247
    00002A11 DF                   10866 	.db #0xdf	; 223
    00002A12 7D                   10867 	.db #0x7d	; 125
    00002A13 F7                   10868 	.db #0xf7	; 247
    00002A14 DF                   10869 	.db #0xdf	; 223
    00002A15 7D                   10870 	.db #0x7d	; 125
    00002A16 F7                   10871 	.db #0xf7	; 247
    00002A17 DF                   10872 	.db #0xdf	; 223
    00002A18 7D                   10873 	.db #0x7d	; 125
    00002A19 FA                   10874 	.db #0xfa	; 250
    00002A1A DF                   10875 	.db #0xdf	; 223
    00002A1B 7E                   10876 	.db #0x7e	; 126
    00002A1C BA                   10877 	.db #0xba	; 186
    00002A1D EB                   10878 	.db #0xeb	; 235
    00002A1E 7D                   10879 	.db #0x7d	; 125
    00002A1F FA                   10880 	.db #0xfa	; 250
    00002A20 DF                   10881 	.db #0xdf	; 223
    00002A21 7D                   10882 	.db #0x7d	; 125
    00002A22 F7                   10883 	.db #0xf7	; 247
    00002A23 DF                   10884 	.db #0xdf	; 223
    00002A24 7E                   10885 	.db #0x7e	; 126
    00002A25 3F                   10886 	.db #0x3f	; 63
    00002A26 FB                   10887 	.db #0xfb	; 251
    00002A27 EF                   10888 	.db #0xef	; 239
    00002A28 BE                   10889 	.db #0xbe	; 190
    00002A29 FB                   10890 	.db #0xfb	; 251
    00002A2A EF                   10891 	.db #0xef	; 239
    00002A2B F8                   10892 	.db #0xf8	; 248
    00002A2C DF                   10893 	.db #0xdf	; 223
    00002A2D 7D                   10894 	.db #0x7d	; 125
    00002A2E F7                   10895 	.db #0xf7	; 247
    00002A2F DF                   10896 	.db #0xdf	; 223
    00002A30 7D                   10897 	.db #0x7d	; 125
    00002A31 F7                   10898 	.db #0xf7	; 247
    00002A32 DF                   10899 	.db #0xdf	; 223
    00002A33 7D                   10900 	.db #0x7d	; 125
    00002A34 F7                   10901 	.db #0xf7	; 247
    00002A35 DF                   10902 	.db #0xdf	; 223
    00002A36 7D                   10903 	.db #0x7d	; 125
    00002A37 F7                   10904 	.db #0xf7	; 247
    00002A38 DF                   10905 	.db #0xdf	; 223
    00002A39 7D                   10906 	.db #0x7d	; 125
    00002A3A F7                   10907 	.db #0xf7	; 247
    00002A3B DF                   10908 	.db #0xdf	; 223
    00002A3C 7D                   10909 	.db #0x7d	; 125
    00002A3D F7                   10910 	.db #0xf7	; 247
    00002A3E DF                   10911 	.db #0xdf	; 223
    00002A3F 7D                   10912 	.db #0x7d	; 125
    00002A40 F7                   10913 	.db #0xf7	; 247
    00002A41 DF                   10914 	.db #0xdf	; 223
    00002A42 7D                   10915 	.db #0x7d	; 125
    00002A43 F7                   10916 	.db #0xf7	; 247
    00002A44 DF                   10917 	.db #0xdf	; 223
    00002A45 7E                   10918 	.db #0x7e	; 126
    00002A46 B7                   10919 	.db #0xb7	; 183
    00002A47 DF                   10920 	.db #0xdf	; 223
    00002A48 7D                   10921 	.db #0x7d	; 125
    00002A49 F7                   10922 	.db #0xf7	; 247
    00002A4A EB                   10923 	.db #0xeb	; 235
    00002A4B 7D                   10924 	.db #0x7d	; 125
    00002A4C F7                   10925 	.db #0xf7	; 247
    00002A4D DF                   10926 	.db #0xdf	; 223
    00002A4E 7D                   10927 	.db #0x7d	; 125
    00002A4F F7                   10928 	.db #0xf7	; 247
    00002A50 E3                   10929 	.db #0xe3	; 227
    00002A51 FF                   10930 	.db #0xff	; 255
    00002A52 BD                   10931 	.db #0xbd	; 189
    00002A53 F7                   10932 	.db #0xf7	; 247
    00002A54 DF                   10933 	.db #0xdf	; 223
    00002A55 7E                   10934 	.db #0x7e	; 126
    00002A56 FF                   10935 	.db #0xff	; 255
    00002A57 8D                   10936 	.db #0x8d	; 141
    00002A58 F7                   10937 	.db #0xf7	; 247
    00002A59 DF                   10938 	.db #0xdf	; 223
    00002A5A 7D                   10939 	.db #0x7d	; 125
    00002A5B F7                   10940 	.db #0xf7	; 247
    00002A5C DF                   10941 	.db #0xdf	; 223
    00002A5D 7D                   10942 	.db #0x7d	; 125
    00002A5E F7                   10943 	.db #0xf7	; 247
    00002A5F DF                   10944 	.db #0xdf	; 223
    00002A60 7D                   10945 	.db #0x7d	; 125
    00002A61 F7                   10946 	.db #0xf7	; 247
    00002A62 DF                   10947 	.db #0xdf	; 223
    00002A63 7D                   10948 	.db #0x7d	; 125
    00002A64 F7                   10949 	.db #0xf7	; 247
    00002A65 DF                   10950 	.db #0xdf	; 223
    00002A66 7D                   10951 	.db #0x7d	; 125
    00002A67 F7                   10952 	.db #0xf7	; 247
    00002A68 DF                   10953 	.db #0xdf	; 223
    00002A69 7D                   10954 	.db #0x7d	; 125
    00002A6A F7                   10955 	.db #0xf7	; 247
    00002A6B DF                   10956 	.db #0xdf	; 223
    00002A6C 7D                   10957 	.db #0x7d	; 125
    00002A6D F7                   10958 	.db #0xf7	; 247
    00002A6E DF                   10959 	.db #0xdf	; 223
    00002A6F 7D                   10960 	.db #0x7d	; 125
    00002A70 F7                   10961 	.db #0xf7	; 247
    00002A71 DF                   10962 	.db #0xdf	; 223
    00002A72 AE                   10963 	.db #0xae	; 174
    00002A73 BA                   10964 	.db #0xba	; 186
    00002A74 EB                   10965 	.db #0xeb	; 235
    00002A75 AD                   10966 	.db #0xad	; 173
    00002A76 F7                   10967 	.db #0xf7	; 247
    00002A77 DF                   10968 	.db #0xdf	; 223
    00002A78 7D                   10969 	.db #0x7d	; 125
    00002A79 F7                   10970 	.db #0xf7	; 247
    00002A7A DF                   10971 	.db #0xdf	; 223
    00002A7B 7E                   10972 	.db #0x7e	; 126
    00002A7C 3F                   10973 	.db #0x3f	; 63
    00002A7D FB                   10974 	.db #0xfb	; 251
    00002A7E DF                   10975 	.db #0xdf	; 223
    00002A7F 7D                   10976 	.db #0x7d	; 125
    00002A80 F7                   10977 	.db #0xf7	; 247
    00002A81 EF                   10978 	.db #0xef	; 239
    00002A82 F8                   10979 	.db #0xf8	; 248
    00002A83 DF                   10980 	.db #0xdf	; 223
    00002A84 7D                   10981 	.db #0x7d	; 125
    00002A85 F7                   10982 	.db #0xf7	; 247
    00002A86 DF                   10983 	.db #0xdf	; 223
    00002A87 7D                   10984 	.db #0x7d	; 125
    00002A88 F7                   10985 	.db #0xf7	; 247
    00002A89 DF                   10986 	.db #0xdf	; 223
    00002A8A 7D                   10987 	.db #0x7d	; 125
    00002A8B F7                   10988 	.db #0xf7	; 247
    00002A8C DF                   10989 	.db #0xdf	; 223
    00002A8D 7D                   10990 	.db #0x7d	; 125
    00002A8E F7                   10991 	.db #0xf7	; 247
    00002A8F DF                   10992 	.db #0xdf	; 223
    00002A90 7D                   10993 	.db #0x7d	; 125
    00002A91 F7                   10994 	.db #0xf7	; 247
    00002A92 DF                   10995 	.db #0xdf	; 223
    00002A93 7D                   10996 	.db #0x7d	; 125
    00002A94 F7                   10997 	.db #0xf7	; 247
    00002A95 DF                   10998 	.db #0xdf	; 223
    00002A96 7D                   10999 	.db #0x7d	; 125
    00002A97 F7                   11000 	.db #0xf7	; 247
    00002A98 DF                   11001 	.db #0xdf	; 223
    00002A99 7D                   11002 	.db #0x7d	; 125
    00002A9A F7                   11003 	.db #0xf7	; 247
    00002A9B DF                   11004 	.db #0xdf	; 223
    00002A9C 7D                   11005 	.db #0x7d	; 125
    00002A9D F7                   11006 	.db #0xf7	; 247
    00002A9E DF                   11007 	.db #0xdf	; 223
    00002A9F 7D                   11008 	.db #0x7d	; 125
    00002AA0 F7                   11009 	.db #0xf7	; 247
    00002AA1 DF                   11010 	.db #0xdf	; 223
    00002AA2 7D                   11011 	.db #0x7d	; 125
    00002AA3 F7                   11012 	.db #0xf7	; 247
    00002AA4 DF                   11013 	.db #0xdf	; 223
    00002AA5 7D                   11014 	.db #0x7d	; 125
    00002AA6 F7                   11015 	.db #0xf7	; 247
    00002AA7 E3                   11016 	.db #0xe3	; 227
    00002AA8 FF                   11017 	.db #0xff	; 255
    00002AA9 BE                   11018 	.db #0xbe	; 190
    00002AAA FB                   11019 	.db #0xfb	; 251
    00002AAB EF                   11020 	.db #0xef	; 239
    00002AAC BE                   11021 	.db #0xbe	; 190
    00002AAD FF                   11022 	.db #0xff	; 255
    00002AAE 8D                   11023 	.db #0x8d	; 141
    00002AAF F7                   11024 	.db #0xf7	; 247
    00002AB0 DF                   11025 	.db #0xdf	; 223
    00002AB1 7D                   11026 	.db #0x7d	; 125
    00002AB2 F7                   11027 	.db #0xf7	; 247
    00002AB3 DF                   11028 	.db #0xdf	; 223
    00002AB4 7D                   11029 	.db #0x7d	; 125
    00002AB5 F7                   11030 	.db #0xf7	; 247
    00002AB6 DF                   11031 	.db #0xdf	; 223
    00002AB7 7D                   11032 	.db #0x7d	; 125
    00002AB8 F7                   11033 	.db #0xf7	; 247
    00002AB9 DF                   11034 	.db #0xdf	; 223
    00002ABA 7D                   11035 	.db #0x7d	; 125
    00002ABB F7                   11036 	.db #0xf7	; 247
    00002ABC DF                   11037 	.db #0xdf	; 223
    00002ABD 7D                   11038 	.db #0x7d	; 125
    00002ABE F7                   11039 	.db #0xf7	; 247
    00002ABF DF                   11040 	.db #0xdf	; 223
    00002AC0 7D                   11041 	.db #0x7d	; 125
    00002AC1 F7                   11042 	.db #0xf7	; 247
    00002AC2 DF                   11043 	.db #0xdf	; 223
    00002AC3 7D                   11044 	.db #0x7d	; 125
    00002AC4 F7                   11045 	.db #0xf7	; 247
    00002AC5 DF                   11046 	.db #0xdf	; 223
    00002AC6 7D                   11047 	.db #0x7d	; 125
    00002AC7 F7                   11048 	.db #0xf7	; 247
    00002AC8 DF                   11049 	.db #0xdf	; 223
    00002AC9 7D                   11050 	.db #0x7d	; 125
    00002ACA F7                   11051 	.db #0xf7	; 247
    00002ACB DF                   11052 	.db #0xdf	; 223
    00002ACC 7D                   11053 	.db #0x7d	; 125
    00002ACD F7                   11054 	.db #0xf7	; 247
    00002ACE DF                   11055 	.db #0xdf	; 223
    00002ACF 7D                   11056 	.db #0x7d	; 125
    00002AD0 F7                   11057 	.db #0xf7	; 247
    00002AD1 DF                   11058 	.db #0xdf	; 223
    00002AD2 7E                   11059 	.db #0x7e	; 126
    00002AD3 3F                   11060 	.db #0x3f	; 63
    00002AD4 FF                   11061 	.db #0xff	; 255
    00002AD5 FF                   11062 	.db #0xff	; 255
    00002AD6 FF                   11063 	.db #0xff	; 255
    00002AD7 FF                   11064 	.db #0xff	; 255
    00002AD8 FF                   11065 	.db #0xff	; 255
    00002AD9 F8                   11066 	.db #0xf8	; 248
    00002ADA DF                   11067 	.db #0xdf	; 223
    00002ADB 7D                   11068 	.db #0x7d	; 125
    00002ADC F7                   11069 	.db #0xf7	; 247
    00002ADD DF                   11070 	.db #0xdf	; 223
    00002ADE 7D                   11071 	.db #0x7d	; 125
    00002ADF F7                   11072 	.db #0xf7	; 247
    00002AE0 DF                   11073 	.db #0xdf	; 223
    00002AE1 7D                   11074 	.db #0x7d	; 125
    00002AE2 F7                   11075 	.db #0xf7	; 247
    00002AE3 DF                   11076 	.db #0xdf	; 223
    00002AE4 7D                   11077 	.db #0x7d	; 125
    00002AE5 F7                   11078 	.db #0xf7	; 247
    00002AE6 DF                   11079 	.db #0xdf	; 223
    00002AE7 7D                   11080 	.db #0x7d	; 125
    00002AE8 F7                   11081 	.db #0xf7	; 247
    00002AE9 DF                   11082 	.db #0xdf	; 223
    00002AEA 7D                   11083 	.db #0x7d	; 125
    00002AEB F7                   11084 	.db #0xf7	; 247
    00002AEC DF                   11085 	.db #0xdf	; 223
    00002AED 7D                   11086 	.db #0x7d	; 125
    00002AEE F7                   11087 	.db #0xf7	; 247
    00002AEF DF                   11088 	.db #0xdf	; 223
    00002AF0 7D                   11089 	.db #0x7d	; 125
    00002AF1 F7                   11090 	.db #0xf7	; 247
    00002AF2 DF                   11091 	.db #0xdf	; 223
    00002AF3 7D                   11092 	.db #0x7d	; 125
    00002AF4 F7                   11093 	.db #0xf7	; 247
    00002AF5 DF                   11094 	.db #0xdf	; 223
    00002AF6 7D                   11095 	.db #0x7d	; 125
    00002AF7 F7                   11096 	.db #0xf7	; 247
    00002AF8 DF                   11097 	.db #0xdf	; 223
    00002AF9 7D                   11098 	.db #0x7d	; 125
    00002AFA F7                   11099 	.db #0xf7	; 247
    00002AFB DF                   11100 	.db #0xdf	; 223
    00002AFC 7D                   11101 	.db #0x7d	; 125
    00002AFD 37                   11102 	.db #0x37	; 55	'7'
    00002AFE E3                   11103 	.db #0xe3	; 227
    00002AFF 8E                   11104 	.db #0x8e	; 142
    00002B00 38                   11105 	.db #0x38	; 56	'8'
    00002B01 E3                   11106 	.db #0xe3	; 227
    00002B02 8E                   11107 	.db #0x8e	; 142
    00002B03 38                   11108 	.db #0x38	; 56	'8'
    00002B04 E3                   11109 	.db #0xe3	; 227
    00002B05 8D                   11110 	.db #0x8d	; 141
    00002B06 F7                   11111 	.db #0xf7	; 247
    00002B07 DF                   11112 	.db #0xdf	; 223
    00002B08 7D                   11113 	.db #0x7d	; 125
    00002B09 F7                   11114 	.db #0xf7	; 247
    00002B0A DF                   11115 	.db #0xdf	; 223
    00002B0B 7D                   11116 	.db #0x7d	; 125
    00002B0C F7                   11117 	.db #0xf7	; 247
    00002B0D DF                   11118 	.db #0xdf	; 223
    00002B0E 7D                   11119 	.db #0x7d	; 125
    00002B0F F7                   11120 	.db #0xf7	; 247
    00002B10 DF                   11121 	.db #0xdf	; 223
    00002B11 7D                   11122 	.db #0x7d	; 125
    00002B12 F7                   11123 	.db #0xf7	; 247
    00002B13 DF                   11124 	.db #0xdf	; 223
    00002B14 7D                   11125 	.db #0x7d	; 125
    00002B15 F7                   11126 	.db #0xf7	; 247
    00002B16 DF                   11127 	.db #0xdf	; 223
    00002B17 7D                   11128 	.db #0x7d	; 125
    00002B18 F7                   11129 	.db #0xf7	; 247
    00002B19 DF                   11130 	.db #0xdf	; 223
    00002B1A 7D                   11131 	.db #0x7d	; 125
    00002B1B F7                   11132 	.db #0xf7	; 247
    00002B1C DF                   11133 	.db #0xdf	; 223
    00002B1D 7D                   11134 	.db #0x7d	; 125
    00002B1E F7                   11135 	.db #0xf7	; 247
    00002B1F DF                   11136 	.db #0xdf	; 223
    00002B20 7D                   11137 	.db #0x7d	; 125
    00002B21 F7                   11138 	.db #0xf7	; 247
    00002B22 DF                   11139 	.db #0xdf	; 223
    00002B23 7D                   11140 	.db #0x7d	; 125
    00002B24 F7                   11141 	.db #0xf7	; 247
    00002B25 DF                   11142 	.db #0xdf	; 223
    00002B26 7D                   11143 	.db #0x7d	; 125
    00002B27 F7                   11144 	.db #0xf7	; 247
    00002B28 DF                   11145 	.db #0xdf	; 223
    00002B29 70                   11146 	.db #0x70	; 112	'p'
    00002B2A                      11147 _dandy_levels:
    00002B2Ar00r00                11148 	.dw _dandy_level_0
    00002B2Cr65r01                11149 	.dw _dandy_level_1
    00002B2ErA8r02                11150 	.dw _dandy_level_2
    00002B30r2Fr04                11151 	.dw _dandy_level_3
    00002B32rAEr05                11152 	.dw _dandy_level_4
    00002B34r3Er08                11153 	.dw _dandy_level_5
    00002B36rA0r0A                11154 	.dw _dandy_level_6
    00002B38r39r0C                11155 	.dw _dandy_level_7
    00002B3ArBFr0D                11156 	.dw _dandy_level_8
    00002B3CrABr0F                11157 	.dw _dandy_level_9
    00002B3Er11r11                11158 	.dw _dandy_level_10
    00002B40r35r12                11159 	.dw _dandy_level_11
    00002B42r97r13                11160 	.dw _dandy_level_12
    00002B44r16r15                11161 	.dw _dandy_level_13
    00002B46rD7r16                11162 	.dw _dandy_level_14
    00002B48r5Cr18                11163 	.dw _dandy_level_15
    00002B4ArCEr19                11164 	.dw _dandy_level_16
    00002B4CrFEr1A                11165 	.dw _dandy_level_17
    00002B4ErC2r1C                11166 	.dw _dandy_level_18
    00002B50rE2r1D                11167 	.dw _dandy_level_19
    00002B52r12r1F                11168 	.dw _dandy_level_20
    00002B54rBBr20                11169 	.dw _dandy_level_21
    00002B56r49r22                11170 	.dw _dandy_level_22
    00002B58r9Br23                11171 	.dw _dandy_level_23
    00002B5ArD7r24                11172 	.dw _dandy_level_24
    00002B5Cr6Ar26                11173 	.dw _dandy_level_25
    00002B5E                      11174 _dandy_level_sizes:
    00002B5E 65 01                11175 	.dw #0x0165
    00002B60 43 01                11176 	.dw #0x0143
    00002B62 87 01                11177 	.dw #0x0187
    00002B64 7F 01                11178 	.dw #0x017f
    00002B66 90 02                11179 	.dw #0x0290
    00002B68 62 02                11180 	.dw #0x0262
    00002B6A 99 01                11181 	.dw #0x0199
    00002B6C 86 01                11182 	.dw #0x0186
    00002B6E EC 01                11183 	.dw #0x01ec
    00002B70 66 01                11184 	.dw #0x0166
    00002B72 24 01                11185 	.dw #0x0124
    00002B74 62 01                11186 	.dw #0x0162
    00002B76 7F 01                11187 	.dw #0x017f
    00002B78 C1 01                11188 	.dw #0x01c1
    00002B7A 85 01                11189 	.dw #0x0185
    00002B7C 72 01                11190 	.dw #0x0172
    00002B7E 30 01                11191 	.dw #0x0130
    00002B80 C4 01                11192 	.dw #0x01c4
    00002B82 20 01                11193 	.dw #0x0120
    00002B84 30 01                11194 	.dw #0x0130
    00002B86 A9 01                11195 	.dw #0x01a9
    00002B88 8E 01                11196 	.dw #0x018e
    00002B8A 52 01                11197 	.dw #0x0152
    00002B8C 3C 01                11198 	.dw #0x013c
    00002B8E 93 01                11199 	.dw #0x0193
    00002B90 C0 04                11200 	.dw #0x04c0
                                  11201 	.area _INITIALIZER
                                  11202 	.area _CABS (ABS)
